

        TIME                    RATE            ERROR
        s                       count/s         count/s
      1   0.000000000000000E+00   4.1288826E-01   2.3838115E-01
      2   6.000000000000000E+01   1.0391399E-01   5.9994768E-02
      3   1.200000000000000E+02   1.0401405E-01   6.0052536E-02
      4   1.800000000000000E+02   3.1205314E-01   1.0401771E-01
      5   2.400000000000000E+02   1.3883089E-01   6.9415443E-02
      6   3.000000000000000E+02   3.4613940E-01   1.0945889E-01
      7   3.600000000000000E+02   2.0765238E-01   8.4773727E-02
      8   4.200000000000000E+02   3.1234136E-01   1.0411379E-01
      9   4.800000000000000E+02   1.3857855E-01   6.9289275E-02
     10   5.400000000000000E+02   2.0815182E-01   8.4977627E-02
     11   6.000000000000000E+02   3.8128862E-01   1.1496285E-01
     12   6.600000000000000E+02   4.1548330E-01   1.1993969E-01
     13   7.200000000000000E+02   2.4313489E-01   9.1896348E-02
     14   7.800000000000000E+02   2.7777112E-01   9.8206922E-02
     15   8.400000000000000E+02   2.4250057E-01   9.1656603E-02
     16   9.000000000000000E+02   3.1163025E-01   1.0387675E-01
     17   9.600000000000000E+02   2.4251674E-01   9.1662712E-02
     18   1.020000000000000E+03   3.4662199E-01   1.0961150E-01
     19   1.080000000000000E+03   2.0800468E-01   8.4917553E-02
     20   1.140000000000000E+03   3.4612489E-01   1.0945430E-01
     21   1.200000000000000E+03   2.0764947E-01   8.4772542E-02
     22   1.260000000000000E+03   2.0725544E-01   8.4611684E-02
     23   1.320000000000000E+03   2.4180630E-01   9.1394186E-02
     24   1.380000000000000E+03   2.0740378E-01   8.4672242E-02
     25   1.440000000000000E+03   4.1672829E-01   1.2029909E-01
     26   1.500000000000000E+03   2.7709004E-01   9.7966120E-02
     27   1.560000000000000E+03   2.0705709E-01   8.4530704E-02
     28   1.620000000000000E+03   2.0809390E-01   8.4953979E-02
     29   1.680000000000000E+03   3.1134200E-01   1.0378066E-01
     30   1.740000000000000E+03   1.3844448E-01   6.9222242E-02
     31   1.800000000000000E+03   2.0833096E-01   8.5050762E-02
     32   1.860000000000000E+03   3.1276962E-01   1.0425654E-01
     33   1.920000000000000E+03   3.4742695E-01   1.0986605E-01
     34   1.980000000000000E+03   3.4826055E-01   1.1012965E-01
     35   2.040000000000000E+03   1.7368701E-01   7.7675194E-02
     36   2.100000000000000E+03   4.1725636E-01   1.2045153E-01
     37   2.160000000000000E+03   4.1650096E-01   1.2023347E-01
     38   2.220000000000000E+03   2.4331848E-01   9.1965742E-02
     39   2.280000000000000E+03   3.1290510E-01   1.0430170E-01
     40   2.340000000000000E+03   2.0913008E-01   8.5377000E-02
     41   2.400000000000000E+03   3.1391913E-01   1.0463970E-01
     42   2.460000000000000E+03   2.1002398E-01   8.5741937E-02
     43   2.520000000000000E+03   3.1387061E-01   1.0462353E-01
     44   2.580000000000000E+03   1.7567341E-01   7.8563541E-02
     45   2.640000000000000E+03   3.8879710E-01   1.1722674E-01
     46   2.700000000000000E+03   2.1205094E-01   8.6569436E-02
     47   2.760000000000000E+03   2.4798878E-01   9.3730949E-02
     48   2.820000000000000E+03   4.2270949E-01   1.2202572E-01
     49   2.880000000000000E+03   2.8044719E-01   9.9153057E-02
     50   2.940000000000000E+03   6.6261786E-01   1.5201497E-01
     51   3.000000000000000E+03   2.7759609E-01   9.8145030E-02
     52   3.060000000000000E+03   2.4282227E-01   9.1778196E-02
     53   3.120000000000000E+03   2.7875391E-01   9.8554388E-02
     54   3.180000000000000E+03   1.7353106E-01   7.7605449E-02
     55   3.240000000000000E+03   2.8185639E-01   9.9651285E-02
     56   3.300000000000000E+03   2.7711678E-01   1.9595116E-01
     57   5.760000000000000E+03   0.0000000E+00   0.0000000E+00
     58   5.820000000000000E+03   0.0000000E+00   0.0000000E+00
     59   5.880000000000000E+03   2.5839642E-01   1.0548990E-01
     60   5.940000000000000E+03   3.1261674E-01   1.0420558E-01
     61   6.000000000000000E+03   2.4194548E-01   9.1446795E-02
     62   6.060000000000000E+03   2.0821477E-01   8.5003331E-02
     63   6.120000000000000E+03   4.4923931E-01   1.2459657E-01
     64   6.180000000000000E+03   3.7993431E-01   1.1455451E-01
     65   6.240000000000000E+03   2.0774655E-01   8.4812179E-02
     66   6.300000000000000E+03   2.4247260E-01   9.1646031E-02
     67   6.360000000000000E+03   2.0738797E-01   8.4665783E-02
     68   6.420000000000000E+03   4.4991404E-01   1.2478369E-01
     69   6.480000000000000E+03   1.7289589E-01   7.7321395E-02
     70   6.540000000000000E+03   2.4226992E-01   9.1569424E-02
     71   6.600000000000000E+03   4.5094559E-01   1.2506980E-01
     72   6.660000000000000E+03   3.8031611E-01   1.1466963E-01
     73   6.720000000000000E+03   3.1158194E-01   1.0386065E-01
     74   6.780000000000000E+03   2.4249145E-01   9.1653153E-02
     75   6.840000000000000E+03   3.4657997E-01   1.0959820E-01
     76   6.900000000000000E+03   4.1445935E-01   1.1964411E-01
     77   6.960000000000000E+03   2.7626207E-01   9.7673394E-02
     78   7.020000000000000E+03   3.4588420E-01   1.0937819E-01
     79   7.080000000000000E+03   2.7653858E-01   9.7771153E-02
     80   7.140000000000000E+03   5.1796192E-01   1.3373719E-01
     81   7.200000000000000E+03   2.7689502E-01   9.7897165E-02
     82   7.260000000000000E+03   1.7285283E-01   7.7302136E-02
     83   7.320000000000000E+03   2.4181850E-01   9.1398805E-02
     84   7.380000000000000E+03   3.7992212E-01   1.1455083E-01
     85   7.440000000000000E+03   4.1507515E-01   1.1982188E-01
     86   7.500000000000000E+03   2.7638522E-01   9.7716928E-02
     87   7.560000000000000E+03   6.5665013E-01   1.5064588E-01
     88   7.620000000000000E+03   4.4842017E-01   1.2436938E-01
     89   7.680000000000000E+03   1.3837430E-01   6.9187149E-02
     90   7.740000000000000E+03   2.4156976E-01   9.1304787E-02
     91   7.800000000000000E+03   2.4327892E-01   9.1950789E-02
     92   7.860000000000000E+03   1.3868362E-01   6.9341809E-02
     93   7.920000000000000E+03   1.7284523E-01   7.7298738E-02
     94   7.980000000000000E+03   2.7740175E-01   9.8076321E-02
     95   8.040000000000000E+03   3.1248766E-01   1.0416256E-01
     96   8.100000000000000E+03   3.4622398E-01   1.0948563E-01
     97   8.160000000000000E+03   2.7690172E-01   9.7899541E-02
     98   8.220000000000000E+03   2.7731466E-01   9.8045535E-02
     99   8.280000000000000E+03   1.7291005E-01   7.7327721E-02
    100   8.340000000000000E+03   1.3870983E-01   6.9354914E-02
    101   8.400000000000000E+03   3.8210461E-01   1.1520887E-01
    102   8.460000000000000E+03   3.1335562E-01   1.0445187E-01
    103   8.520000000000000E+03   3.1116688E-01   1.0372229E-01
    104   8.580000000000000E+03   2.7739224E-01   9.8072961E-02
    105   8.640000000000000E+03   2.4249710E-01   9.1655292E-02
    106   8.700000000000000E+03   2.4196920E-01   9.1455765E-02
    107   8.760000000000000E+03   3.8385043E-01   1.1573526E-01
    108   8.820000000000000E+03   5.0046289E-01   1.3375433E-01
    109   8.880000000000000E+03   3.2697171E-01   1.0899056E-01
    110   8.940000000000000E+03   2.9483205E-01   1.0423887E-01
    111   9.000000000000000E+03   2.3901059E-01   9.7575665E-02
    112   9.060000000000000E+03   3.8771820E-01   1.3707907E-01
    113   1.158000000000000E+04   0.0000000E+00   0.0000000E+00
    114   1.164000000000000E+04   4.1685373E-01   1.2568614E-01
    115   1.170000000000000E+04   2.4182250E-01   9.1400310E-02
    116   1.176000000000000E+04   2.4250662E-01   9.1658890E-02
    117   1.182000000000000E+04   2.7648291E-01   9.7751461E-02
    118   1.188000000000000E+04   3.4498495E-01   1.0909382E-01
    119   1.194000000000000E+04   6.9163702E-02   4.8906121E-02
    120   1.200000000000000E+04   3.8119486E-01   1.1493458E-01
    121   1.206000000000000E+04   4.8358548E-01   1.2924366E-01
    122   1.212000000000000E+04   4.4892633E-01   1.2450975E-01
    123   1.218000000000000E+04   3.1149098E-01   1.0383032E-01
    124   1.224000000000000E+04   2.4231531E-01   9.1586575E-02
    125   1.230000000000000E+04   3.1192505E-01   1.0397501E-01
    126   1.236000000000000E+04   4.5036638E-01   1.2490916E-01
    127   1.242000000000000E+04   4.5003495E-01   1.2481723E-01
    128   1.248000000000000E+04   2.7612418E-01   9.7624637E-02
    129   1.254000000000000E+04   1.0361086E-01   5.9819754E-02
    130   1.260000000000000E+04   3.4498912E-01   1.0909514E-01
    131   1.266000000000000E+04   2.0717208E-01   8.4577650E-02
    132   1.272000000000000E+04   2.7597383E-01   9.7571477E-02
    133   1.278000000000000E+04   4.1502473E-01   1.1980731E-01
    134   1.284000000000000E+04   3.1202018E-01   1.0400673E-01
    135   1.290000000000000E+04   1.3800704E-01   6.9003522E-02
    136   1.296000000000000E+04   3.1132954E-01   1.0377651E-01
    137   1.302000000000000E+04   1.3818853E-01   6.9094263E-02
    138   1.308000000000000E+04   1.7275539E-01   7.7258557E-02
    139   1.314000000000000E+04   1.7224225E-01   7.7029072E-02
    140   1.320000000000000E+04   3.8051784E-01   1.1473045E-01
    141   1.326000000000000E+04   3.4596646E-01   1.0940421E-01
    142   1.332000000000000E+04   3.1122202E-01   1.0374067E-01
    143   1.338000000000000E+04   1.0358913E-01   5.9807211E-02
    144   1.344000000000000E+04   2.4149457E-01   9.1276370E-02
    145   1.350000000000000E+04   4.4913399E-01   1.2456735E-01
    146   1.356000000000000E+04   4.1408822E-01   1.1953697E-01
    147   1.362000000000000E+04   3.8026524E-01   1.1465429E-01
    148   1.368000000000000E+04   2.0744628E-01   8.4689587E-02
    149   1.374000000000000E+04   3.8062561E-01   1.1476294E-01
    150   1.380000000000000E+04   1.0380786E-01   5.9933495E-02
    151   1.386000000000000E+04   2.0787163E-01   8.4863238E-02
    152   1.392000000000000E+04   3.1239381E-01   1.0413127E-01
    153   1.398000000000000E+04   1.7284951E-01   7.7300653E-02
    154   1.404000000000000E+04   2.7728683E-01   9.8035701E-02
    155   1.410000000000000E+04   2.4287997E-01   9.1799997E-02
    156   1.416000000000000E+04   2.4278590E-01   9.1764450E-02
    157   1.422000000000000E+04   1.7353110E-01   7.7605471E-02
    158   1.428000000000000E+04   3.1280172E-01   1.0426723E-01
    159   1.434000000000000E+04   4.1661653E-01   1.2026683E-01
    160   1.440000000000000E+04   2.0788574E-01   8.4868997E-02
    161   1.446000000000000E+04   3.8170668E-01   1.1508890E-01
    162   1.452000000000000E+04   1.7319833E-01   7.7456646E-02
    163   1.458000000000000E+04   3.7985364E-01   1.1453018E-01
    164   1.464000000000000E+04   4.5006779E-01   1.2482634E-01
    165   1.470000000000000E+04   2.4231043E-01   9.1584735E-02
    166   1.476000000000000E+04   3.1170082E-01   1.0390027E-01
    167   1.482000000000000E+04   3.1201261E-01   1.0400420E-01
    168   1.488000000000000E+04   2.9305962E-01   1.3106023E-01
    169   1.734000000000000E+04   0.0000000E+00   0.0000000E+00
    170   1.740000000000000E+04   5.6205302E-01   2.1243607E-01
    171   1.746000000000000E+04   2.7681082E-01   9.7867407E-02
    172   1.752000000000000E+04   6.2207466E-01   1.4662440E-01
    173   1.758000000000000E+04   4.1506451E-01   1.1981880E-01
    174   1.764000000000000E+04   2.0715764E-01   8.4571756E-02
    175   1.770000000000000E+04   3.8059726E-01   1.1475440E-01
    176   1.776000000000000E+04   4.4980684E-01   1.2475397E-01
    177   1.782000000000000E+04   2.7647126E-01   9.7747341E-02
    178   1.788000000000000E+04   2.7596489E-01   9.7568318E-02
    179   1.794000000000000E+04   2.4154276E-01   9.1294579E-02
    180   1.800000000000000E+04   2.0685947E-01   8.4450029E-02
    181   1.806000000000000E+04   3.7972853E-01   1.1449246E-01
    182   1.812000000000000E+04   2.7590498E-01   9.7547144E-02
    183   1.818000000000000E+04   2.7634820E-01   9.7703837E-02
    184   1.824000000000000E+04   2.4087724E-01   9.1043040E-02
    185   1.830000000000000E+04   3.7943476E-01   1.1440389E-01
    186   1.836000000000000E+04   3.7884286E-01   1.1422542E-01
    187   1.842000000000000E+04   3.4428793E-01   1.0887340E-01
    188   1.848000000000000E+04   3.7996975E-01   1.1456519E-01
    189   1.854000000000000E+04   2.4189034E-01   9.1425955E-02
    190   1.860000000000000E+04   3.1044790E-01   1.0348263E-01
    191   1.866000000000000E+04   4.1490877E-01   1.1977384E-01
    192   1.872000000000000E+04   2.7571455E-01   9.7479813E-02
    193   1.878000000000000E+04   4.8424351E-01   1.2941952E-01
    194   1.884000000000000E+04   4.1388872E-01   1.1947937E-01
    195   1.890000000000000E+04   3.7903970E-01   1.1428478E-01
    196   1.896000000000000E+04   3.4604779E-01   1.0942991E-01
    197   1.902000000000000E+04   5.5323583E-01   1.3830896E-01
    198   1.908000000000000E+04   4.4948703E-01   1.2466527E-01
    199   1.914000000000000E+04   3.1132287E-01   1.0377428E-01
    200   1.920000000000000E+04   4.1510785E-01   1.1983132E-01
    201   1.926000000000000E+04   4.8361614E-01   1.2925185E-01
    202   1.932000000000000E+04   2.7662617E-01   9.7802117E-02
    203   1.938000000000000E+04   3.7985814E-01   1.1453155E-01
    204   1.944000000000000E+04   5.8809954E-01   1.4263509E-01
    205   1.950000000000000E+04   4.1530368E-01   1.1988784E-01
    206   1.956000000000000E+04   3.4572440E-01   1.0932765E-01
    207   1.962000000000000E+04   4.1516596E-01   1.1984809E-01
    208   1.968000000000000E+04   3.1053162E-01   1.0351054E-01
    209   1.974000000000000E+04   4.8490149E-01   1.2959537E-01
    210   1.980000000000000E+04   3.1169030E-01   1.0389677E-01
    211   1.986000000000000E+04   4.4919515E-01   1.2458432E-01
    212   1.992000000000000E+04   4.4966951E-01   1.2471588E-01
    213   1.998000000000000E+04   1.0396498E-01   6.0024213E-02
    214   2.004000000000000E+04   4.8586601E-01   1.2985316E-01
    215   2.010000000000000E+04   2.4236023E-01   9.1603555E-02
    216   2.016000000000000E+04   3.4661406E-01   1.0960899E-01
    217   2.022000000000000E+04   2.9016483E-01   1.0258877E-01
    218   2.058000000000000E+04   0.0000000E+00   0.0000000E+00
    219   2.064000000000000E+04   2.7736723E-01   9.8064117E-02
    220   2.070000000000000E+04   3.7848997E-01   2.1852128E-01
    221   2.316000000000000E+04   0.0000000E+00   0.0000000E+00
    222   2.322000000000000E+04   1.9243076E-01   1.3606910E-01
    223   2.328000000000000E+04   4.4756749E-01   1.2413288E-01
    224   2.334000000000000E+04   5.5332971E-01   1.3833243E-01
    225   2.340000000000000E+04   2.0749618E-01   8.4709965E-02
    226   2.346000000000000E+04   1.3819101E-01   6.9095507E-02
    227   2.352000000000000E+04   4.1362604E-01   1.1940355E-01
    228   2.358000000000000E+04   3.1134495E-01   1.0378165E-01
    229   2.364000000000000E+04   3.1050584E-01   1.0350194E-01
    230   2.370000000000000E+04   2.7651337E-01   9.7762227E-02
    231   2.376000000000000E+04   5.1745498E-01   1.3360630E-01
    232   2.382000000000000E+04   4.4947278E-01   1.2466131E-01
    233   2.388000000000000E+04   3.7935808E-01   1.1438077E-01
    234   2.394000000000000E+04   3.7949613E-01   1.1442240E-01
    235   2.400000000000000E+04   2.7592483E-01   9.7554162E-02
    236   2.406000000000000E+04   3.7905863E-01   1.1429048E-01
    237   2.412000000000000E+04   2.4103017E-01   9.1100842E-02
    238   2.418000000000000E+04   5.1619488E-01   1.3328095E-01
    239   2.424000000000000E+04   2.4086970E-01   9.1040194E-02
    240   2.430000000000000E+04   4.4871569E-01   1.2445134E-01
    241   2.436000000000000E+04   6.8996839E-02   4.8788130E-02
    242   2.442000000000000E+04   1.7237903E-01   7.7090248E-02
    243   2.448000000000000E+04   3.1022057E-01   1.0340685E-01
    244   2.454000000000000E+04   2.0623168E-01   8.4193736E-02
    245   2.460000000000000E+04   2.4088573E-01   9.1046251E-02
    246   2.466000000000000E+04   2.0680028E-01   8.4425867E-02
    247   2.472000000000000E+04   3.1038326E-01   1.0346109E-01
    248   2.478000000000000E+04   4.1411909E-01   1.1954588E-01
    249   2.484000000000000E+04   4.1578358E-01   1.2002638E-01
    250   2.490000000000000E+04   4.8475617E-01   1.2955654E-01
    251   2.496000000000000E+04   2.4188785E-01   9.1425017E-02
    252   2.502000000000000E+04   1.7286712E-01   7.7308528E-02
    253   2.508000000000000E+04   4.8353705E-01   1.2923071E-01
    254   2.514000000000000E+04   4.1466224E-01   1.1970267E-01
    255   2.520000000000000E+04   3.8000515E-01   1.1457587E-01
    256   2.526000000000000E+04   3.7992418E-01   1.1455145E-01
    257   2.532000000000000E+04   2.4167103E-01   9.1343068E-02
    258   2.538000000000000E+04   1.7284134E-01   7.7296995E-02
    259   2.544000000000000E+04   3.8044900E-01   1.1470970E-01
    260   2.550000000000000E+04   2.0752752E-01   8.4722757E-02
    261   2.556000000000000E+04   4.1625705E-01   1.2016305E-01
    262   2.562000000000000E+04   3.1169894E-01   1.0389965E-01
    263   2.568000000000000E+04   2.7651364E-01   9.7762324E-02
    264   2.574000000000000E+04   3.4642252E-01   1.0954842E-01
    265   2.580000000000000E+04   3.7998074E-01   1.1456851E-01
    266   2.586000000000000E+04   1.7285249E-01   7.7301987E-02
    267   2.592000000000000E+04   4.1507387E-01   1.1982150E-01
    268   2.598000000000000E+04   2.0761739E-01   8.4759444E-02
    269   2.604000000000000E+04   1.7275755E-01   7.7259526E-02
    270   2.610000000000000E+04   4.8484412E-01   1.2958004E-01
    271   2.616000000000000E+04   2.7656946E-01   9.7782061E-02
    272   2.622000000000000E+04   4.8362741E-01   1.2925486E-01
    273   2.628000000000000E+04   2.4299984E-01   9.1845304E-02
    274   2.634000000000000E+04   2.4302436E-01   9.1854580E-02
    275   2.640000000000000E+04   3.1128395E-01   1.0376131E-01
    276   2.646000000000000E+04   1.4576326E-01   7.2881632E-02
    277   2.898000000000000E+04   2.9242533E-01   1.1938214E-01
    278   2.904000000000000E+04   4.1341731E-01   1.1934329E-01
    279   2.910000000000000E+04   1.7303298E-01   7.7382706E-02
    280   2.916000000000000E+04   4.4794154E-01   1.2423662E-01
    281   2.922000000000000E+04   3.7956131E-01   1.1444204E-01
    282   2.928000000000000E+04   2.4175039E-01   9.1373056E-02
    283   2.934000000000000E+04   2.4112429E-01   9.1136418E-02
    284   2.940000000000000E+04   2.0653242E-01   8.4316507E-02
    285   2.946000000000000E+04   3.4384412E-01   1.0873306E-01
    286   2.952000000000000E+04   3.4377688E-01   1.0871179E-01
    287   2.958000000000000E+04   2.7568087E-01   9.7467899E-02
    288   2.964000000000000E+04   3.0928060E-01   1.0309353E-01
    289   2.970000000000000E+04   2.0602441E-01   8.4109113E-02
    290   2.976000000000000E+04   3.0947390E-01   1.0315797E-01
    291   2.982000000000000E+04   3.4283283E-01   1.0841326E-01
    292   2.988000000000000E+04   3.4379044E-01   1.0871609E-01
    293   2.994000000000000E+04   4.4560003E-01   1.2358721E-01
    294   3.000000000000000E+04   3.7635306E-01   1.1347472E-01
    295   3.006000000000000E+04   2.0558214E-01   8.3928555E-02
    296   3.012000000000000E+04   1.7140722E-01   7.6655641E-02
    297   3.018000000000000E+04   2.4005350E-01   9.0731695E-02
    298   3.024000000000000E+04   3.4335753E-01   1.0857918E-01
    299   3.030000000000000E+04   2.0647696E-01   8.4293872E-02
    300   3.036000000000000E+04   4.8099899E-01   1.2855239E-01
    301   3.042000000000000E+04   2.7451730E-01   9.7056516E-02
    302   3.048000000000000E+04   2.7449214E-01   9.7047627E-02
    303   3.054000000000000E+04   1.3779956E-01   6.8899781E-02
    304   3.060000000000000E+04   1.7194748E-01   7.6897249E-02
    305   3.066000000000000E+04   3.7878016E-01   1.1420652E-01
    306   3.072000000000000E+04   3.1062785E-01   1.0354261E-01
    307   3.078000000000000E+04   4.1417620E-01   1.1956237E-01
    308   3.084000000000000E+04   6.5578109E-01   1.5044650E-01
    309   3.090000000000000E+04   3.1096482E-01   1.0365494E-01
    310   3.096000000000000E+04   3.4469163E-01   1.0900106E-01
    311   3.102000000000000E+04   4.1449350E-01   1.1965396E-01
    312   3.108000000000000E+04   3.4522879E-01   1.0917093E-01
    313   3.114000000000000E+04   4.8227912E-01   1.2889452E-01
    314   3.120000000000000E+04   3.1105921E-01   1.0368640E-01
    315   3.126000000000000E+04   2.7619389E-01   9.7649276E-02
    316   3.132000000000000E+04   4.1457334E-01   1.1967701E-01
    317   3.138000000000000E+04   1.7266388E-01   7.7217638E-02
    318   3.144000000000000E+04   2.4163803E-01   9.1330595E-02
    319   3.150000000000000E+04   3.7946153E-01   1.1441197E-01
    320   3.156000000000000E+04   3.1074071E-01   1.0358023E-01
    321   3.162000000000000E+04   3.4549093E-01   1.0925382E-01
    322   3.168000000000000E+04   2.4189755E-01   9.1428682E-02
    323   3.174000000000000E+04   4.1370845E-01   1.1942734E-01
    324   3.180000000000000E+04   3.1125879E-01   1.0375293E-01
    325   3.186000000000000E+04   2.0799434E-01   8.4913336E-02
    326   3.192000000000000E+04   6.5813833E-01   1.5098730E-01
    327   3.198000000000000E+04   2.0751239E-01   8.4716581E-02
    328   3.204000000000000E+04   2.4212022E-01   9.1512844E-02
    329   3.210000000000000E+04   2.7722731E-01   9.8014645E-02
    330   3.216000000000000E+04   2.0758377E-01   8.4745720E-02
    331   3.222000000000000E+04   2.7679753E-01   9.7862706E-02
    332   3.228000000000000E+04   2.7733091E-01   1.2402614E-01
    333   3.480000000000000E+04   3.0789012E-01   3.0789012E-01
    334   3.486000000000000E+04   2.7584052E-01   1.0425790E-01
    335   3.492000000000000E+04   4.8364332E-01   1.2925912E-01
    336   3.498000000000000E+04   4.8328203E-01   1.2916255E-01
    337   3.504000000000000E+04   3.4471709E-01   1.0900911E-01
    338   3.510000000000000E+04   1.7250128E-01   7.7144913E-02
    339   3.516000000000000E+04   3.4524173E-01   1.0917502E-01
    340   3.522000000000000E+04   2.0663930E-01   8.4360145E-02
    341   3.528000000000000E+04   3.1031811E-01   1.0343937E-01
    342   3.534000000000000E+04   1.0342631E-01   5.9713211E-02
    343   3.540000000000000E+04   3.4406626E-01   1.0880331E-01
    344   3.546000000000000E+04   3.7764621E-01   1.1386462E-01
    345   3.552000000000000E+04   4.1480109E-01   1.1974276E-01
    346   3.558000000000000E+04   3.4438428E-01   1.0890387E-01
    347   3.564000000000000E+04   2.7482957E-01   9.7166926E-02
    348   3.570000000000000E+04   3.1060842E-01   1.0353614E-01
    349   3.576000000000000E+04   4.1308564E-01   1.1924755E-01
    350   3.582000000000000E+04   2.7458787E-01   9.7081475E-02
    351   3.588000000000000E+04   4.8056898E-01   1.2843746E-01
    352   3.594000000000000E+04   1.0288911E-01   5.9403051E-02
    353   3.600000000000000E+04   2.4016850E-01   9.0775162E-02
    354   3.606000000000000E+04   3.4298211E-01   1.0846047E-01
    355   3.612000000000000E+04   4.7892290E-01   1.2799753E-01
    356   3.618000000000000E+04   1.7139669E-01   7.6650932E-02
    357   3.624000000000000E+04   4.8042428E-01   1.2839879E-01
    358   3.630000000000000E+04   1.0283004E-01   5.9368953E-02
    359   3.636000000000000E+04   4.7994301E-01   1.2827016E-01
    360   3.642000000000000E+04   2.4013396E-01   9.0762101E-02
    361   3.648000000000000E+04   3.7793791E-01   1.1395257E-01
    362   3.654000000000000E+04   2.7529934E-01   9.7333014E-02
    363   3.660000000000000E+04   3.0941769E-01   1.0313923E-01
    364   3.666000000000000E+04   2.0642194E-01   8.4271409E-02
    365   3.672000000000000E+04   4.4792950E-01   1.2423329E-01
    366   3.678000000000000E+04   6.5530920E-01   1.5033825E-01
    367   3.684000000000000E+04   1.0327328E-01   5.9624854E-02
    368   3.690000000000000E+04   4.1371655E-01   1.1942968E-01
    369   3.696000000000000E+04   1.7283399E-01   7.7293709E-02
    370   3.702000000000000E+04   3.1061295E-01   1.0353765E-01
    371   3.708000000000000E+04   3.4449756E-01   1.0893970E-01
    372   3.714000000000000E+04   3.4565818E-01   1.0930672E-01
    373   3.720000000000000E+04   2.0669700E-01   8.4383696E-02
    374   3.726000000000000E+04   6.9112152E-02   4.8869669E-02
    375   3.732000000000000E+04   3.4510911E-01   1.0913308E-01
    376   3.738000000000000E+04   1.0347305E-01   5.9740193E-02
    377   3.744000000000000E+04   4.4811940E-01   1.2428596E-01
    378   3.750000000000000E+04   2.7644065E-01   9.7736523E-02
    379   3.756000000000000E+04   3.8025224E-01   1.1465037E-01
    380   3.762000000000000E+04   3.7990689E-01   1.1454624E-01
    381   3.768000000000000E+04   3.8014656E-01   1.1461850E-01
    382   3.774000000000000E+04   3.1088132E-01   1.0362710E-01
    383   3.780000000000000E+04   3.4606028E-01   1.0943387E-01
    384   3.786000000000000E+04   2.0673741E-01   8.4400199E-02
    385   3.792000000000000E+04   3.7955981E-01   1.1444160E-01
    386   3.798000000000000E+04   3.4537035E-01   1.0921570E-01
    387   3.804000000000000E+04   4.1405094E-01   1.1952621E-01
    388   3.810000000000000E+04   2.3061334E-01   1.6306825E-01
    389   4.056000000000000E+04   0.0000000E+00   0.0000000E+00
    390   4.062000000000000E+04   8.7617859E-02   8.7617859E-02
    391   4.068000000000000E+04   4.5287493E-01   1.2560490E-01
    392   4.074000000000000E+04   2.0803364E-01   8.4929377E-02
    393   4.080000000000000E+04   2.7666453E-01   9.7815678E-02
    394   4.086000000000000E+04   2.0801592E-01   8.4922142E-02
    395   4.092000000000000E+04   3.1220618E-01   1.0406873E-01
    396   4.098000000000000E+04   4.5122734E-01   1.2514795E-01
    397   4.104000000000000E+04   3.8015032E-01   1.1461964E-01
    398   4.110000000000000E+04   3.4608686E-01   1.0944227E-01
    399   4.116000000000000E+04   3.4477159E-01   1.0902635E-01
    400   4.122000000000000E+04   4.1474468E-01   1.1972647E-01
    401   4.128000000000000E+04   2.4155843E-01   9.1300510E-02
    402   4.134000000000000E+04   2.7667415E-01   9.7819082E-02
    403   4.140000000000000E+04   1.3808481E-01   6.9042407E-02
    404   4.146000000000000E+04   4.4944954E-01   1.2465487E-01
    405   4.152000000000000E+04   2.4100429E-01   9.1091059E-02
    406   4.158000000000000E+04   2.7670598E-01   9.7830333E-02
    407   4.164000000000000E+04   3.7934169E-01   1.1437582E-01
    408   4.170000000000000E+04   2.4258664E-01   9.1689132E-02
    409   4.176000000000000E+04   4.1234493E-01   1.1903372E-01
    410   4.182000000000000E+04   4.1237727E-01   1.1904306E-01
    411   4.188000000000000E+04   3.7777239E-01   1.1390266E-01
    412   4.194000000000000E+04   3.4428382E-01   1.0887210E-01
    413   4.200000000000000E+04   2.0610510E-01   8.4142059E-02
    414   4.206000000000000E+04   3.4416309E-01   1.0883392E-01
    415   4.212000000000000E+04   2.7447447E-01   9.7041376E-02
    416   4.218000000000000E+04   2.4069181E-01   9.0972953E-02
    417   4.224000000000000E+04   4.1237131E-01   1.1904135E-01
    418   4.230000000000000E+04   3.7696126E-01   1.1365811E-01
    419   4.236000000000000E+04   2.0613863E-01   8.4155746E-02
    420   4.242000000000000E+04   1.0297807E-01   5.9454415E-02
    421   4.248000000000000E+04   4.1284010E-01   1.1917666E-01
    422   4.254000000000000E+04   2.7553046E-01   9.7414725E-02
    423   4.260000000000000E+04   4.1381869E-01   1.1945916E-01
    424   4.266000000000000E+04   1.7231415E-01   7.7061228E-02
    425   4.272000000000000E+04   3.4508273E-01   1.0912474E-01
    426   4.278000000000000E+04   2.7574110E-01   9.7489193E-02
    427   4.284000000000000E+04   2.0678924E-01   8.4421352E-02
    428   4.290000000000000E+04   3.4547657E-01   1.0924928E-01
    429   4.296000000000000E+04   3.4530044E-01   1.0919359E-01
    430   4.302000000000000E+04   3.1130090E-01   1.0376696E-01
    431   4.308000000000000E+04   3.1078070E-01   1.0359357E-01
    432   4.314000000000000E+04   2.4211940E-01   9.1512531E-02
    433   4.320000000000000E+04   2.0687950E-01   8.4458202E-02
    434   4.326000000000000E+04   3.4508550E-01   1.0912561E-01
    435   4.332000000000000E+04   1.7246281E-01   7.7127710E-02
    436   4.338000000000000E+04   3.1068936E-01   1.0356312E-01
    437   4.344000000000000E+04   1.3792613E-01   6.8963066E-02
    438   4.350000000000000E+04   3.1122351E-01   1.0374116E-01
    439   4.356000000000000E+04   6.9206253E-02   4.8936211E-02
    440   4.362000000000000E+04   2.7616733E-01   9.7639889E-02
    441   4.368000000000000E+04   3.4499893E-01   1.0909824E-01
    442   4.374000000000000E+04   6.8881683E-02   4.8706703E-02
    443   4.380000000000000E+04   2.4458720E-01   9.2445269E-02
    444   4.386000000000000E+04   2.8555772E-01   1.1657845E-01
    445   4.668000000000000E+04   0.0000000E+00   0.0000000E+00
    446   4.674000000000000E+04   2.4389201E-01   9.2182517E-02
    447   4.680000000000000E+04   2.4355410E-01   9.2054792E-02
    448   4.686000000000000E+04   2.4429326E-01   9.2334174E-02
    449   4.692000000000000E+04   2.7765277E-01   9.8165073E-02
    450   4.698000000000000E+04   2.0773841E-01   8.4808856E-02
    451   4.704000000000000E+04   2.7901730E-01   9.8647512E-02
    452   4.710000000000000E+04   1.7362970E-01   7.7649564E-02
    453   4.716000000000000E+04   2.0771004E-01   8.4797271E-02
    454   4.722000000000000E+04   1.7299332E-01   7.7364966E-02
    455   4.728000000000000E+04   2.0840688E-01   8.5081756E-02
    456   4.734000000000000E+04   2.4339877E-01   9.1996089E-02
    457   4.740000000000000E+04   4.1614312E-01   1.2013017E-01
    458   4.746000000000000E+04   3.4649843E-01   1.0957243E-01
    459   4.752000000000000E+04   2.4369937E-01   9.2109703E-02
    460   4.758000000000000E+04   3.1156334E-01   1.0385444E-01
    461   4.764000000000000E+04   3.7923408E-01   1.1434338E-01
    462   4.770000000000000E+04   3.1021914E-01   1.0340638E-01
    463   4.776000000000000E+04   3.1107786E-01   1.0369262E-01
    464   4.782000000000000E+04   2.7523741E-01   9.7311117E-02
    465   4.788000000000000E+04   2.0692225E-01   8.4475651E-02
    466   4.794000000000000E+04   2.4079216E-01   9.1010883E-02
    467   4.800000000000000E+04   1.3734248E-01   6.8671241E-02
    468   4.806000000000000E+04   2.0580252E-01   8.4018528E-02
    469   4.812000000000000E+04   1.3700826E-01   6.8504132E-02
    470   4.818000000000000E+04   3.4307086E-01   1.0848853E-01
    471   4.824000000000000E+04   3.0907866E-01   1.0302622E-01
    472   4.830000000000000E+04   3.4304035E-01   1.0847888E-01
    473   4.836000000000000E+04   2.4087483E-01   9.1042124E-02
    474   4.842000000000000E+04   1.3755077E-01   6.8775386E-02
    475   4.848000000000000E+04   3.4336635E-01   1.0858198E-01
    476   4.854000000000000E+04   2.4096893E-01   9.1077693E-02
    477   4.860000000000000E+04   3.7943247E-01   1.1440320E-01
    478   4.866000000000000E+04   3.1034791E-01   1.0344930E-01
    479   4.872000000000000E+04   3.1005138E-01   1.0335046E-01
    480   4.878000000000000E+04   2.7563599E-01   9.7452037E-02
    481   4.884000000000000E+04   1.7240793E-01   7.7103168E-02
    482   4.890000000000000E+04   3.4496352E-01   1.0908704E-01
    483   4.896000000000000E+04   2.7589661E-01   9.7544178E-02
    484   4.902000000000000E+04   2.7532831E-01   9.7343251E-02
    485   4.908000000000000E+04   2.4121121E-01   9.1169268E-02
    486   4.914000000000000E+04   3.1027359E-01   1.0342452E-01
    487   4.920000000000000E+04   3.1103957E-01   1.0367985E-01
    488   4.926000000000000E+04   1.3786069E-01   6.8930343E-02
    489   4.932000000000000E+04   2.0651670E-01   8.4310092E-02
    490   4.938000000000000E+04   1.0338478E-01   5.9689227E-02
    491   4.944000000000000E+04   5.1679903E-01   1.3343695E-01
    492   4.950000000000000E+04   3.4507516E-01   1.0912235E-01
    493   4.956000000000000E+04   2.4141078E-01   9.1244698E-02
    494   4.962000000000000E+04   3.1031060E-01   1.0343686E-01
    495   4.968000000000000E+04   1.0640226E-01   7.5237758E-02
    496   5.262000000000000E+04   3.0532262E-01   1.3654444E-01
    497   5.268000000000000E+04   2.3334542E-01   9.5262870E-02
    498   5.274000000000000E+04   3.2255754E-01   1.0751918E-01
    499   5.280000000000000E+04   2.8049478E-01   9.9169873E-02
    500   5.286000000000000E+04   2.4401854E-01   9.2230342E-02
    501   5.292000000000000E+04   2.7711958E-01   9.7976565E-02
    502   5.298000000000000E+04   1.7405777E-01   7.7840999E-02
    503   5.304000000000000E+04   3.8234422E-01   1.1528113E-01
    504   5.310000000000000E+04   6.9695011E-02   4.9281813E-02
    505   5.316000000000000E+04   1.3970540E-01   6.9852702E-02
    506   5.322000000000000E+04   3.4634972E-01   1.0952540E-01
    507   5.328000000000000E+04   4.5148015E-01   1.2521806E-01
    508   5.334000000000000E+04   2.4288629E-01   9.1802388E-02
    509   5.340000000000000E+04   1.7269450E-01   7.7231325E-02
    510   5.346000000000000E+04   2.0725071E-01   8.4609754E-02
    511   5.352000000000000E+04   2.7574295E-01   9.7489849E-02
    512   5.358000000000000E+04   3.8034225E-01   1.1467751E-01
    513   5.364000000000000E+04   4.4849777E-01   1.2439090E-01
    514   5.370000000000000E+04   2.0737524E-01   8.4660590E-02
    515   5.376000000000000E+04   4.1306144E-01   1.1924057E-01
    516   5.382000000000000E+04   4.4724470E-01   1.2404336E-01
    517   5.388000000000000E+04   3.4424305E-01   1.0885921E-01
    518   5.394000000000000E+04   2.7599746E-01   9.7579837E-02
    519   5.400000000000000E+04   2.0611645E-01   8.4146693E-02
    520   5.406000000000000E+04   2.4071087E-01   9.0980157E-02
    521   5.412000000000000E+04   3.7982893E-01   1.1452273E-01
    522   5.418000000000000E+04   2.4113540E-01   9.1140613E-02
    523   5.424000000000000E+04   3.4419936E-01   1.0884539E-01
    524   5.430000000000000E+04   3.1012353E-01   1.0337451E-01
    525   5.436000000000000E+04   1.7238003E-01   7.7090696E-02
    526   5.442000000000000E+04   2.4080060E-01   9.1014072E-02
    527   5.448000000000000E+04   2.4098186E-01   9.1082580E-02
    528   5.454000000000000E+04   2.4126658E-01   9.1190197E-02
    529   5.460000000000000E+04   1.7219040E-01   7.7005893E-02
    530   5.466000000000000E+04   2.7543929E-01   9.7382493E-02
    531   5.472000000000000E+04   1.3772884E-01   6.8864420E-02
    532   5.478000000000000E+04   1.3768519E-01   6.8842597E-02
    533   5.484000000000000E+04   3.1020057E-01   1.0340019E-01
    534   5.490000000000000E+04   5.5191219E-01   1.3797805E-01
    535   5.496000000000000E+04   2.4145536E-01   9.1261551E-02
    536   5.502000000000000E+04   3.4423655E-01   1.0885715E-01
    537   5.508000000000000E+04   2.0704022E-01   8.4523819E-02
    538   5.514000000000000E+04   1.7202091E-01   7.6930091E-02
    539   5.520000000000000E+04   1.3789198E-01   6.8945989E-02
    540   5.526000000000000E+04   2.4161513E-01   9.1321938E-02
    541   5.532000000000000E+04   4.1315299E-01   1.1926699E-01
    542   5.538000000000000E+04   2.0579733E-01   8.4016405E-02
    543   5.544000000000000E+04   2.0686987E-01   8.4454268E-02
    544   5.550000000000000E+04   5.3085649E-01   2.3740625E-01
    545   5.880000000000000E+04   9.1476411E-02   6.4683586E-02
    546   5.886000000000000E+04   2.6542953E-01   1.0032294E-01
    547   5.892000000000000E+04   3.2271263E-01   1.0757087E-01
    548   5.898000000000000E+04   2.0940855E-01   8.5490681E-02
    549   5.904000000000000E+04   1.7396191E-01   7.7798128E-02
    550   5.910000000000000E+04   3.8253042E-01   1.1533727E-01
    551   5.916000000000000E+04   2.0704110E-01   8.4524177E-02
    552   5.922000000000000E+04   2.7604017E-01   9.7594939E-02
    553   5.928000000000000E+04   2.7630517E-01   9.7688630E-02
    554   5.934000000000000E+04   6.9141343E-02   4.8890311E-02
    555   5.940000000000000E+04   5.1604331E-01   1.3324180E-01
    556   5.946000000000000E+04   4.1422373E-01   1.1957609E-01
    557   5.952000000000000E+04   1.0317498E-01   5.9568100E-02
    558   5.958000000000000E+04   3.4440157E-01   1.0890934E-01
    559   5.964000000000000E+04   2.7506101E-01   9.7248748E-02
    560   5.970000000000000E+04   1.7203271E-01   7.6935366E-02
    561   5.976000000000000E+04   3.0950755E-01   1.0316918E-01
    562   5.982000000000000E+04   2.4060038E-01   9.0938397E-02
    563   5.988000000000000E+04   3.1040716E-01   1.0346905E-01
    564   5.994000000000000E+04   2.0609961E-01   8.4139816E-02
    565   6.000000000000000E+04   3.1040856E-01   1.0346952E-01
    566   6.006000000000000E+04   2.4050151E-01   9.0901025E-02
    567   6.012000000000000E+04   1.7210388E-01   7.6967195E-02
    568   6.018000000000000E+04   2.7618390E-01   9.7645752E-02
    569   6.024000000000000E+04   4.1363475E-01   1.1940607E-01
    570   6.030000000000000E+04   3.4541747E-01   1.0923059E-01
    571   6.036000000000000E+04   1.7193829E-01   7.6893136E-02
    572   6.042000000000000E+04   2.0659223E-01   8.4340930E-02
    573   6.048000000000000E+04   1.7246433E-01   7.7128388E-02
    574   6.054000000000000E+04   2.0612895E-01   8.4151790E-02
    575   6.060000000000000E+04   2.4087819E-01   9.1043405E-02
    576   6.066000000000000E+04   2.4130337E-01   9.1204099E-02
    577   6.072000000000000E+04   3.7900823E-01   1.1427528E-01
    578   6.078000000000000E+04   2.7644253E-01   9.7737186E-02
    579   6.084000000000000E+04   4.1261709E-01   1.1911228E-01
    580   6.090000000000000E+04   3.0983853E-01   1.0327951E-01
    581   6.096000000000000E+04   4.1373605E-01   1.1943531E-01
    582   6.102000000000000E+04   1.0332768E-01   5.9656259E-02
    583   6.108000000000000E+04   1.3756382E-01   6.8781912E-02
    584   6.114000000000000E+04   2.4084014E-01   9.1029018E-02
    585   6.120000000000000E+04   3.7901571E-01   1.1427754E-01
    586   6.126000000000000E+04   2.4136920E-01   9.1228984E-02
    587   6.378000000000000E+04   0.0000000E+00   0.0000000E+00
    588   6.384000000000000E+04   3.0644056E-01   2.1668620E-01
    589   6.390000000000000E+04   3.5736674E-01   1.1912225E-01
    590   6.492000000000000E+04   2.3470885E-01   1.1735442E-01
    591   6.498000000000000E+04   4.4072786E-01   1.3288446E-01
    592   6.504000000000000E+04   3.3139214E-01   1.1046404E-01
    593   6.510000000000000E+04   2.8177741E-01   9.9623352E-02
    594   6.516000000000000E+04   0.0000000E+00   0.0000000E+00
    595   6.522000000000000E+04   2.7735814E-01   9.8060906E-02
    596   6.528000000000000E+04   3.0979258E-01   1.0326419E-01
    597   6.534000000000000E+04   2.0682645E-01   8.4436543E-02
    598   6.540000000000000E+04   1.7169175E-01   7.6782882E-02
    599   6.546000000000000E+04   1.0297873E-01   5.9454795E-02
    600   6.552000000000000E+04   2.7468419E-01   9.7115524E-02
    601   6.558000000000000E+04   4.4707513E-01   1.2399632E-01
    602   6.564000000000000E+04   2.0682670E-01   8.4436655E-02
    603   6.570000000000000E+04   1.7258316E-01   7.7181540E-02
    604   6.576000000000000E+04   2.0668285E-01   8.4377922E-02
    605   6.582000000000000E+04   2.4151859E-01   9.1285445E-02
    606   6.588000000000000E+04   4.1342804E-01   1.1934640E-01
    607   6.594000000000000E+04   6.9175772E-02   4.8914656E-02
    608   6.600000000000000E+04   3.7942576E-01   1.1440118E-01
    609   6.606000000000000E+04   1.7266926E-01   7.7220038E-02
    610   6.612000000000000E+04   2.4113607E-01   9.1140874E-02
    611   6.618000000000000E+04   2.0691234E-01   8.4471613E-02
    612   6.624000000000000E+04   2.7586946E-01   9.7534582E-02
    613   6.630000000000000E+04   2.4141786E-01   9.1247372E-02
    614   6.636000000000000E+04   2.0667210E-01   8.4373534E-02
    615   6.642000000000000E+04   4.8330808E-01   1.2916951E-01
    616   6.648000000000000E+04   2.0690228E-01   8.4467508E-02
    617   6.654000000000000E+04   1.3786124E-01   6.8930618E-02
    618   6.660000000000000E+04   1.3772161E-01   6.8860807E-02
    619   6.666000000000000E+04   2.0660132E-01   8.4344640E-02
    620   6.672000000000000E+04   3.1026962E-01   1.0342321E-01
    621   6.678000000000000E+04   2.4048117E-01   9.0893343E-02
    622   6.684000000000000E+04   3.0957296E-01   1.0319099E-01
    623   6.690000000000000E+04   1.3787261E-01   6.8936303E-02
    624   6.696000000000000E+04   3.7896749E-01   1.1426301E-01
    625   6.702000000000000E+04   3.4367770E-01   1.0868043E-01
    626   6.708000000000000E+04   3.5771632E-01   1.3520405E-01
    627   6.960000000000000E+04   2.2939314E-01   1.3244018E-01
    628   6.966000000000000E+04   2.4326232E-01   9.1944516E-02
    629   6.972000000000000E+04   4.1886854E-01   1.2091693E-01
    630   6.978000000000000E+04   3.4897602E-01   1.1035591E-01
    631   6.984000000000000E+04   3.1364894E-01   1.0454965E-01
    632   6.990000000000000E+04   1.7371456E-01   7.7687509E-02
    633   6.996000000000000E+04   4.1749176E-01   1.2051949E-01
    634   7.002000000000000E+04   3.4685248E-01   1.0968439E-01
    635   7.008000000000000E+04   2.3559241E-01   9.6180193E-02
    636   7.086000000000000E+04   6.7367625E-01   4.7636104E-01
    637   7.092000000000000E+04   4.7411358E-01   1.3686480E-01
    638   7.098000000000000E+04   2.7795517E-01   1.0505717E-01
    639   7.104000000000000E+04   2.7363798E-01   1.0342543E-01
    640   7.110000000000000E+04   2.6565906E-01   1.0040969E-01
    641   7.116000000000000E+04   1.8262079E-01   8.1670500E-02
    642   7.122000000000000E+04   2.4851413E-01   9.3929514E-02
    643   7.128000000000000E+04   2.4489832E-01   9.2562862E-02
    644   7.134000000000000E+04   2.7772820E-01   9.8191738E-02
    645   7.140000000000000E+04   2.0738240E-01   8.4663510E-02
    646   7.146000000000000E+04   2.4072836E-01   9.0986766E-02
    647   7.152000000000000E+04   2.4051064E-01   9.0904482E-02
    648   7.158000000000000E+04   4.1194141E-01   1.1891724E-01
    649   7.164000000000000E+04   4.1291633E-01   1.1919867E-01
    650   7.170000000000000E+04   2.7524763E-01   9.7314723E-02
    651   7.176000000000000E+04   2.7531594E-01   9.7338878E-02
    652   7.182000000000000E+04   2.7571285E-01   9.7479202E-02
    653   7.188000000000000E+04   3.0961263E-01   1.0320421E-01
    654   7.194000000000000E+04   1.0347883E-01   5.9743527E-02
    655   7.200000000000000E+04   3.7900963E-01   1.1427571E-01
    656   7.206000000000000E+04   3.8004401E-01   1.1458759E-01
    657   7.212000000000000E+04   2.0679191E-01   8.4422447E-02
    658   7.218000000000000E+04   1.7239572E-01   7.7097706E-02
    659   7.224000000000000E+04   3.1001535E-01   1.0333845E-01
    660   7.230000000000000E+04   2.4124222E-01   9.1180988E-02
    661   7.236000000000000E+04   4.1380629E-01   1.1945558E-01
    662   7.242000000000000E+04   2.0710309E-01   8.4549487E-02
    663   7.248000000000000E+04   2.7559966E-01   9.7439192E-02
    664   7.254000000000000E+04   2.4160521E-01   9.1318183E-02
    665   7.260000000000000E+04   3.4450930E-01   1.0894341E-01
    666   7.266000000000000E+04   2.4126256E-01   9.1188677E-02
    667   7.272000000000000E+04   1.0328410E-01   5.9631102E-02
    668   7.278000000000000E+04   2.7496526E-01   9.7214893E-02
    669   7.284000000000000E+04   4.4835579E-01   1.2435152E-01
    670   7.290000000000000E+04   3.9625916E-01   1.9812958E-01
    672   7.542000000000000E+04   4.8665401E-01   1.7205818E-01
    673   7.548000000000000E+04   1.3896447E-01   6.9482237E-02
    674   7.554000000000000E+04   3.8329256E-01   1.1556706E-01
    675   7.560000000000000E+04   3.1311607E-01   1.0437202E-01
    676   7.566000000000000E+04   2.0845960E-01   8.5103273E-02
    677   7.572000000000000E+04   1.7352466E-01   7.7602588E-02
    678   7.578000000000000E+04   3.1312343E-01   1.0437448E-01
    679   7.584000000000000E+04   1.3917880E-01   6.9589399E-02
    680   7.590000000000000E+04   1.3887137E-01   6.9435686E-02
    681   7.596000000000000E+04   4.3526566E-01   1.3123754E-01
    683   7.674000000000000E+04   3.7910342E-01   1.1430399E-01
    684   7.680000000000000E+04   3.7827283E-01   1.1405355E-01
    685   7.686000000000000E+04   2.7551568E-01   9.7409502E-02
    686   7.692000000000000E+04   2.0639986E-01   8.4262393E-02
    687   7.698000000000000E+04   2.0655993E-01   8.4327742E-02
    688   7.704000000000000E+04   4.8139548E-01   1.2865835E-01
    689   7.710000000000000E+04   3.4517795E-01   1.0915485E-01
    690   7.716000000000000E+04   4.8502648E-01   1.2962878E-01
    691   7.722000000000000E+04   1.3946162E-01   6.9730811E-02
    692   7.728000000000000E+04   3.8558215E-01   1.1625739E-01
    693   7.734000000000000E+04   3.1505182E-01   1.0501727E-01
    694   7.740000000000000E+04   1.0473182E-01   6.0466941E-02
    695   7.746000000000000E+04   3.1287855E-01   1.0429285E-01
    696   7.752000000000000E+04   2.0804331E-01   8.4933326E-02
    697   7.758000000000000E+04   2.4282160E-01   9.1777943E-02
    698   7.764000000000000E+04   2.7612746E-01   9.7625792E-02
    699   7.770000000000000E+04   3.1087619E-01   1.0362540E-01
    700   7.776000000000000E+04   2.0669885E-01   8.4384456E-02
    701   7.782000000000000E+04   3.8044953E-01   1.1470985E-01
    702   7.788000000000000E+04   1.3781393E-01   6.8906963E-02
    703   7.794000000000000E+04   1.0366324E-01   5.9849996E-02
    704   7.800000000000000E+04   2.7540776E-01   9.7371347E-02
    705   7.806000000000000E+04   3.7933093E-01   1.1437258E-01
    706   7.812000000000000E+04   3.1016207E-01   1.0338735E-01
    707   7.818000000000000E+04   3.7923729E-01   1.1434435E-01
    708   7.824000000000000E+04   3.7958717E-01   1.1444984E-01
    709   7.830000000000000E+04   2.4169809E-01   9.1353290E-02
    710   7.836000000000000E+04   3.0934596E-01   1.0311532E-01
    711   7.842000000000000E+04   2.7491522E-01   9.7197205E-02
    712   7.848000000000000E+04   6.8809032E-02   4.8655331E-02
    713   7.854000000000000E+04   1.0339616E-01   5.9695799E-02
    714   7.860000000000000E+04   3.0623466E-01   1.0827030E-01
    715   7.866000000000000E+04   1.4399029E-01   7.1995147E-02
    716   7.872000000000000E+04   0.0000000E+00   0.0000000E+00
    717   8.118000000000000E+04   0.0000000E+00   0.0000000E+00
    718   8.124000000000000E+04   2.1941197E-01   9.8124012E-02
    719   8.130000000000000E+04   2.7769804E-01   9.8181076E-02
    720   8.136000000000000E+04   2.7727926E-01   9.8033018E-02
    721   8.142000000000000E+04   1.0448429E-01   6.0324032E-02
    722   8.148000000000000E+04   4.1799900E-01   1.2066592E-01
    723   8.154000000000000E+04   4.4862372E-01   1.2442583E-01
    724   8.160000000000000E+04   3.4776449E-01   1.0997279E-01
    725   8.166000000000000E+04   2.7830452E-01   9.8395497E-02
    726   8.172000000000000E+04   2.4202259E-01   9.1475941E-02
    727   8.178000000000000E+04   2.4434866E-01   9.2355117E-02
    728   8.184000000000000E+04   2.7707046E-01   9.7959198E-02
    729   8.190000000000000E+04   2.0783436E-01   8.4848024E-02
    730   8.196000000000000E+04   3.4884739E-01   1.1031523E-01
    731   8.202000000000000E+04   2.7655685E-01   9.7777613E-02
    732   8.208000000000000E+04   3.6127129E-01   1.2042376E-01
    733   8.286000000000000E+04   0.0000000E+00   0.0000000E+00
    734   8.292000000000000E+04   2.7512884E-01   9.7272731E-02
    735   8.298000000000000E+04   3.4226859E-01   1.0823483E-01
    736   8.304000000000000E+04   2.4014106E-01   9.0764791E-02
    737   8.310000000000000E+04   3.4378264E-02   3.4378264E-02
    738   8.316000000000000E+04   2.0608898E-01   8.4135473E-02
    739   8.322000000000000E+04   1.7215210E-01   7.6988757E-02
    740   8.328000000000000E+04   2.4118502E-01   9.1159366E-02
    741   8.334000000000000E+04   2.7599859E-01   9.7580232E-02
    742   8.340000000000000E+04   3.4535351E-01   1.0921037E-01
    743   8.346000000000000E+04   2.4240714E-01   9.1621287E-02
    744   8.352000000000000E+04   4.5109695E-01   1.2511179E-01
    745   8.358000000000000E+04   2.0901087E-01   8.5328333E-02
    746   8.364000000000000E+04   2.4387929E-01   9.2177711E-02
    747   8.370000000000000E+04   3.8186595E-01   1.1513692E-01
    748   8.376000000000000E+04   2.7728948E-01   9.8036639E-02
    749   8.382000000000000E+04   2.7754015E-01   9.8125257E-02
    750   8.388000000000000E+04   2.0758680E-01   8.4746957E-02
    751   8.394000000000000E+04   2.4196604E-01   9.1454566E-02
    752   8.400000000000000E+04   3.4553614E-01   1.0926812E-01
    753   8.406000000000000E+04   2.4080124E-01   9.1014318E-02
    754   8.412000000000000E+04   1.0320961E-01   5.9588090E-02
    755   8.418000000000000E+04   6.8913795E-02   4.8729412E-02
    756   8.424000000000000E+04   5.1660925E-01   1.3338794E-01
    757   8.430000000000000E+04   2.4120021E-01   9.1165110E-02
    758   8.436000000000000E+04   1.3750911E-01   6.8754554E-02
    759   8.442000000000000E+04   3.0905795E-01   1.0301932E-01
    760   8.448000000000000E+04   1.9717504E-01   9.8587520E-02
    761   8.700000000000000E+04   0.0000000E+00   0.0000000E+00
    762   8.706000000000000E+04   3.2705668E-01   1.1563199E-01
    763   8.712000000000000E+04   1.0401659E-01   6.0054004E-02
    764   8.718000000000000E+04   1.3872221E-01   6.9361106E-02
    765   8.724000000000000E+04   1.3902743E-01   6.9513716E-02
    766   8.730000000000000E+04   1.3817123E-01   6.9085613E-02
    767   8.736000000000000E+04   1.7369856E-01   7.7680357E-02
    768   8.742000000000000E+04   2.4262010E-01   9.1701776E-02
    769   8.748000000000000E+04   1.7364970E-01   7.7658512E-02
    770   8.754000000000000E+04   1.7398454E-01   7.7808253E-02
    771   8.760000000000000E+04   3.1282339E-01   1.0427446E-01
    772   8.766000000000000E+04   4.1457793E-01   1.1967833E-01
    773   8.772000000000000E+04   2.7846381E-01   9.8451816E-02
    774   8.778000000000000E+04   2.7793637E-01   9.8265342E-02
    775   8.784000000000000E+04   2.7839831E-01   9.8428667E-02
    776   8.790000000000000E+04   2.4285197E-01   9.1789417E-02
    777   8.796000000000000E+04   3.1290963E-01   1.0430321E-01
    778   8.802000000000000E+04   3.1304380E-01   1.0434794E-01
    779   8.808000000000000E+04   3.1196228E-01   1.0398743E-01
    780   8.814000000000000E+04   3.1006116E-01   1.0335372E-01
    781   8.820000000000000E+04   1.7291287E-01   7.7328980E-02
    782   8.826000000000000E+04   4.4806686E-01   1.2427139E-01
    783   8.832000000000000E+04   2.4088989E-01   9.1047816E-02
    784   8.838000000000000E+04   2.4085934E-01   9.8330423E-02
    785   8.898000000000000E+04   2.4269691E-01   2.4269691E-01
    786   8.904000000000000E+04   2.4068891E-01   9.0971850E-02
    787   8.910000000000000E+04   3.1051445E-01   1.0350482E-01
    788   8.916000000000000E+04   3.4357294E-01   1.0864730E-01
    789   8.922000000000000E+04   3.4466237E-01   1.0899181E-01
    790   8.928000000000000E+04   3.4474540E-01   1.0901806E-01
    791   8.934000000000000E+04   2.0703523E-01   8.4521778E-02
    792   8.940000000000000E+04   2.0665069E-01   8.4364794E-02
    793   8.946000000000000E+04   2.7558780E-01   9.7434998E-02
    794   8.952000000000000E+04   2.4180447E-01   9.1393501E-02
    795   8.958000000000000E+04   1.7210695E-01   7.6968566E-02
    796   8.964000000000000E+04   2.0767432E-01   8.4782690E-02
    797   8.970000000000000E+04   2.4397148E-01   9.2212550E-02
    798   8.976000000000000E+04   2.4689578E-01   9.3317829E-02
    799   8.982000000000000E+04   3.5245043E-01   1.1145461E-01
    800   8.988000000000000E+04   2.1137036E-01   8.6291589E-02
    801   8.994000000000000E+04   2.1066473E-01   8.6003520E-02
    802   9.000000000000000E+04   3.1323946E-01   1.0441315E-01
    803   9.006000000000000E+04   2.7673393E-01   9.7840212E-02
    804   9.012000000000000E+04   3.0981201E-01   1.0327066E-01
    805   9.018000000000000E+04   3.0999959E-01   1.0333320E-01
    806   9.024000000000000E+04   3.7863189E-01   1.1416181E-01
    807   9.030000000000000E+04   9.2522964E-02   9.2522964E-02
    808   9.276000000000000E+04   0.0000000E+00   0.0000000E+00
    809   9.282000000000000E+04   0.0000000E+00   0.0000000E+00
    810   9.288000000000000E+04   1.5516105E-01   7.7580526E-02
    811   9.294000000000000E+04   2.0912795E-01   8.5376129E-02
    812   9.300000000000000E+04   3.4706637E-01   1.0975202E-01
    813   9.306000000000000E+04   2.4234217E-01   9.1596730E-02
    814   9.312000000000000E+04   3.1198752E-01   1.0399584E-01
    815   9.318000000000000E+04   1.7346622E-01   7.7576451E-02
    816   9.324000000000000E+04   1.7343891E-01   7.7564232E-02
    817   9.330000000000000E+04   2.7774790E-01   9.8198712E-02
    818   9.336000000000000E+04   2.0785369E-01   8.4855914E-02
    819   9.342000000000000E+04   2.4397410E-01   9.2213541E-02
    820   9.348000000000000E+04   1.0360043E-01   5.9813738E-02
    821   9.354000000000000E+04   2.0785193E-01   8.4855199E-02
    822   9.360000000000000E+04   2.0821309E-01   8.5002638E-02
    823   9.366000000000000E+04   3.1328595E-01   1.0442864E-01
    824   9.372000000000000E+04   2.4356650E-01   9.2059486E-02
    825   9.378000000000000E+04   3.1221837E-01   1.0407279E-01
    826   9.384000000000000E+04   1.3944757E-01   6.9723785E-02
    827   9.390000000000000E+04   3.1371874E-01   1.0457291E-01
    828   9.396000000000000E+04   1.3833293E-01   6.9166467E-02
    829   9.402000000000000E+04   2.4132271E-01   9.1211408E-02
    830   9.408000000000000E+04   3.4457812E-01   1.0896517E-01
    831   9.414000000000000E+04   1.7231870E-01   7.7063262E-02
    832   9.420000000000000E+04   2.7640736E-01   9.7724758E-02
    833   9.426000000000000E+04   1.7214428E-01   7.6985255E-02
    834   9.432000000000000E+04   3.4376520E-01   1.0870810E-01
    835   9.438000000000000E+04   1.3736847E-01   6.8684235E-02
    836   9.444000000000000E+04   2.4040674E-01   9.0865210E-02
    837   9.450000000000000E+04   2.0603824E-01   8.4114760E-02
    838   9.456000000000000E+04   4.4424412E-01   1.3394463E-01
    839   9.522000000000000E+04   2.2621036E-01   2.2621036E-01
    840   9.528000000000000E+04   3.1084466E-01   1.0361488E-01
    841   9.534000000000000E+04   2.7607286E-01   9.7606495E-02
    842   9.540000000000000E+04   1.7241375E-01   7.7105775E-02
    843   9.546000000000000E+04   3.1048697E-01   1.0349566E-01
    844   9.552000000000000E+04   3.7876967E-01   1.1420336E-01
    845   9.558000000000000E+04   2.0727395E-01   8.4619232E-02
    846   9.564000000000000E+04   3.1024212E-01   1.0341404E-01
    847   9.570000000000000E+04   2.7566445E-01   9.7462095E-02
    848   9.576000000000000E+04   4.8439258E-01   1.2945937E-01
    849   9.582000000000000E+04   3.5034502E-01   1.1078882E-01
    850   9.588000000000000E+04   1.8088983E-01   8.0896385E-02
    851   9.594000000000000E+04   5.5498594E-01   1.4329676E-01
    852   9.600000000000000E+04   2.2397409E-01   9.1437042E-02
    853   9.606000000000000E+04   2.5886285E-01   9.7840965E-02
    854   9.612000000000000E+04   0.0000000E+00   0.0000000E+00
    855   9.858000000000000E+04   4.8739329E-01   2.8139663E-01
    856   9.864000000000000E+04   3.6216325E-01   1.1452607E-01
    857   9.870000000000000E+04   2.0818500E-01   8.4991172E-02
    858   9.876000000000000E+04   6.9653146E-02   4.9252208E-02
    859   9.882000000000000E+04   2.0807813E-01   8.4947541E-02
    860   9.888000000000000E+04   2.7735236E-01   9.8058872E-02
    861   9.894000000000000E+04   2.4245255E-01   9.1638453E-02
    862   9.900000000000000E+04   2.0918959E-01   8.5401297E-02
    863   9.906000000000000E+04   3.1170946E-01   1.0390315E-01
    864   9.912000000000000E+04   3.4664828E-01   1.0961981E-01
    865   9.918000000000000E+04   1.7403363E-01   7.7830203E-02
    866   9.924000000000000E+04   3.4735006E-01   1.0984173E-01
    867   9.930000000000000E+04   2.7654216E-01   9.7772412E-02
    868   9.936000000000000E+04   1.0429528E-01   6.0214907E-02
    869   9.942000000000000E+04   2.4280226E-01   9.1770627E-02
    870   9.948000000000000E+04   3.4870973E-01   1.1027170E-01
    871   9.954000000000000E+04   6.9618724E-02   4.9227867E-02
    872   9.960000000000000E+04   3.1273967E-01   1.0424656E-01
    873   9.966000000000000E+04   1.3945802E-01   6.9729008E-02
    874   9.972000000000000E+04   6.9550060E-02   4.9179316E-02
    875   9.978000000000000E+04   2.0813303E-01   8.4969953E-02
    876   9.984000000000000E+04   3.4488198E-01   1.0906126E-01
    877   9.990000000000000E+04   2.0747305E-01   8.4700517E-02
    878   9.996000000000000E+04   2.0705730E-01   8.4530786E-02
    879   1.000200000000000E+05   3.1121242E-01   1.0373747E-01
    880   1.000800000000000E+05   3.0908898E-01   1.0302965E-01
    881   1.001400000000000E+05   3.4355378E-01   1.0864124E-01
    882   1.002000000000000E+05   2.4056545E-01   9.0925194E-02
    883   1.002600000000000E+05   3.0819726E-01   1.0273242E-01
    884   1.003200000000000E+05   2.7459118E-01   9.7082637E-02
    885   1.003800000000000E+05   2.4009937E-01   9.0749033E-02
    886   1.004400000000000E+05   2.7464569E-01   9.7101912E-02
    887   1.005000000000000E+05   2.7570155E-01   9.7475216E-02
    888   1.005600000000000E+05   1.3720381E-01   6.8601906E-02
    889   1.006200000000000E+05   1.7173302E-01   7.6801345E-02
    890   1.006800000000000E+05   2.7508333E-01   9.7256646E-02
    891   1.007400000000000E+05   1.3775054E-01   6.8875268E-02
    892   1.008000000000000E+05   1.0343403E-01   5.9717666E-02
    893   1.008600000000000E+05   1.2313253E-01   7.1090594E-02
    894   1.014000000000000E+05   0.0000000E+00   0.0000000E+00
    895   1.014600000000000E+05   1.0373845E-01   5.9893422E-02
    896   1.015200000000000E+05   1.0339054E-01   5.9692554E-02
    897   1.015800000000000E+05   6.9017939E-02   4.8803054E-02
    898   1.016400000000000E+05   2.7603582E-01   9.7593397E-02
    899   1.017000000000000E+05   2.7589107E-01   9.7542219E-02
    900   1.017600000000000E+05   6.8848737E-02   4.8683405E-02
    901   1.018200000000000E+05   2.7598843E-01   9.7576641E-02
    902   1.018800000000000E+05   2.4173784E-01   1.0810845E-01
    903   1.044000000000000E+05   0.0000000E+00   0.0000000E+00
    904   1.044600000000000E+05   3.4681374E-01   1.0967214E-01
    905   1.045200000000000E+05   3.4823346E-01   1.1012109E-01
    906   1.045800000000000E+05   3.4789085E-02   3.4789085E-02
    907   1.046400000000000E+05   2.0880842E-01   8.5245684E-02
    908   1.047000000000000E+05   3.4749977E-02   3.4749977E-02
    909   1.047600000000000E+05   2.4319546E-01   9.1919243E-02
    910   1.048200000000000E+05   2.4404459E-01   9.2240185E-02
    911   1.048800000000000E+05   1.7357376E-01   7.7624545E-02
    912   1.049400000000000E+05   2.0801169E-01   8.4920414E-02
    913   1.050000000000000E+05   2.0792294E-01   8.4884182E-02
    914   1.050600000000000E+05   1.3899319E-01   6.9496594E-02
    915   1.051200000000000E+05   2.0793733E-01   8.4890060E-02
    916   1.051800000000000E+05   2.7695701E-01   9.7919077E-02
    917   1.052400000000000E+05   2.0851158E-01   8.5124500E-02
    918   1.053000000000000E+05   3.4732777E-01   1.0983469E-01
    919   1.053600000000000E+05   1.7381424E-01   7.7732094E-02
    920   1.054200000000000E+05   2.4357621E-01   9.2063159E-02
    921   1.054800000000000E+05   1.0450946E-01   6.0338560E-02
    922   1.055400000000000E+05   1.7271833E-01   7.7241987E-02
    923   1.056000000000000E+05   2.4194166E-01   9.1445349E-02
    924   1.056600000000000E+05   1.7228033E-01   7.7046104E-02
    925   1.057200000000000E+05   1.3763021E-01   6.8815105E-02
    926   1.057800000000000E+05   1.7189491E-01   7.6873735E-02
    927   1.058400000000000E+05   6.9077581E-02   4.8845228E-02
    928   1.059000000000000E+05   3.4411603E-01   1.0881904E-01
    929   1.059600000000000E+05   2.7442491E-01   9.7023852E-02
    930   1.060200000000000E+05   2.7388215E-01   9.6831962E-02
    931   1.060800000000000E+05   2.7471644E-01   9.7126924E-02
    932   1.061400000000000E+05   1.0277258E-01   5.9335772E-02
    933   1.062000000000000E+05   1.7145735E-01   7.6678053E-02
    934   1.062600000000000E+05   2.0540711E-01   8.3857104E-02
    935   1.063200000000000E+05   2.0637463E-01   8.4252097E-02
    936   1.063800000000000E+05   2.0653638E-01   8.4318131E-02
    937   1.064400000000000E+05   2.4000429E-01   9.0713099E-02
    938   1.065000000000000E+05   1.3781404E-01   6.8907022E-02
    939   1.065600000000000E+05   3.4442581E-02   3.4442581E-02
    940   1.066200000000000E+05   2.0628105E-01   8.4213890E-02
    941   1.066800000000000E+05   2.0692892E-01   8.4478386E-02
    942   1.067400000000000E+05   2.7585045E-01   9.7527854E-02
    943   1.068000000000000E+05   2.4177019E-01   9.1380544E-02
    944   1.068600000000000E+05   2.0749225E-01   8.4708355E-02
    945   1.069200000000000E+05   2.0690000E-01   8.4466569E-02
    946   1.069800000000000E+05   2.9024842E-01   1.0970359E-01
    947   1.101600000000000E+05   0.0000000E+00   0.0000000E+00
    948   1.102200000000000E+05   5.2138627E-01   5.2138627E-01
    949   1.102800000000000E+05   2.5919810E-01   9.7967677E-02
    950   1.103400000000000E+05   6.9553815E-02   4.9181972E-02
    951   1.104000000000000E+05   1.7364426E-01   7.7656075E-02
    952   1.104600000000000E+05   1.7390361E-01   7.7772066E-02
    953   1.105200000000000E+05   1.3910784E-01   6.9553919E-02
    954   1.105800000000000E+05   2.4373925E-01   9.2124775E-02
    955   1.106400000000000E+05   3.4656036E-01   1.0959201E-01
    956   1.107000000000000E+05   1.3926968E-01   6.9634840E-02
    957   1.107600000000000E+05   1.3847028E-01   6.9235139E-02
    958   1.108200000000000E+05   1.7316280E-01   7.7440754E-02
    959   1.108800000000000E+05   1.3854899E-01   6.9274493E-02
    960   1.109400000000000E+05   1.7371012E-01   7.7685528E-02
    961   1.110000000000000E+05   1.0419865E-01   6.0159117E-02
    962   1.110600000000000E+05   1.3887577E-01   6.9437884E-02
    963   1.111200000000000E+05   1.0409563E-01   6.0099635E-02
    964   1.111800000000000E+05   1.7337342E-01   7.7534951E-02
    965   1.112400000000000E+05   1.0413960E-01   6.0125027E-02
    966   1.113000000000000E+05   3.4726769E-02   3.4726769E-02
    967   1.113600000000000E+05   1.0345245E-01   5.9728298E-02
    968   1.114200000000000E+05   6.8875425E-02   4.8702281E-02
    969   1.114800000000000E+05   3.4451839E-02   3.4451839E-02
    970   1.115400000000000E+05   2.7591217E-01   9.7549677E-02
    971   1.116000000000000E+05   1.3808390E-01   6.9041952E-02
    972   1.116600000000000E+05   1.3731006E-01   6.8655029E-02
    973   1.117200000000000E+05   6.8656698E-02   4.8547614E-02
    974   1.117800000000000E+05   1.7206477E-01   7.6949701E-02
    975   1.118400000000000E+05   2.7481663E-01   9.7162344E-02
    976   1.119000000000000E+05   3.4355089E-02   3.4355089E-02
    977   1.119600000000000E+05   1.3707994E-01   6.8539970E-02
    978   1.120200000000000E+05   2.0603910E-01   8.4115110E-02
    979   1.120800000000000E+05   1.3738017E-01   6.8690084E-02
    980   1.121400000000000E+05   2.0647137E-01   8.4291585E-02
    981   1.122000000000000E+05   2.7443236E-01   9.7026482E-02
    982   1.122600000000000E+05   1.7167544E-01   7.6775588E-02
    983   1.123200000000000E+05   2.0660615E-01   8.4346607E-02
    984   1.123800000000000E+05   1.3764450E-01   6.8822250E-02
    985   1.124400000000000E+05   4.1288471E-01   1.1918955E-01
    986   1.125000000000000E+05   1.0326225E-01   5.9618484E-02
    987   1.125600000000000E+05   3.4437884E-02   3.4437884E-02
    988   1.126200000000000E+05   1.3768139E-01   6.8840697E-02
    989   1.126800000000000E+05   1.3769577E-01   6.8847887E-02
    990   1.127400000000000E+05   6.9022015E-02   4.8805933E-02
    991   1.128000000000000E+05   1.7212269E-01   7.6975606E-02
    992   1.128600000000000E+05   2.0682092E-01   8.4434286E-02
    993   1.129200000000000E+05   1.0342698E-01   5.9713591E-02
    994   1.129800000000000E+05   3.4565773E-02   3.4565773E-02
    995   1.130400000000000E+05   1.7304654E-01   7.7388763E-02
    996   1.131000000000000E+05   1.7266078E-01   7.7216253E-02
    997   1.131600000000000E+05   1.7261338E-01   7.7195048E-02
    998   1.132200000000000E+05   1.0340435E-01   5.9700530E-02
    999   1.132800000000000E+05   2.7495304E-01   9.7210579E-02
   1000   1.133400000000000E+05   2.4187165E-01   9.1418892E-02
   1001   1.134000000000000E+05   1.0333997E-01   5.9663359E-02
   1002   1.134600000000000E+05   1.3748448E-01   6.8742238E-02
   1003   1.135200000000000E+05   4.8351285E-01   4.8351285E-01
   1004   1.159800000000000E+05   0.0000000E+00   0.0000000E+00
   1005   1.160400000000000E+05   1.7952879E-01   8.9764394E-02
   1006   1.161000000000000E+05   2.7939346E-01   9.8780505E-02
   1007   1.161600000000000E+05   1.0479106E-01   6.0501147E-02
   1008   1.162200000000000E+05   1.0502262E-01   6.0634837E-02
   1009   1.162800000000000E+05   2.4326558E-01   9.1945753E-02
   1010   1.163400000000000E+05   1.3959363E-01   6.9796816E-02
   1011   1.164000000000000E+05   2.7779070E-01   9.8213837E-02
   1012   1.164600000000000E+05   1.3919590E-01   6.9597952E-02
   1013   1.165200000000000E+05   2.0890309E-01   8.5284330E-02
   1014   1.165800000000000E+05   1.0463074E-01   6.0408585E-02
   1015   1.166400000000000E+05   1.3836116E-01   6.9180578E-02
   1016   1.167000000000000E+05   6.9488108E-02   4.9135514E-02
   1017   1.167600000000000E+05   1.0464606E-01   6.0417432E-02
   1018   1.168200000000000E+05   1.3887466E-01   6.9437332E-02
   1019   1.168800000000000E+05   4.1685858E-01   1.2033670E-01
   1020   1.169400000000000E+05   1.7510477E-01   7.8309238E-02
   1021   1.170000000000000E+05   2.7842301E-01   9.8437399E-02
   1022   1.170600000000000E+05   3.8210806E-01   1.1520992E-01
   1023   1.171200000000000E+05   1.7312275E-01   7.7422842E-02
   1024   1.171800000000000E+05   2.7558428E-01   9.7433761E-02
   1025   1.172400000000000E+05   2.0617811E-01   8.4171861E-02
   1026   1.173000000000000E+05   1.3756798E-01   6.8783991E-02
   1027   1.173600000000000E+05   3.1108370E-01   1.0369457E-01
   1028   1.174200000000000E+05   2.7562669E-01   9.7448751E-02
   1029   1.174800000000000E+05   2.4029686E-01   9.0823673E-02
   1030   1.175400000000000E+05   1.0316141E-01   5.9560265E-02
   1031   1.176000000000000E+05   1.7130484E-01   7.6609850E-02
   1032   1.176600000000000E+05   2.0584787E-01   8.4037051E-02
   1033   1.177200000000000E+05   1.3691185E-01   6.8455927E-02
   1034   1.177800000000000E+05   1.7152441E-01   7.6708049E-02
   1035   1.178400000000000E+05   1.0293472E-01   5.9429385E-02
   1036   1.179000000000000E+05   4.4511431E-01   1.2345250E-01
   1037   1.179600000000000E+05   1.3696843E-01   6.8484217E-02
   1038   1.180200000000000E+05   6.8825506E-02   4.8666984E-02
   1039   1.180800000000000E+05   2.4079929E-01   9.1013573E-02
   1040   1.181400000000000E+05   1.0303517E-01   5.9487380E-02
   1041   1.182000000000000E+05   1.7168947E-01   7.6781861E-02
   1042   1.182600000000000E+05   2.4124680E-01   9.1182724E-02
   1043   1.183200000000000E+05   1.3773333E-01   6.8866663E-02
   1044   1.183800000000000E+05   6.9000535E-02   4.8790745E-02
   1045   1.184400000000000E+05   1.3775885E-01   6.8879426E-02
   1046   1.185000000000000E+05   2.0699489E-01   8.4505312E-02
   1047   1.185600000000000E+05   1.3781621E-01   6.8908103E-02
   1048   1.186200000000000E+05   1.3782722E-01   6.8913609E-02
   1049   1.186800000000000E+05   1.7250477E-01   7.7146478E-02
   1050   1.187400000000000E+05   2.4159649E-01   9.1314889E-02
   1051   1.188000000000000E+05   6.8983205E-02   4.8778489E-02
   1052   1.188600000000000E+05   2.0697001E-01   8.4495150E-02
   1053   1.189200000000000E+05   6.8973280E-02   4.8771475E-02
   1054   1.189800000000000E+05   1.7257521E-01   7.7177979E-02
   1055   1.190400000000000E+05   1.3757157E-01   6.8785787E-02
   1056   1.191000000000000E+05   1.0327020E-01   5.9623074E-02
   1057   1.191600000000000E+05   1.7205089E-01   7.6943494E-02
   1058   1.192200000000000E+05   2.0674425E-01   8.4402993E-02
   1059   1.192800000000000E+05   2.3074773E-01   1.0319352E-01
   1060   1.218000000000000E+05   0.0000000E+00   0.0000000E+00
   1061   1.218600000000000E+05   4.1788772E-01   1.2599789E-01
   1062   1.219200000000000E+05   1.0540880E-01   6.0857795E-02
   1063   1.219800000000000E+05   1.4007030E-01   7.0035152E-02
   1064   1.220400000000000E+05   1.7454024E-01   7.8056768E-02
   1065   1.221000000000000E+05   2.4516177E-01   9.2662439E-02
   1066   1.221600000000000E+05   1.3954607E-01   6.9773033E-02
   1067   1.222200000000000E+05   3.1260976E-01   1.0420325E-01
   1068   1.222800000000000E+05   2.7979225E-01   9.8921493E-02
   1069   1.223400000000000E+05   1.7413233E-01   7.7874348E-02
   1070   1.224000000000000E+05   1.3954887E-01   6.9774434E-02
   1071   1.224600000000000E+05   1.0455504E-01   6.0364876E-02
   1072   1.225200000000000E+05   1.3903920E-01   6.9519602E-02
   1073   1.225800000000000E+05   1.3932484E-01   6.9662422E-02
   1074   1.226400000000000E+05   2.0964924E-01   8.5588947E-02
   1075   1.227000000000000E+05   1.7487675E-01   7.8207262E-02
   1076   1.227600000000000E+05   6.9585003E-02   4.9204025E-02
   1077   1.228200000000000E+05   1.0468409E-01   6.0439385E-02
   1078   1.228800000000000E+05   1.7459846E-01   7.8082800E-02
   1079   1.229400000000000E+05   2.4208911E-01   9.1501079E-02
   1080   1.230000000000000E+05   1.7369467E-01   7.7678613E-02
   1081   1.230600000000000E+05   1.3899702E-01   6.9498509E-02
   1082   1.231200000000000E+05   1.7284553E-01   7.7298872E-02
   1083   1.231800000000000E+05   1.0402104E-01   6.0056571E-02
   1084   1.232400000000000E+05   6.9166258E-02   4.8907928E-02
   1085   1.233000000000000E+05   1.3792753E-01   6.8963766E-02
   1086   1.233600000000000E+05   1.3776204E-01   6.8881020E-02
   1087   1.234200000000000E+05   2.0655356E-01   8.4325142E-02
   1088   1.234800000000000E+05   1.7183667E-01   7.6847695E-02
   1089   1.235400000000000E+05   1.0312241E-01   5.9537746E-02
   1090   1.236000000000000E+05   1.3690670E-01   6.8453349E-02
   1091   1.236600000000000E+05   2.0555238E-01   8.3916411E-02
   1092   1.237200000000000E+05   2.7435437E-01   9.6998915E-02
   1093   1.237800000000000E+05   1.3726538E-01   6.8632692E-02
   1094   1.238400000000000E+05   1.0275418E-01   5.9325155E-02
   1095   1.239000000000000E+05   1.3726470E-01   6.8632349E-02
   1096   1.239600000000000E+05   1.3732807E-01   6.8664037E-02
   1097   1.240200000000000E+05   1.3762113E-01   6.8810567E-02
   1098   1.240800000000000E+05   1.7194945E-01   7.6898128E-02
   1099   1.241400000000000E+05   1.0306676E-01   5.9505623E-02
   1100   1.242000000000000E+05   1.7243469E-01   7.7115133E-02
   1101   1.242600000000000E+05   1.0332906E-01   5.9657056E-02
   1102   1.243200000000000E+05   2.4110284E-01   9.1128312E-02
   1103   1.243800000000000E+05   6.8882428E-02   4.8707228E-02
   1104   1.244400000000000E+05   2.7638516E-01   9.7716913E-02
   1105   1.245000000000000E+05   6.8926908E-02   4.8738685E-02
   1106   1.245600000000000E+05   2.4155101E-01   9.1297701E-02
   1107   1.246200000000000E+05   1.3792397E-01   6.8961985E-02
   1108   1.246800000000000E+05   1.3805313E-01   6.9026567E-02
   1109   1.247400000000000E+05   2.7547047E-01   9.7393520E-02
   1110   1.248000000000000E+05   6.8935350E-02   4.8744652E-02
   1111   1.248600000000000E+05   1.3794386E-01   6.8971932E-02
   1112   1.249200000000000E+05   3.4487203E-02   3.4487203E-02
   1113   1.249800000000000E+05   1.3793263E-01   6.8966314E-02
   1114   1.250400000000000E+05   3.4519736E-02   3.4519736E-02
   1115   1.251000000000000E+05   3.2805780E-01   1.6402890E-01
   1116   1.275600000000000E+05   0.0000000E+00   0.0000000E+00
   1117   1.276200000000000E+05   0.0000000E+00   0.0000000E+00
   1118   1.276800000000000E+05   1.7619283E-01   7.8795835E-02
   1119   1.277400000000000E+05   1.4049099E-01   7.0245497E-02
   1120   1.278000000000000E+05   1.7595470E-01   7.8689337E-02
   1121   1.278600000000000E+05   1.4036028E-01   7.0180140E-02
   1122   1.279200000000000E+05   1.4041539E-01   7.0207693E-02
   1123   1.279800000000000E+05   1.7472577E-01   7.8139737E-02
   1124   1.280400000000000E+05   1.3975263E-01   6.9876313E-02
   1125   1.281000000000000E+05   2.0972580E-01   8.5620202E-02
   1126   1.281600000000000E+05   2.1019363E-01   8.5811198E-02
   1127   1.282200000000000E+05   1.7396271E-01   7.7798486E-02
   1128   1.282800000000000E+05   1.0436492E-01   6.0255114E-02
   1129   1.283400000000000E+05   1.3987198E-01   6.9935992E-02
   1130   1.284000000000000E+05   3.8366523E-01   1.1567943E-01
   1131   1.284600000000000E+05   3.5019394E-02   3.5019394E-02
   1132   1.285200000000000E+05   2.0968361E-01   8.5602976E-02
   1133   1.285800000000000E+05   1.4001219E-01   7.0006095E-02
   1134   1.286400000000000E+05   1.7490299E-01   7.8218997E-02
   1135   1.287000000000000E+05   1.3931620E-01   6.9658101E-02
   1136   1.287600000000000E+05   2.4445921E-01   9.2396900E-02
   1137   1.288200000000000E+05   1.0352868E-01   5.9772309E-02
   1138   1.288800000000000E+05   1.3816959E-01   6.9084793E-02
   1139   1.289400000000000E+05   2.7630314E-01   9.7687908E-02
   1140   1.290000000000000E+05   1.3767871E-01   6.8839356E-02
   1141   1.290600000000000E+05   6.8877846E-02   4.8703995E-02
   1142   1.291200000000000E+05   6.9085047E-02   4.8850503E-02
   1143   1.291800000000000E+05   1.0301295E-01   5.9474550E-02
   1144   1.292400000000000E+05   2.4083760E-01   9.1028057E-02
   1145   1.293000000000000E+05   1.7151371E-01   7.6703258E-02
   1146   1.293600000000000E+05   1.0253662E-01   5.9199546E-02
   1147   1.294200000000000E+05   1.0264736E-01   5.9263475E-02
   1148   1.294800000000000E+05   2.0579165E-01   8.4014088E-02
   1149   1.295400000000000E+05   1.7142776E-01   7.6664820E-02
   1150   1.296000000000000E+05   2.4021544E-01   9.0792902E-02
   1151   1.296600000000000E+05   3.4317993E-02   3.4317993E-02
   1152   1.297200000000000E+05   1.0318536E-01   5.9574090E-02
   1153   1.297800000000000E+05   1.0320047E-01   5.9582818E-02
   1154   1.298400000000000E+05   1.0349389E-01   5.9752222E-02
   1155   1.299000000000000E+05   2.4107668E-01   9.1118418E-02
   1156   1.299600000000000E+05   6.8798631E-02   4.8647977E-02
   1157   1.300200000000000E+05   6.8744332E-02   4.8609581E-02
   1158   1.300800000000000E+05   1.3809058E-01   6.9045290E-02
   1159   1.301400000000000E+05   1.0342943E-01   5.9715007E-02
   1160   1.302000000000000E+05   1.0339137E-01   5.9693031E-02
   1161   1.302600000000000E+05   1.7227504E-01   7.7043734E-02
   1162   1.303200000000000E+05   1.3765287E-01   6.8826437E-02
   1163   1.303800000000000E+05   1.7217134E-01   7.6997362E-02
   1164   1.304400000000000E+05   2.0700933E-01   8.4511213E-02
   1165   1.305000000000000E+05   1.0332135E-01   5.9652608E-02
   1166   1.305600000000000E+05   3.4381609E-02   3.4381609E-02
   1167   1.306200000000000E+05   2.0641124E-01   8.4267035E-02
   1168   1.306800000000000E+05   1.7179881E-01   7.6830760E-02
   1169   1.307400000000000E+05   2.0654997E-01   8.4323674E-02
   1170   1.308000000000000E+05   2.0660366E-01   8.4345594E-02
   1171   1.308600000000000E+05   2.0669690E-01   8.4383659E-02
   1172   1.309200000000000E+05   0.0000000E+00   0.0000000E+00
   1173   1.336800000000000E+05   1.6851471E-01   1.6851471E-01
   1174   1.337400000000000E+05   1.7604701E-01   7.8730613E-02
   1175   1.338000000000000E+05   1.7583515E-01   7.8635871E-02
   1176   1.338600000000000E+05   1.4034623E-01   7.0173115E-02
   1177   1.339200000000000E+05   1.0513022E-01   6.0696956E-02
   1178   1.339800000000000E+05   7.0215575E-02   4.9649905E-02
   1179   1.340400000000000E+05   6.9917127E-02   4.9438875E-02
   1180   1.341000000000000E+05   1.0531230E-01   6.0802087E-02
   1181   1.341600000000000E+05   3.4928877E-02   3.4928877E-02
   1182   1.342200000000000E+05   1.0542554E-01   6.0867459E-02
   1183   1.342800000000000E+05   1.0495041E-01   6.0593151E-02
   1184   1.343400000000000E+05   6.9909714E-02   4.9433634E-02
   1185   1.344000000000000E+05   6.9943823E-02   4.9457751E-02
   1186   1.344600000000000E+05   0.0000000E+00   0.0000000E+00
   1187   1.345200000000000E+05   1.3980998E-01   6.9904990E-02
   1188   1.345800000000000E+05   6.9639169E-02   4.9242325E-02
   1189   1.346400000000000E+05   1.0422541E-01   6.0174569E-02
   1190   1.347000000000000E+05   2.4172533E-01   9.1363579E-02
   1191   1.347600000000000E+05   2.0779856E-01   8.4833406E-02
   1192   1.348200000000000E+05   3.4533564E-02   3.4533564E-02
   1193   1.348800000000000E+05   1.7360236E-01   7.7637330E-02
   1194   1.349400000000000E+05   6.8938047E-02   4.8746560E-02
   1195   1.350000000000000E+05   1.7216632E-01   7.6995119E-02
   1196   1.350600000000000E+05   1.7162086E-01   7.6751180E-02
   1197   1.351200000000000E+05   1.3690422E-01   6.8452112E-02
   1198   1.351800000000000E+05   1.0270281E-01   5.9295494E-02
   1199   1.352400000000000E+05   6.8546712E-02   4.8469845E-02
   1200   1.353000000000000E+05   1.0262667E-01   5.9251532E-02
   1201   1.353600000000000E+05   1.3719866E-01   6.8599328E-02
   1202   1.354200000000000E+05   1.7171536E-01   7.6793447E-02
   1203   1.354800000000000E+05   1.0310792E-01   5.9529386E-02
   1204   1.355400000000000E+05   1.0317816E-01   5.9569933E-02
   1205   1.356000000000000E+05   1.7196697E-01   7.6905966E-02
   1206   1.356600000000000E+05   2.4156944E-01   9.1304667E-02
   1207   1.357200000000000E+05   1.0335477E-01   5.9671901E-02
   1208   1.357800000000000E+05   6.8854265E-02   4.8687313E-02
   1209   1.358400000000000E+05   2.0681314E-01   8.4431112E-02
   1210   1.359000000000000E+05   1.3773331E-01   6.8866655E-02
   1211   1.359600000000000E+05   3.4501422E-02   3.4501422E-02
   1212   1.360200000000000E+05   1.3758826E-01   6.8794131E-02
   1213   1.360800000000000E+05   1.7205751E-01   7.6946460E-02
   1214   1.361400000000000E+05   2.7586743E-01   9.7533859E-02
   1215   1.362000000000000E+05   2.4164267E-01   9.1332339E-02
   1216   1.362600000000000E+05   1.7205963E-01   7.6947406E-02
   1217   1.363200000000000E+05   1.7215186E-01   7.6988652E-02
   1218   1.363800000000000E+05   1.3764343E-01   6.8821713E-02
   1219   1.364400000000000E+05   6.8697914E-02   4.8576757E-02
   1220   1.365000000000000E+05   1.3730894E-01   6.8654470E-02
   1221   1.365600000000000E+05   1.7194703E-01   7.6897047E-02
   1222   1.366200000000000E+05   1.0277735E-01   5.9338532E-02
   1223   1.366800000000000E+05   1.3665232E-01   7.8896262E-02
   1224   1.396800000000000E+05   1.0243192E-01   7.2430305E-02
   1225   1.397400000000000E+05   3.8190294E-02   3.8190294E-02
   1226   1.398000000000000E+05   1.7971608E-01   8.0371477E-02
   1227   1.398600000000000E+05   1.0556615E-01   6.0948644E-02
   1228   1.399200000000000E+05   3.5115764E-02   3.5115764E-02
   1229   1.399800000000000E+05   7.0212886E-02   4.9648006E-02
   1230   1.400400000000000E+05   1.4055510E-01   7.0277549E-02
   1231   1.401000000000000E+05   7.0180707E-02   4.9625251E-02
   1232   1.401600000000000E+05   1.0570188E-01   6.1027005E-02
   1233   1.402200000000000E+05   1.0505095E-01   6.0651194E-02
   1234   1.402800000000000E+05   1.4026268E-01   7.0131339E-02
   1235   1.403400000000000E+05   4.1637027E-01   1.2019574E-01
   1236   1.404000000000000E+05   2.4153955E-01   9.1293372E-02
   1237   1.404600000000000E+05   2.7757660E-01   9.8138146E-02
   1238   1.405200000000000E+05   1.3830432E-01   6.9152161E-02
   1239   1.405800000000000E+05   1.7358926E-01   7.7631474E-02
   1240   1.406400000000000E+05   1.7344382E-01   7.7566437E-02
   1241   1.407000000000000E+05   2.4179889E-01   9.1391392E-02
   1242   1.407600000000000E+05   2.7626666E-01   9.7675018E-02
   1243   1.408200000000000E+05   1.0332842E-01   5.9656691E-02
   1244   1.408800000000000E+05   1.7200923E-01   7.6924868E-02
   1245   1.409400000000000E+05   1.3737741E-01   6.8688706E-02
   1246   1.410000000000000E+05   2.0542340E-01   8.3863758E-02
   1247   1.410600000000000E+05   2.4012734E-01   9.0759605E-02
   1248   1.411200000000000E+05   3.4245223E-02   3.4245223E-02
   1249   1.411800000000000E+05   1.3708949E-01   6.8544745E-02
   1250   1.412400000000000E+05   1.7138484E-01   7.6645635E-02
   1251   1.413000000000000E+05   1.3722898E-01   6.8614490E-02
   1252   1.413600000000000E+05   6.8588741E-02   4.8499562E-02
   1253   1.414200000000000E+05   2.0578861E-01   8.4012851E-02
   1254   1.414800000000000E+05   1.3761783E-01   6.8808913E-02
   1255   1.415400000000000E+05   3.4356441E-02   3.4356441E-02
   1256   1.416000000000000E+05   1.3819222E-01   6.9096111E-02
   1257   1.416600000000000E+05   1.7213115E-01   7.6979391E-02
   1258   1.417200000000000E+05   1.0299315E-01   5.9463117E-02
   1259   1.417800000000000E+05   6.8709001E-02   4.8584599E-02
   1260   1.418400000000000E+05   1.7205569E-01   7.6945648E-02
   1261   1.419000000000000E+05   1.0331696E-01   5.9650067E-02
   1262   1.419600000000000E+05   3.1007484E-01   1.0335827E-01
   1263   1.420200000000000E+05   1.7230503E-01   7.7057153E-02
   1264   1.420800000000000E+05   1.0310914E-01   5.9530083E-02
   1265   1.421400000000000E+05   1.7243116E-01   7.7113561E-02
   1266   1.422000000000000E+05   1.7240320E-01   7.7101059E-02
   1267   1.422600000000000E+05   1.3763830E-01   6.8819150E-02
   1268   1.423200000000000E+05   1.7197371E-01   7.6908976E-02
   1269   1.423800000000000E+05   1.3772100E-01   6.8860501E-02
   1270   1.424400000000000E+05   1.0289938E-01   5.9408985E-02
   1271   1.425000000000000E+05   1.5998012E-01   1.1312303E-01
   1272   1.458000000000000E+05   3.3335328E-01   1.9246159E-01
   1273   1.458600000000000E+05   1.2433042E-01   7.1782202E-02
   1274   1.459200000000000E+05   3.7404105E-02   3.7404105E-02
   1275   1.459800000000000E+05   1.0672306E-01   6.1616581E-02
   1276   1.460400000000000E+05   1.0536353E-01   6.0831659E-02
   1277   1.461000000000000E+05   3.4887239E-02   3.4887239E-02
   1278   1.461600000000000E+05   2.0809126E-01   8.4952906E-02
   1279   1.462200000000000E+05   1.3859485E-01   6.9297425E-02
   1280   1.462800000000000E+05   1.3896511E-01   6.9482557E-02
   1281   1.463400000000000E+05   6.8999276E-02   4.8789851E-02
   1282   1.464000000000000E+05   1.0443915E-01   6.0297966E-02
   1283   1.464600000000000E+05   1.7305399E-01   7.7392101E-02
   1284   1.465200000000000E+05   1.7267324E-01   7.7221818E-02
   1285   1.465800000000000E+05   1.0385572E-01   5.9961129E-02
   1286   1.466400000000000E+05   1.7202269E-01   7.6930881E-02
   1287   1.467000000000000E+05   2.4042031E-01   9.0870336E-02
   1288   1.467600000000000E+05   6.8540126E-02   4.8465189E-02
   1289   1.468200000000000E+05   2.0579751E-01   8.4016480E-02
   1290   1.468800000000000E+05   3.4297798E-02   3.4297798E-02
   1291   1.469400000000000E+05   3.4377277E-02   3.4377277E-02
   1292   1.470000000000000E+05   1.3775143E-01   6.8875715E-02
   1293   1.470600000000000E+05   6.8799473E-02   4.8648573E-02
   1294   1.471200000000000E+05   3.4435563E-02   3.4435563E-02
   1295   1.471800000000000E+05   1.7218661E-01   7.7004187E-02
   1296   1.472400000000000E+05   1.0344214E-01   5.9722349E-02
   1297   1.473000000000000E+05   6.8879604E-02   4.8705235E-02
   1298   1.473600000000000E+05   1.0333188E-01   5.9658688E-02
   1299   1.474200000000000E+05   1.0357176E-01   5.9797183E-02
   1300   1.474800000000000E+05   6.8912856E-02   4.8728745E-02
   1301   1.475400000000000E+05   1.3743642E-01   6.8718210E-02
   1302   1.476000000000000E+05   1.3773371E-01   6.8866856E-02
   1303   1.476600000000000E+05   2.0660971E-01   8.4348060E-02
   1304   1.477200000000000E+05   1.7241724E-01   7.7107333E-02
   1305   1.477800000000000E+05   1.7183657E-01   7.6847650E-02
   1306   1.478400000000000E+05   2.0664266E-01   8.4361516E-02
   1307   1.479000000000000E+05   1.0326580E-01   5.9620537E-02
   1308   1.479600000000000E+05   2.4053253E-01   9.0912752E-02
   1309   1.480200000000000E+05   1.0319251E-01   5.9578221E-02
   1310   1.480800000000000E+05   1.0304290E-01   5.9491847E-02
   1311   1.481400000000000E+05   1.3749683E-01   6.8748415E-02
   1312   1.482000000000000E+05   1.0295951E-01   5.9443697E-02
   1313   1.482600000000000E+05   2.0605853E-01   8.4123045E-02
   1314   1.483200000000000E+05   0.0000000E+00   0.0000000E+00
   1315   1.507800000000000E+05   0.0000000E+00   0.0000000E+00
   1316   1.508400000000000E+05   1.7920394E-01   1.7920394E-01
   1317   1.509000000000000E+05   1.0495752E-01   6.0597248E-02
   1318   1.509600000000000E+05   1.4066693E-01   7.0333466E-02
   1319   1.510200000000000E+05   2.7994716E-01   9.8976262E-02
   1320   1.510800000000000E+05   0.0000000E+00   0.0000000E+00
   1321   1.518600000000000E+05   0.0000000E+00   0.0000000E+00
   1322   1.519200000000000E+05   8.6379208E-02   6.1079320E-02
   1323   1.519800000000000E+05   0.0000000E+00   0.0000000E+00
   1324   1.520400000000000E+05   1.1314657E-01   6.5325201E-02
   1325   1.521000000000000E+05   7.2096340E-02   5.0979812E-02
   1326   1.521600000000000E+05   1.0556535E-01   6.0948186E-02
   1327   1.522200000000000E+05   0.0000000E+00   0.0000000E+00
   1328   1.522800000000000E+05   1.0422893E-01   6.0176600E-02
   1329   1.523400000000000E+05   6.9041587E-02   4.8819769E-02
   1330   1.524000000000000E+05   1.7215015E-01   7.6987885E-02
   1331   1.524600000000000E+05   6.8741567E-02   4.8607629E-02
   1332   1.525200000000000E+05   6.8718344E-02   4.8591204E-02
   1333   1.525800000000000E+05   6.8648078E-02   4.8541520E-02
   1334   1.526400000000000E+05   6.8954058E-02   4.8757881E-02
   1335   1.527000000000000E+05   6.8590283E-02   4.8500653E-02
   1336   1.527600000000000E+05   2.0576623E-01   8.4003709E-02
   1337   1.528200000000000E+05   1.0333085E-01   5.9658092E-02
   1338   1.528800000000000E+05   6.8668433E-02   4.8555911E-02
   1339   1.529400000000000E+05   1.7208318E-01   7.6957941E-02
   1340   1.530000000000000E+05   3.4444228E-01   1.0892221E-01
   1341   1.530600000000000E+05   1.0339414E-01   5.9694633E-02
   1342   1.531200000000000E+05   1.0330839E-01   5.9645120E-02
   1343   1.531800000000000E+05   1.3781653E-01   6.8908267E-02
   1344   1.532400000000000E+05   1.7233038E-01   7.7068493E-02
   1345   1.533000000000000E+05   0.0000000E+00   0.0000000E+00
   1346   1.533600000000000E+05   6.8877541E-02   4.8703775E-02
   1347   1.534200000000000E+05   2.7557296E-01   9.7429752E-02
   1348   1.534800000000000E+05   2.0662580E-01   8.4354632E-02
   1349   1.535400000000000E+05   2.0674141E-01   8.4401824E-02
   1350   1.536000000000000E+05   1.3777947E-01   6.8889737E-02
   1351   1.536600000000000E+05   1.0312489E-01   5.9539177E-02
   1352   1.537200000000000E+05   2.0598499E-01   8.4093027E-02
   1353   1.537800000000000E+05   1.3755915E-01   6.8779573E-02
   1354   1.538400000000000E+05   6.8709530E-02   4.8584975E-02
   1355   1.539000000000000E+05   1.7164326E-01   7.6761201E-02
   1356   1.539600000000000E+05   2.0598844E-01   8.4094428E-02
   1357   1.540200000000000E+05   1.3731997E-01   6.8659984E-02
   1358   1.540800000000000E+05   1.3199691E-01   7.6208450E-02
   1359   1.566000000000000E+05   0.0000000E+00   0.0000000E+00
   1360   1.566600000000000E+05   2.1674147E-01   8.8484339E-02
   1361   1.567200000000000E+05   3.4940127E-02   3.4940127E-02
   1362   1.567800000000000E+05   0.0000000E+00   0.0000000E+00
   1363   1.568400000000000E+05   3.5236910E-02   3.5236910E-02
   1364   1.569000000000000E+05   1.0476252E-01   6.0484666E-02
   1365   1.569600000000000E+05   1.3978402E-01   6.9892012E-02
   1366   1.570200000000000E+05   1.4006153E-01   7.0030764E-02
   1367   1.570800000000000E+05   1.7551449E-01   7.8492463E-02
   1368   1.571400000000000E+05   2.4493511E-01   9.2576772E-02
   1369   1.572000000000000E+05   0.0000000E+00   0.0000000E+00
   1370   1.572600000000000E+05   1.3952988E-01   8.0557607E-02
   1371   1.575000000000000E+05   1.4491682E-01   1.4491682E-01
   1372   1.575600000000000E+05   1.7463787E-01   7.8100428E-02
   1373   1.576200000000000E+05   1.0459734E-01   6.0389299E-02
   1374   1.576800000000000E+05   6.9967575E-02   4.9474545E-02
   1375   1.577400000000000E+05   6.9721453E-02   4.9300507E-02
   1376   1.578000000000000E+05   7.0162602E-02   4.9612451E-02
   1377   1.578600000000000E+05   2.1279062E-01   8.6871408E-02
   1378   1.579200000000000E+05   7.0970766E-02   5.0183907E-02
   1379   1.579800000000000E+05   1.0861516E-01   6.2708989E-02
   1380   1.580400000000000E+05   1.0928947E-01   6.3098297E-02
   1381   1.581000000000000E+05   1.8208979E-01   8.1433028E-02
   1382   1.581600000000000E+05   1.4303853E-01   7.1519263E-02
   1383   1.582200000000000E+05   3.5512690E-02   3.5512690E-02
   1384   1.582800000000000E+05   7.0216715E-02   4.9650714E-02
   1385   1.583400000000000E+05   1.0412527E-01   6.0116749E-02
   1386   1.584000000000000E+05   6.9093890E-02   4.8856758E-02
   1387   1.584600000000000E+05   1.3772830E-01   6.8864152E-02
   1388   1.585200000000000E+05   1.0293446E-01   5.9429236E-02
   1389   1.585800000000000E+05   1.7127478E-01   7.6596409E-02
   1390   1.586400000000000E+05   2.7433985E-01   9.6993782E-02
   1391   1.587000000000000E+05   3.0882227E-01   1.0294076E-01
   1392   1.587600000000000E+05   3.4380931E-01   1.0872205E-01
   1393   1.588200000000000E+05   1.3765693E-01   6.8828464E-02
   1394   1.588800000000000E+05   2.0668477E-01   8.4378704E-02
   1395   1.589400000000000E+05   2.7521029E-01   9.7301528E-02
   1396   1.590000000000000E+05   1.0373199E-01   5.9889689E-02
   1397   1.590600000000000E+05   6.8884343E-02   4.8708584E-02
   1398   1.591200000000000E+05   6.8836480E-02   4.8674740E-02
   1399   1.591800000000000E+05   1.3778102E-01   6.8890512E-02
   1400   1.592400000000000E+05   1.3813624E-01   6.9068119E-02
   1401   1.593000000000000E+05   2.4081640E-01   9.1020048E-02
   1402   1.593600000000000E+05   2.0642726E-01   8.4273577E-02
   1403   1.594200000000000E+05   1.3781846E-01   6.8909228E-02
   1404   1.594800000000000E+05   2.7567068E-01   9.7464301E-02
   1405   1.595400000000000E+05   3.4423418E-02   3.4423418E-02
   1406   1.596000000000000E+05   1.3758902E-01   6.8794511E-02
   1407   1.596600000000000E+05   2.0650510E-01   8.4305361E-02
   1408   1.597200000000000E+05   2.0614581E-01   8.4158674E-02
   1409   1.597800000000000E+05   1.7198880E-01   7.6915726E-02
   1410   1.598400000000000E+05   1.0320922E-01   5.9587870E-02
   1411   1.599000000000000E+05   0.0000000E+00   0.0000000E+00
   1412   1.623600000000000E+05   0.0000000E+00   0.0000000E+00
   1413   1.624200000000000E+05   8.9097753E-02   6.3001625E-02
   1414   1.624800000000000E+05   6.9478653E-02   4.9128823E-02
   1415   1.625400000000000E+05   1.0487896E-01   6.0551897E-02
   1416   1.626000000000000E+05   7.0020586E-02   4.9512032E-02
   1417   1.626600000000000E+05   1.7495845E-01   7.8243800E-02
   1418   1.627200000000000E+05   1.7469701E-01   7.8126878E-02
   1419   1.627800000000000E+05   7.0298187E-02   4.9708322E-02
   1420   1.628400000000000E+05   1.0475422E-01   6.0479872E-02
   1421   1.629000000000000E+05   3.4958433E-02   3.4958433E-02
   1422   1.629600000000000E+05   1.7545483E-01   7.8465782E-02
   1423   1.630200000000000E+05   1.4007221E-01   7.0036106E-02
   1424   1.630800000000000E+05   1.7575154E-01   7.8598477E-02
   1425   1.631400000000000E+05   1.7493989E-01   7.8235492E-02
   1426   1.632000000000000E+05   0.0000000E+00   0.0000000E+00
   1427   1.632600000000000E+05   2.1021709E-01   8.5820772E-02
   1428   1.633200000000000E+05   1.4044164E-01   8.1084006E-02
   1429   1.637400000000000E+05   1.3937023E-01   1.3937023E-01
   1430   1.638000000000000E+05   1.7241938E-01   7.7108286E-02
   1431   1.638600000000000E+05   2.4194296E-01   9.1445841E-02
   1432   1.639200000000000E+05   1.3791525E-01   6.8957627E-02
   1433   1.639800000000000E+05   1.7186618E-01   7.6860890E-02
   1434   1.640400000000000E+05   2.0571059E-01   8.3981000E-02
   1435   1.641000000000000E+05   1.3705288E-01   6.8526439E-02
   1436   1.641600000000000E+05   6.8549275E-02   4.8471659E-02
   1437   1.642200000000000E+05   0.0000000E+00   0.0000000E+00
   1438   1.642800000000000E+05   6.8907656E-02   4.8725069E-02
   1439   1.643400000000000E+05   2.0786220E-01   8.4859386E-02
   1440   1.644000000000000E+05   6.9370188E-02   4.9052130E-02
   1441   1.644600000000000E+05   6.9486737E-02   4.9134541E-02
   1442   1.645200000000000E+05   2.0816027E-01   8.4981069E-02
   1443   1.645800000000000E+05   3.4639750E-02   3.4639750E-02
   1444   1.646400000000000E+05   3.4563363E-02   3.4563363E-02
   1445   1.647000000000000E+05   1.0347724E-01   5.9742611E-02
   1446   1.647600000000000E+05   1.0349099E-01   5.9750549E-02
   1447   1.648200000000000E+05   1.7257564E-01   7.7178173E-02
   1448   1.648800000000000E+05   1.7262565E-01   7.7200532E-02
   1449   1.649400000000000E+05   1.0344280E-01   5.9722729E-02
   1450   1.650000000000000E+05   3.4555443E-02   3.4555443E-02
   1451   1.650600000000000E+05   1.3777094E-01   6.8885468E-02
   1452   1.651200000000000E+05   2.7575597E-01   9.7494453E-02
   1453   1.651800000000000E+05   3.4401324E-02   3.4401324E-02
   1454   1.652400000000000E+05   1.0335027E-01   5.9669305E-02
   1455   1.653000000000000E+05   2.4166147E-01   9.1339454E-02
   1456   1.653600000000000E+05   6.8772927E-02   4.8629798E-02
   1457   1.654200000000000E+05   1.0308196E-01   5.9514392E-02
   1458   1.654800000000000E+05   1.7170449E-01   7.6788582E-02
   1459   1.655400000000000E+05   0.0000000E+00   0.0000000E+00
   1460   1.656000000000000E+05   3.4295917E-02   3.4295917E-02
   1461   1.656600000000000E+05   1.7208485E-01   7.6958686E-02
   1462   1.657200000000000E+05   0.0000000E+00   0.0000000E+00
   1463   1.681800000000000E+05   0.0000000E+00   0.0000000E+00
   1464   1.682400000000000E+05   1.8993454E-01   9.4967268E-02
   1465   1.683000000000000E+05   1.7469400E-01   7.8125529E-02
   1466   1.683600000000000E+05   7.0072666E-02   4.9548853E-02
   1467   1.684200000000000E+05   1.7404719E-01   7.7836268E-02
   1468   1.684800000000000E+05   3.5008818E-02   3.5008818E-02
   1469   1.685400000000000E+05   7.0128918E-02   4.9588636E-02
   1470   1.686000000000000E+05   1.3946514E-01   6.9732569E-02
   1471   1.686600000000000E+05   7.0157997E-02   4.9609192E-02
   1472   1.687200000000000E+05   1.0485615E-01   6.0538724E-02
   1473   1.687800000000000E+05   7.0044115E-02   4.9528666E-02
   1474   1.688400000000000E+05   1.0506559E-01   6.0659647E-02
   1475   1.689000000000000E+05   1.3935445E-01   6.9677226E-02
   1476   1.689600000000000E+05   2.0986469E-01   8.5676901E-02
   1477   1.690200000000000E+05   1.0525826E-01   6.0770884E-02
   1478   1.690800000000000E+05   1.4012770E-01   7.0063852E-02
   1479   1.691400000000000E+05   6.9703035E-02   4.9287491E-02
   1480   1.692000000000000E+05   1.4073072E-01   7.0365362E-02
   1481   1.692600000000000E+05   1.7358583E-01   7.7629946E-02
   1482   1.693200000000000E+05   1.3944243E-01   6.9721214E-02
   1483   1.693800000000000E+05   1.3885710E-01   6.9428548E-02
   1484   1.694400000000000E+05   2.3544575E-01   1.0529454E-01
   1485   1.699200000000000E+05   0.0000000E+00   0.0000000E+00
   1486   1.699800000000000E+05   1.0289032E-01   5.9403755E-02
   1487   1.700400000000000E+05   1.7140406E-01   7.6654226E-02
   1488   1.701000000000000E+05   3.4299001E-02   3.4299001E-02
   1489   1.701600000000000E+05   2.0582503E-01   8.4027722E-02
   1490   1.702200000000000E+05   1.3747413E-01   6.8737067E-02
   1491   1.702800000000000E+05   1.3724416E-01   6.8622082E-02
   1492   1.703400000000000E+05   1.3733250E-01   6.8666250E-02
   1493   1.704000000000000E+05   1.3730796E-01   6.8653978E-02
   1494   1.704600000000000E+05   0.0000000E+00   0.0000000E+00
   1495   1.705200000000000E+05   1.3834117E-01   6.9170587E-02
   1496   1.705800000000000E+05   1.3907494E-01   6.9537468E-02
   1497   1.706400000000000E+05   1.0470103E-01   6.0449168E-02
   1498   1.707000000000000E+05   1.7499633E-01   7.8260735E-02
   1499   1.707600000000000E+05   1.0455683E-01   6.0365912E-02
   1500   1.708200000000000E+05   1.3875917E-01   6.9379583E-02
   1501   1.708800000000000E+05   1.7292075E-01   7.7332504E-02
   1502   1.709400000000000E+05   1.0325281E-01   5.9613034E-02
   1503   1.710000000000000E+05   1.0355426E-01   5.9787076E-02
   1504   1.710600000000000E+05   1.0320367E-01   5.9584662E-02
   1505   1.711200000000000E+05   2.4097984E-01   9.1081820E-02
   1506   1.711800000000000E+05   1.3761996E-01   6.8809979E-02
   1507   1.712400000000000E+05   6.8960384E-02   4.8762355E-02
   1508   1.713000000000000E+05   1.0315042E-01   5.9553921E-02
   1509   1.713600000000000E+05   1.0305582E-01   5.9499305E-02
   1510   1.714200000000000E+05   2.7416635E-01   9.6932441E-02
   1511   1.714800000000000E+05   8.3826154E-02   5.9274036E-02
   1512   1.740000000000000E+05   0.0000000E+00   0.0000000E+00
   1513   1.740600000000000E+05   7.5356700E-02   5.3285230E-02
   1514   1.741200000000000E+05   3.4729540E-02   3.4729540E-02
   1515   1.741800000000000E+05   2.7952015E-01   9.8825298E-02
   1516   1.742400000000000E+05   2.0950395E-01   8.5529633E-02
   1517   1.743000000000000E+05   1.0457962E-01   6.0379069E-02
   1518   1.743600000000000E+05   6.9853082E-02   4.9393587E-02
   1519   1.744200000000000E+05   3.4956265E-02   3.4956265E-02
   1520   1.744800000000000E+05   1.7402814E-01   7.7827752E-02
   1521   1.745400000000000E+05   1.4015929E-01   7.0079647E-02
   1522   1.746000000000000E+05   6.9894798E-02   4.9423084E-02
   1523   1.746600000000000E+05   3.5109043E-02   3.5109043E-02
   1524   1.747200000000000E+05   3.5068426E-02   3.5068426E-02
   1525   1.747800000000000E+05   1.7492609E-01   7.8229323E-02
   1526   1.748400000000000E+05   1.3956302E-01   6.9781512E-02
   1527   1.749000000000000E+05   0.0000000E+00   0.0000000E+00
   1528   1.749600000000000E+05   1.0494340E-01   6.0589097E-02
   1529   1.750200000000000E+05   1.7544313E-01   7.8460552E-02
   1530   1.750800000000000E+05   1.0508595E-01   6.0671400E-02
   1531   1.751400000000000E+05   3.4974232E-02   3.4974232E-02
   1532   1.752000000000000E+05   1.3894518E-01   6.9472589E-02
   1533   1.752600000000000E+05   3.4648750E-02   3.4648750E-02
   1534   1.753200000000000E+05   2.7771491E-01   9.8187037E-02
   1535   1.753800000000000E+05   1.3879611E-01   6.9398053E-02
   1536   1.754400000000000E+05   1.0395159E-01   6.0016476E-02
   1537   1.755000000000000E+05   6.9205478E-02   4.8935659E-02
   1538   1.755600000000000E+05   1.4260238E-01   8.2331523E-02
   1539   1.760400000000000E+05   0.0000000E+00   0.0000000E+00
   1540   1.761000000000000E+05   1.3705787E-01   6.8528935E-02
   1541   1.761600000000000E+05   1.3759826E-01   6.8799131E-02
   1542   1.762200000000000E+05   2.0690620E-01   8.4469102E-02
   1543   1.762800000000000E+05   1.3755958E-01   6.8779789E-02
   1544   1.763400000000000E+05   1.3752808E-01   6.8764038E-02
   1545   1.764000000000000E+05   6.8823062E-02   4.8665252E-02
   1546   1.764600000000000E+05   2.4089757E-01   9.1050722E-02
   1547   1.765200000000000E+05   1.0353408E-01   5.9775427E-02
   1548   1.765800000000000E+05   6.8827078E-02   4.8668094E-02
   1549   1.766400000000000E+05   6.9170959E-02   4.8911255E-02
   1550   1.767000000000000E+05   6.9747932E-02   4.9319234E-02
   1551   1.767600000000000E+05   1.0658025E-01   6.1534133E-02
   1552   1.768200000000000E+05   7.1681611E-02   5.0686553E-02
   1553   1.768800000000000E+05   3.6004096E-02   3.6004096E-02
   1554   1.769400000000000E+05   1.0700146E-01   6.1777320E-02
   1555   1.770000000000000E+05   1.7699318E-01   7.9153754E-02
   1556   1.770600000000000E+05   3.4789115E-02   3.4789115E-02
   1557   1.771200000000000E+05   0.0000000E+00   0.0000000E+00
   1558   1.771800000000000E+05   1.0319715E-01   5.9580900E-02
   1559   1.772400000000000E+05   1.0310643E-01   5.9528522E-02
   1560   1.773000000000000E+05   0.0000000E+00   0.0000000E+00
   1561   1.797600000000000E+05   0.0000000E+00   0.0000000E+00
   1562   1.798200000000000E+05   0.0000000E+00   0.0000000E+00
   1563   1.798800000000000E+05   4.3403283E-02   4.3403283E-02
   1564   1.799400000000000E+05   3.4810502E-02   3.4810502E-02
   1565   1.800000000000000E+05   1.3999999E-01   6.9999993E-02
   1566   1.800600000000000E+05   1.7516509E-01   7.8336209E-02
   1567   1.801200000000000E+05   1.0510626E-01   6.0683131E-02
   1568   1.801800000000000E+05   3.5012268E-02   3.5012268E-02
   1569   1.802400000000000E+05   2.1055749E-01   8.5959740E-02
   1570   1.803000000000000E+05   0.0000000E+00   0.0000000E+00
   1571   1.803600000000000E+05   1.4027373E-01   7.0136867E-02
   1572   1.804200000000000E+05   1.0463571E-01   6.0411453E-02
   1573   1.804800000000000E+05   0.0000000E+00   0.0000000E+00
   1574   1.805400000000000E+05   6.9871753E-02   4.9406789E-02
   1575   1.806000000000000E+05   3.4967467E-02   3.4967467E-02
   1576   1.806600000000000E+05   1.4024059E-01   7.0120297E-02
   1577   1.807200000000000E+05   6.9854826E-02   4.9394816E-02
   1578   1.807800000000000E+05   1.0536714E-01   6.0833745E-02
   1579   1.808400000000000E+05   1.3996191E-01   6.9980957E-02
   1580   1.809000000000000E+05   7.0093326E-02   4.9563468E-02
   1581   1.809600000000000E+05   3.4648836E-02   3.4648836E-02
   1582   1.810200000000000E+05   6.9318898E-02   4.9015865E-02
   1583   1.810800000000000E+05   3.4666188E-02   3.4666188E-02
   1584   1.811400000000000E+05   3.4614004E-02   3.4614004E-02
   1585   1.812000000000000E+05   1.3868296E-01   6.9341481E-02
   1586   1.812600000000000E+05   3.4655672E-02   3.4655672E-02
   1587   1.813200000000000E+05   1.0378763E-01   5.9921816E-02
   1588   1.813800000000000E+05   3.4511089E-02   3.4511089E-02
   1589   1.814400000000000E+05   1.3774763E-01   6.8873815E-02
   1590   1.815000000000000E+05   2.0627156E-01   8.4210008E-02
   1591   1.815600000000000E+05   1.3757616E-01   6.8788081E-02
   1592   1.816200000000000E+05   3.4210443E-02   3.4210443E-02
   1593   1.816800000000000E+05   2.0593357E-01   8.4072031E-02
   1594   1.817400000000000E+05   1.0299604E-01   5.9464786E-02
   1595   1.818000000000000E+05   1.7193064E-01   7.6889716E-02
   1596   1.818600000000000E+05   3.4374986E-02   3.4374986E-02
   1597   1.819200000000000E+05   9.5543176E-02   6.7559227E-02
   1598   1.822200000000000E+05   1.2372782E-01   1.2372782E-01
   1599   1.822800000000000E+05   1.3824405E-01   6.9122024E-02
   1600   1.823400000000000E+05   1.7264993E-01   7.7211395E-02
   1601   1.824000000000000E+05   2.0692144E-01   8.4475331E-02
   1602   1.824600000000000E+05   2.0689318E-01   8.4463790E-02
   1603   1.825200000000000E+05   1.3770612E-01   6.8853058E-02
   1604   1.825800000000000E+05   6.8916604E-02   4.8731398E-02
   1605   1.826400000000000E+05   1.7210585E-01   7.6968074E-02
   1606   1.827000000000000E+05   1.0330692E-01   5.9644274E-02
   1607   1.827600000000000E+05   6.8996333E-02   4.8787773E-02
   1608   1.828200000000000E+05   2.0979860E-01   8.5649922E-02
   1609   1.828800000000000E+05   1.8294466E-01   8.1815332E-02
   1610   1.829400000000000E+05   1.5637542E-01   7.8187712E-02
   1611   1.830000000000000E+05   1.2178585E-01   7.0313089E-02
   1612   1.830600000000000E+05   4.0740747E-02   4.0740747E-02
   1613   1.831200000000000E+05   0.0000000E+00   0.0000000E+00
   1614   1.855800000000000E+05   0.0000000E+00   0.0000000E+00
   1615   1.856400000000000E+05   7.2065666E-02   5.0958119E-02
   1616   1.857000000000000E+05   7.0064217E-02   4.9542882E-02
   1617   1.857600000000000E+05   1.4041913E-01   7.0209563E-02
   1618   1.858200000000000E+05   6.9942467E-02   4.9456794E-02
   1619   1.858800000000000E+05   1.0462398E-01   6.0404681E-02
   1620   1.859400000000000E+05   6.9890670E-02   4.9420163E-02
   1621   1.860000000000000E+05   1.3999620E-01   6.9998100E-02
   1622   1.860600000000000E+05   6.9965504E-02   4.9473081E-02
   1623   1.861200000000000E+05   6.9912799E-02   4.9435813E-02
   1624   1.861800000000000E+05   1.0475538E-01   6.0480542E-02
   1625   1.862400000000000E+05   6.9950394E-02   4.9462397E-02
   1626   1.863000000000000E+05   6.9542170E-02   4.9173739E-02
   1627   1.863600000000000E+05   6.9779642E-02   4.9341660E-02
   1628   1.864200000000000E+05   1.0514692E-01   6.0706601E-02
   1629   1.864800000000000E+05   3.4981649E-02   3.4981649E-02
   1630   1.865400000000000E+05   1.0490599E-01   6.0567498E-02
   1631   1.866000000000000E+05   7.0020713E-02   4.9512122E-02
   1632   1.866600000000000E+05   2.1027701E-01   8.5845232E-02
   1633   1.867200000000000E+05   6.9925189E-02   4.9444571E-02
   1634   1.867800000000000E+05   1.0433233E-01   6.0236294E-02
   1635   1.868400000000000E+05   1.0443803E-01   6.0297322E-02
   1636   1.869000000000000E+05   6.9227591E-02   4.8951298E-02
   1637   1.869600000000000E+05   3.4848418E-02   3.4848418E-02
   1638   1.870200000000000E+05   1.0414179E-01   6.0126293E-02
   1639   1.870800000000000E+05   1.3878380E-01   6.9391899E-02
   1640   1.871400000000000E+05   3.4681767E-02   3.4681767E-02
   1641   1.872000000000000E+05   3.4522858E-02   3.4522858E-02
   1642   1.872600000000000E+05   1.0311897E-01   5.9535764E-02
   1643   1.873200000000000E+05   3.4478381E-02   3.4478381E-02
   1644   1.873800000000000E+05   0.0000000E+00   0.0000000E+00
   1645   1.874400000000000E+05   1.7177559E-01   7.6820381E-02
   1646   1.875000000000000E+05   0.0000000E+00   0.0000000E+00
   1647   1.875600000000000E+05   6.8751588E-02   4.8614711E-02
   1648   1.876200000000000E+05   6.8641111E-02   4.8536591E-02
   1649   1.876800000000000E+05   6.8631969E-02   4.8530132E-02
   1650   1.877400000000000E+05   3.4334563E-02   3.4334563E-02
   1651   1.878000000000000E+05   6.8931602E-02   4.8742000E-02
   1652   1.878600000000000E+05   6.8820499E-02   4.8663441E-02
   1653   1.879200000000000E+05   2.0665242E-01   8.4365495E-02
   1654   1.879800000000000E+05   1.7199303E-01   7.6917619E-02
   1655   1.880400000000000E+05   1.4546049E-01   8.3981648E-02
   1656   1.885200000000000E+05   2.3826778E-01   1.6848077E-01
   1657   1.885800000000000E+05   1.7231676E-01   7.7062398E-02
   1658   1.886400000000000E+05   1.7237544E-01   7.7088639E-02
   1659   1.887000000000000E+05   1.3769178E-01   6.8845890E-02
   1660   1.887600000000000E+05   6.8742424E-02   4.8608232E-02
   1661   1.888200000000000E+05   0.0000000E+00   0.0000000E+00
   1662   1.888800000000000E+05   1.6503471E-01   8.2517356E-02
   1663   1.914000000000000E+05   0.0000000E+00   0.0000000E+00
   1664   1.914600000000000E+05   7.2524354E-02   5.1282458E-02
   1665   1.915200000000000E+05   1.4038154E-01   7.0190772E-02
   1666   1.915800000000000E+05   1.0491212E-01   6.0571037E-02
   1667   1.916400000000000E+05   3.5006523E-02   3.5006523E-02
   1668   1.917000000000000E+05   3.5063304E-02   3.5063304E-02
   1669   1.917600000000000E+05   1.0515358E-01   6.0710449E-02
   1670   1.918200000000000E+05   1.0463428E-01   6.0410626E-02
   1671   1.918800000000000E+05   1.0489538E-01   6.0561374E-02
   1672   1.919400000000000E+05   1.4036034E-01   7.0180170E-02
   1673   1.920000000000000E+05   1.7453602E-01   7.8054883E-02
   1674   1.920600000000000E+05   1.0471880E-01   6.0459428E-02
   1675   1.921200000000000E+05   7.0050329E-02   4.9533058E-02
   1676   1.921800000000000E+05   6.9805175E-02   4.9359709E-02
   1677   1.922400000000000E+05   1.0428159E-01   6.0207002E-02
   1678   1.923000000000000E+05   1.3983482E-01   6.9917411E-02
   1679   1.923600000000000E+05   1.4012246E-01   7.0061229E-02
   1680   1.924200000000000E+05   0.0000000E+00   0.0000000E+00
   1681   1.924800000000000E+05   3.5240084E-02   3.5240084E-02
   1682   1.925400000000000E+05   6.9275990E-02   4.8985522E-02
   1683   1.926000000000000E+05   1.0402646E-01   6.0059704E-02
   1684   1.926600000000000E+05   2.7684131E-01   9.7878180E-02
   1685   1.927200000000000E+05   0.0000000E+00   0.0000000E+00
   1686   1.927800000000000E+05   1.7316289E-01   7.7440798E-02
   1687   1.928400000000000E+05   1.3830644E-01   6.9153219E-02
   1688   1.929000000000000E+05   1.3854830E-01   6.9274150E-02
   1689   1.929600000000000E+05   1.0401614E-01   6.0053743E-02
   1690   1.930200000000000E+05   1.0314871E-01   5.9552934E-02
   1691   1.930800000000000E+05   1.7210649E-01   7.6968357E-02
   1692   1.931400000000000E+05   2.0624064E-01   8.4197395E-02
   1693   1.932000000000000E+05   3.4270041E-02   3.4270041E-02
   1694   1.932600000000000E+05   6.8789072E-02   4.8641216E-02
   1695   1.933200000000000E+05   3.4246705E-02   3.4246705E-02
   1696   1.933800000000000E+05   1.3704602E-01   6.8523012E-02
   1697   1.934400000000000E+05   6.8731464E-02   4.8600484E-02
   1698   1.935000000000000E+05   6.8649523E-02   4.8542541E-02
   1699   1.935600000000000E+05   1.0319600E-01   5.9580240E-02
   1700   1.936200000000000E+05   1.0317580E-01   5.9568573E-02
   1701   1.936800000000000E+05   1.0319073E-01   5.9577197E-02
   1702   1.937400000000000E+05   1.0353166E-01   5.9774026E-02
   1703   1.938000000000000E+05   1.7172815E-01   7.6799162E-02
   1704   1.938600000000000E+05   3.4411252E-02   3.4411252E-02
   1705   1.939200000000000E+05   1.0348784E-01   5.9748732E-02
   1706   1.939800000000000E+05   1.7199515E-01   7.6918572E-02
   1707   1.940400000000000E+05   6.8968952E-02   4.8768412E-02
   1708   1.941000000000000E+05   6.8910673E-02   4.8727203E-02
   1709   1.941600000000000E+05   2.0693612E-01   8.4481321E-02
   1710   1.942200000000000E+05   2.4167262E-01   9.1343664E-02
   1711   1.942800000000000E+05   1.3797402E-01   6.8987012E-02
   1712   1.943400000000000E+05   2.4594104E-01   1.0998818E-01
   1713   1.971600000000000E+05   0.0000000E+00   0.0000000E+00
   1714   1.972200000000000E+05   1.9974940E-01   1.9974940E-01
   1715   1.972800000000000E+05   7.3139943E-02   5.1717751E-02
   1716   1.973400000000000E+05   3.5137281E-02   3.5137281E-02
   1717   1.974000000000000E+05   7.0292071E-02   4.9703997E-02
   1718   1.974600000000000E+05   1.0574567E-01   6.1052289E-02
   1719   1.975200000000000E+05   3.4888219E-02   3.4888219E-02
   1720   1.975800000000000E+05   6.9821723E-02   4.9371414E-02
   1721   1.976400000000000E+05   7.0290804E-02   4.9703103E-02
   1722   1.977000000000000E+05   7.0275597E-02   4.9692348E-02
   1723   1.977600000000000E+05   1.0446673E-01   6.0313892E-02
   1724   1.978200000000000E+05   7.0016101E-02   4.9508858E-02
   1725   1.978800000000000E+05   1.0442064E-01   6.0287282E-02
   1726   1.979400000000000E+05   3.4972362E-02   3.4972362E-02
   1727   1.980000000000000E+05   1.7462982E-01   7.8096829E-02
   1728   1.980600000000000E+05   1.3983832E-01   6.9919161E-02
   1729   1.981200000000000E+05   6.9788307E-02   4.9347784E-02
   1730   1.981800000000000E+05   3.4976810E-02   3.4976810E-02
   1731   1.982400000000000E+05   7.0226185E-02   4.9657412E-02
   1732   1.983000000000000E+05   1.0555762E-01   6.0943719E-02
   1733   1.983600000000000E+05   1.3856821E-01   6.9284104E-02
   1734   1.984200000000000E+05   1.0410312E-01   6.0103960E-02
   1735   1.984800000000000E+05   3.4713823E-02   3.4713823E-02
   1736   1.985400000000000E+05   1.0379459E-01   5.9925832E-02
   1737   1.986000000000000E+05   6.9290258E-02   4.8995610E-02
   1738   1.986600000000000E+05   1.0422280E-01   6.0173061E-02
   1739   1.987200000000000E+05   3.4709718E-02   3.4709718E-02
   1740   1.987800000000000E+05   1.3847175E-01   6.9235876E-02
   1741   1.988400000000000E+05   6.9264069E-02   4.8977092E-02
   1742   1.989000000000000E+05   1.3785468E-01   6.8927340E-02
   1743   1.989600000000000E+05   1.0281234E-01   5.9358735E-02
   1744   1.990200000000000E+05   1.7143747E-01   7.6669164E-02
   1745   1.990800000000000E+05   1.0276537E-01   5.9331611E-02
   1746   1.991400000000000E+05   6.8501480E-02   4.8437860E-02
   1747   1.992000000000000E+05   0.0000000E+00   0.0000000E+00
   1748   1.992600000000000E+05   1.7196175E-01   7.6903634E-02
   1749   1.993200000000000E+05   1.3726173E-01   6.8630867E-02
   1750   1.993800000000000E+05   1.0296940E-01   5.9449408E-02
   1751   1.994400000000000E+05   6.8844721E-02   4.8680570E-02
   1752   1.995000000000000E+05   3.0945534E-01   1.0315178E-01
   1753   1.995600000000000E+05   1.3792151E-01   6.8960756E-02
   1754   1.996200000000000E+05   1.0339260E-01   5.9693743E-02
   1755   1.996800000000000E+05   6.8922766E-02   4.8735753E-02
   1756   1.997400000000000E+05   1.0339244E-01   5.9693653E-02
   1757   1.998000000000000E+05   6.8859056E-02   4.8690706E-02
   1758   1.998600000000000E+05   3.4430481E-02   3.4430481E-02
   1759   1.999200000000000E+05   6.8973109E-02   4.8771352E-02
   1760   1.999800000000000E+05   2.0683308E-01   8.4439248E-02
   1761   2.000400000000000E+05   3.4479953E-02   3.4479953E-02
   1762   2.001000000000000E+05   2.7586633E-01   9.7533472E-02
   1763   2.001600000000000E+05   1.7212772E-01   7.6977856E-02
   1764   2.002200000000000E+05   1.0337167E-01   5.9681661E-02
   1765   2.002800000000000E+05   3.4398131E-02   3.4398131E-02
   1766   2.003400000000000E+05   2.0701674E-01   8.4514230E-02
   1767   2.004000000000000E+05   0.0000000E+00   0.0000000E+00
   1768   2.004600000000000E+05   1.3766073E-01   6.8830363E-02
   1769   2.005200000000000E+05   0.0000000E+00   0.0000000E+00
   1770   2.029800000000000E+05   0.0000000E+00   0.0000000E+00
   1771   2.030400000000000E+05   1.3210727E-01   7.6272167E-02
   1772   2.031000000000000E+05   3.5417713E-02   3.5417713E-02
   1773   2.031600000000000E+05   7.0037663E-02   4.9524106E-02
   1774   2.032200000000000E+05   1.0561106E-01   6.0974572E-02
   1775   2.032800000000000E+05   1.7548718E-01   7.8480251E-02
   1776   2.033400000000000E+05   2.4582763E-01   9.2914104E-02
   1777   2.034000000000000E+05   7.0543535E-02   4.9881812E-02
   1778   2.034600000000000E+05   1.4036503E-01   7.0182517E-02
   1779   2.035200000000000E+05   2.1032502E-01   8.5864827E-02
   1780   2.035800000000000E+05   2.0983846E-01   8.5666195E-02
   1781   2.036400000000000E+05   1.7525177E-01   7.8374967E-02
   1782   2.037000000000000E+05   1.7537908E-01   7.8431912E-02
   1783   2.037600000000000E+05   1.0510787E-01   6.0684059E-02
   1784   2.038200000000000E+05   7.0272446E-02   4.9690120E-02
   1785   2.038800000000000E+05   7.0102811E-02   4.9570173E-02
   1786   2.039400000000000E+05   7.0087336E-02   4.9559232E-02
   1787   2.040000000000000E+05   1.4041346E-01   7.0206732E-02
   1788   2.040600000000000E+05   7.0408165E-02   4.9786087E-02
   1789   2.041200000000000E+05   1.3946483E-01   6.9732413E-02
   1790   2.041800000000000E+05   1.0417446E-01   6.0145147E-02
   1791   2.042400000000000E+05   6.9635399E-02   4.9239662E-02
   1792   2.043000000000000E+05   6.9391400E-02   4.9067128E-02
   1793   2.043600000000000E+05   1.0443373E-01   6.0294840E-02
   1794   2.044200000000000E+05   3.4793351E-02   3.4793351E-02
   1795   2.044800000000000E+05   1.7332350E-01   7.7512622E-02
   1796   2.045400000000000E+05   1.3861446E-01   6.9307230E-02
   1797   2.046000000000000E+05   1.7329970E-01   7.7501982E-02
   1798   2.046600000000000E+05   0.0000000E+00   0.0000000E+00
   1799   2.047200000000000E+05   1.0325272E-01   5.9612982E-02
   1800   2.047800000000000E+05   3.4233484E-02   3.4233484E-02
   1801   2.048400000000000E+05   2.7372959E-01   9.6778028E-02
   1802   2.049000000000000E+05   6.8448849E-02   4.8400644E-02
   1803   2.049600000000000E+05   1.7130487E-01   7.6609865E-02
   1804   2.050200000000000E+05   1.3710691E-01   6.8553455E-02
   1805   2.050800000000000E+05   0.0000000E+00   0.0000000E+00
   1806   2.051400000000000E+05   1.0285065E-01   5.9380848E-02
   1807   2.052000000000000E+05   1.3742405E-01   6.8712026E-02
   1808   2.052600000000000E+05   6.8804801E-02   4.8652340E-02
   1809   2.053200000000000E+05   1.0315149E-01   5.9554536E-02
   1810   2.053800000000000E+05   0.0000000E+00   0.0000000E+00
   1811   2.054400000000000E+05   1.3798454E-01   6.8992272E-02
   1812   2.055000000000000E+05   3.4438118E-02   3.4438118E-02
   1813   2.055600000000000E+05   0.0000000E+00   0.0000000E+00
   1814   2.056200000000000E+05   3.4363922E-02   3.4363922E-02
   1815   2.056800000000000E+05   1.3784882E-01   6.8924412E-02
   1816   2.057400000000000E+05   1.0352986E-01   5.9772987E-02
   1817   2.058000000000000E+05   2.0689715E-01   8.4465414E-02
   1818   2.058600000000000E+05   1.0345980E-01   5.9732538E-02
   1819   2.059200000000000E+05   0.0000000E+00   0.0000000E+00
   1820   2.059800000000000E+05   1.0331230E-01   5.9647381E-02
   1821   2.060400000000000E+05   3.4396313E-02   3.4396313E-02
   1822   2.061000000000000E+05   0.0000000E+00   0.0000000E+00
   1823   2.061600000000000E+05   3.4367397E-02   3.4367397E-02
   1824   2.062200000000000E+05   3.4357004E-02   3.4357004E-02
   1825   2.062800000000000E+05   2.3835024E-01   9.7306080E-02
   1826   2.088000000000000E+05   0.0000000E+00   0.0000000E+00
   1827   2.088600000000000E+05   3.8401429E-02   3.8401429E-02
   1828   2.089200000000000E+05   7.0712760E-02   5.0001469E-02
   1829   2.089800000000000E+05   1.0547067E-01   6.0893517E-02
   1830   2.090400000000000E+05   1.4089474E-01   7.0447370E-02
   1831   2.091000000000000E+05   7.0602961E-02   4.9923833E-02
   1832   2.091600000000000E+05   3.5225775E-02   3.5225775E-02
   1833   2.092200000000000E+05   2.1220143E-01   8.6630873E-02
   1834   2.092800000000000E+05   1.4085914E-01   7.0429571E-02
   1835   2.093400000000000E+05   7.0355147E-02   4.9748600E-02
   1836   2.094000000000000E+05   7.0472755E-02   4.9831763E-02
   1837   2.094600000000000E+05   7.0289396E-02   4.9702104E-02
   1838   2.095200000000000E+05   1.7629008E-01   7.8839324E-02
   1839   2.095800000000000E+05   1.0636611E-01   6.1410498E-02
   1840   2.096400000000000E+05   7.0599131E-02   4.9921125E-02
   1841   2.097000000000000E+05   1.0543353E-01   6.0872078E-02
   1842   2.097600000000000E+05   1.7591834E-01   7.8673072E-02
   1843   2.098200000000000E+05   1.0589980E-01   6.1141275E-02
   1844   2.098800000000000E+05   7.0391878E-02   4.9774576E-02
   1845   2.099400000000000E+05   1.7542581E-01   7.8452811E-02
   1846   2.100000000000000E+05   1.3965727E-01   6.9828637E-02
   1847   2.100600000000000E+05   1.3992621E-01   6.9963105E-02
   1848   2.101200000000000E+05   6.9582373E-02   4.9202163E-02
   1849   2.101800000000000E+05   1.0511373E-01   6.0687438E-02
   1850   2.102400000000000E+05   1.0450653E-01   6.0336873E-02
   1851   2.103000000000000E+05   6.9884628E-02   4.9415894E-02
   1852   2.103600000000000E+05   1.3949566E-01   6.9747828E-02
   1853   2.104200000000000E+05   1.3886508E-01   6.9432542E-02
   1854   2.104800000000000E+05   1.0324559E-01   5.9608869E-02
   1855   2.105400000000000E+05   6.9270864E-02   4.8981894E-02
   1856   2.106000000000000E+05   6.8554945E-02   4.8475664E-02
   1857   2.106600000000000E+05   1.3724609E-01   6.8623044E-02
   1858   2.107200000000000E+05   1.3707913E-01   6.8539567E-02
   1859   2.107800000000000E+05   6.8524718E-02   4.8454292E-02
   1860   2.108400000000000E+05   1.0271997E-01   5.9305403E-02
   1861   2.109000000000000E+05   2.0564389E-01   8.3953768E-02
   1862   2.109600000000000E+05   1.0290616E-01   5.9412897E-02
   1863   2.110200000000000E+05   1.3722560E-01   6.8612799E-02
   1864   2.110800000000000E+05   2.0563321E-01   8.3949402E-02
   1865   2.111400000000000E+05   1.3771139E-01   6.8855695E-02
   1866   2.112000000000000E+05   1.0320430E-01   5.9585027E-02
   1867   2.112600000000000E+05   1.3767624E-01   6.8838120E-02
   1868   2.113200000000000E+05   1.7238528E-01   7.7093042E-02
   1869   2.113800000000000E+05   1.0330192E-01   5.9641391E-02
   1870   2.114400000000000E+05   2.0683378E-01   8.4439538E-02
   1871   2.115000000000000E+05   0.0000000E+00   0.0000000E+00
   1872   2.115600000000000E+05   1.0327904E-01   5.9628177E-02
   1873   2.116200000000000E+05   3.4469321E-02   3.4469321E-02
   1874   2.116800000000000E+05   1.0342851E-01   5.9714474E-02
   1875   2.117400000000000E+05   3.4451574E-02   3.4451574E-02
   1876   2.118000000000000E+05   0.0000000E+00   0.0000000E+00
   1877   2.118600000000000E+05   1.3782874E-01   6.8914369E-02
   1878   2.119200000000000E+05   1.3804354E-01   6.9021769E-02
   1879   2.119800000000000E+05   1.7211844E-01   7.6973706E-02
   1880   2.120400000000000E+05   6.8884365E-02   4.8708599E-02
   1881   2.121000000000000E+05   1.2656912E-01   8.9497879E-02
   1883   2.146200000000000E+05   2.1239761E-01   1.2262782E-01
   1884   2.146800000000000E+05   7.1369529E-02   5.0465878E-02
   1885   2.147400000000000E+05   3.5448726E-02   3.5448726E-02
   1886   2.148000000000000E+05   3.5758525E-02   3.5758525E-02
   1887   2.148600000000000E+05   7.0844330E-02   5.0094504E-02
   1888   2.149200000000000E+05   1.0613759E-01   6.1278563E-02
   1889   2.149800000000000E+05   7.1109161E-02   5.0281767E-02
   1890   2.150400000000000E+05   1.0614989E-01   6.1285667E-02
   1891   2.151000000000000E+05   1.0603204E-01   6.1217625E-02
   1892   2.151600000000000E+05   7.0638165E-02   4.9948722E-02
   1893   2.152200000000000E+05   3.5523176E-02   3.5523176E-02
   1894   2.152800000000000E+05   1.4177079E-01   7.0885397E-02
   1895   2.153400000000000E+05   2.1098281E-01   8.6133376E-02
   1896   2.154000000000000E+05   7.0631020E-02   4.9943671E-02
   1897   2.154600000000000E+05   7.0842221E-02   5.0093010E-02
   1898   2.155200000000000E+05   7.0831887E-02   5.0085705E-02
   1899   2.155800000000000E+05   7.0627727E-02   4.9941342E-02
   1900   2.156400000000000E+05   1.0605586E-01   6.1231378E-02
   1901   2.157000000000000E+05   0.0000000E+00   0.0000000E+00
   1902   2.157600000000000E+05   2.4722397E-01   9.3441874E-02
   1903   2.158200000000000E+05   6.9613233E-02   4.9223989E-02
   1904   2.158800000000000E+05   1.7511629E-01   7.8314379E-02
   1905   2.159400000000000E+05   6.9974668E-02   4.9479563E-02
   1906   2.160000000000000E+05   6.9950186E-02   4.9462248E-02
   1907   2.160600000000000E+05   3.5024609E-02   3.5024609E-02
   1908   2.161200000000000E+05   1.7393172E-01   7.7784628E-02
   1909   2.161800000000000E+05   6.9428839E-02   4.9093600E-02
   1910   2.162400000000000E+05   1.3884693E-01   6.9423467E-02
   1911   2.163000000000000E+05   1.0293017E-01   5.9426758E-02
   1912   2.163600000000000E+05   1.0316714E-01   5.9563573E-02
   1913   2.164200000000000E+05   6.8578541E-02   4.8492350E-02
   1914   2.164800000000000E+05   2.0517986E-01   8.3764330E-02
   1915   2.165400000000000E+05   1.7091112E-01   7.6433778E-02
   1916   2.166000000000000E+05   6.8573855E-02   4.8489038E-02
   1917   2.166600000000000E+05   1.0270276E-01   5.9295464E-02
   1918   2.167200000000000E+05   1.3707279E-01   6.8536393E-02
   1919   2.167800000000000E+05   6.8772070E-02   4.8629194E-02
   1920   2.168400000000000E+05   6.8769656E-02   4.8627488E-02
   1921   2.169000000000000E+05   1.0317594E-01   5.9568651E-02
   1922   2.169600000000000E+05   1.0334357E-01   5.9665434E-02
   1923   2.170200000000000E+05   6.8795443E-02   4.8645724E-02
   1924   2.170800000000000E+05   1.7207301E-01   7.6953389E-02
   1925   2.171400000000000E+05   1.0348769E-01   5.9748638E-02
   1926   2.172000000000000E+05   1.0347992E-01   5.9744161E-02
   1927   2.172600000000000E+05   1.0340753E-01   5.9702367E-02
   1928   2.173200000000000E+05   1.0343941E-01   5.9720766E-02
   1929   2.173800000000000E+05   3.4453940E-02   3.4453940E-02
   1930   2.174400000000000E+05   3.4466568E-02   3.4466568E-02
   1931   2.175000000000000E+05   1.0347876E-01   5.9743490E-02
   1932   2.175600000000000E+05   2.0659550E-01   8.4342264E-02
   1933   2.176200000000000E+05   2.7502730E-01   9.7236827E-02
   1934   2.176800000000000E+05   2.0674378E-01   8.4402800E-02
   1935   2.177400000000000E+05   1.7225541E-01   7.7034965E-02
   1936   2.178000000000000E+05   1.0321720E-01   5.9592474E-02
   1937   2.178600000000000E+05   1.0325575E-01   5.9614733E-02
   1938   2.179200000000000E+05   1.5806520E-01   1.5806520E-01
   1939   2.205600000000000E+05   1.4566039E-01   8.4097065E-02
   1940   2.206200000000000E+05   1.5407911E-01   7.7039555E-02
   1941   2.206800000000000E+05   3.6337469E-02   3.6337469E-02
   1942   2.207400000000000E+05   7.1278289E-02   5.0401360E-02
   1943   2.208000000000000E+05   3.5597745E-02   3.5597745E-02
   1944   2.208600000000000E+05   1.0645794E-01   6.1463520E-02
   1945   2.209200000000000E+05   1.0691946E-01   6.1729975E-02
   1946   2.209800000000000E+05   3.5694778E-02   3.5694778E-02
   1947   2.210400000000000E+05   0.0000000E+00   0.0000000E+00
   1948   2.211000000000000E+05   1.0732242E-01   6.1962623E-02
   1949   2.211600000000000E+05   1.7654981E-01   7.8955472E-02
   1950   2.212200000000000E+05   3.5578381E-02   3.5578381E-02
   1951   2.212800000000000E+05   1.0658818E-01   6.1538715E-02
   1952   2.213400000000000E+05   7.0863865E-02   5.0108317E-02
   1953   2.214000000000000E+05   0.0000000E+00   0.0000000E+00
   1954   2.214600000000000E+05   1.4178342E-01   7.0891708E-02
   1955   2.215200000000000E+05   1.7785032E-01   7.9537086E-02
   1956   2.215800000000000E+05   3.5269786E-02   3.5269786E-02
   1957   2.216400000000000E+05   3.5065889E-02   3.5065889E-02
   1958   2.217000000000000E+05   7.0324786E-02   4.9727131E-02
   1959   2.217600000000000E+05   0.0000000E+00   0.0000000E+00
   1960   2.218200000000000E+05   1.0548735E-01   6.0903147E-02
   1961   2.218800000000000E+05   1.4031100E-01   7.0155501E-02
   1962   2.219400000000000E+05   3.4962095E-02   3.4962095E-02
   1963   2.220000000000000E+05   7.0189729E-02   4.9631629E-02
   1964   2.220600000000000E+05   1.0411969E-01   6.0113527E-02
   1965   2.221200000000000E+05   1.7277634E-01   7.7267930E-02
   1966   2.221800000000000E+05   0.0000000E+00   0.0000000E+00
   1967   2.222400000000000E+05   1.3713363E-01   6.8566814E-02
   1968   2.223000000000000E+05   1.7151675E-01   7.6704614E-02
   1969   2.223600000000000E+05   6.8417735E-02   4.8378643E-02
   1970   2.224200000000000E+05   6.8570733E-02   4.8486825E-02
   1971   2.224800000000000E+05   3.4277987E-02   3.4277987E-02
   1972   2.225400000000000E+05   1.0288716E-01   5.9401926E-02
   1973   2.226000000000000E+05   1.3694623E-01   6.8473116E-02
   1974   2.226600000000000E+05   1.0294513E-01   5.9435394E-02
   1975   2.227200000000000E+05   1.7148042E-01   7.6688379E-02
   1976   2.227800000000000E+05   1.7182980E-01   7.6844625E-02
   1977   2.228400000000000E+05   1.0308262E-01   5.9514776E-02
   1978   2.229000000000000E+05   1.3792771E-01   6.8963856E-02
   1979   2.229600000000000E+05   1.7226177E-01   7.7037804E-02
   1980   2.230200000000000E+05   1.0319650E-01   5.9580527E-02
   1981   2.230800000000000E+05   1.0327071E-01   5.9623368E-02
   1982   2.231400000000000E+05   1.7217146E-01   7.6997414E-02
   1983   2.232000000000000E+05   2.0653965E-01   8.4319465E-02
   1984   2.232600000000000E+05   3.4425799E-02   3.4425799E-02
   1985   2.233200000000000E+05   3.4366488E-02   3.4366488E-02
   1986   2.233800000000000E+05   1.3762544E-01   6.8812720E-02
   1987   2.234400000000000E+05   1.0324414E-01   5.9608031E-02
   1988   2.235000000000000E+05   6.8819858E-02   4.8662990E-02
   1989   2.235600000000000E+05   1.3767034E-01   6.8835169E-02
   1990   2.236200000000000E+05   6.8754055E-02   4.8616458E-02
   1991   2.236800000000000E+05   7.7233240E-02   5.4612145E-02
   1992   2.266800000000000E+05   0.0000000E+00   0.0000000E+00
   1993   2.267400000000000E+05   8.5187078E-02   6.0236357E-02
   1994   2.268000000000000E+05   7.7272139E-02   5.4639652E-02
   1995   2.268600000000000E+05   2.1797511E-01   8.8987969E-02
   1996   2.269200000000000E+05   0.0000000E+00   0.0000000E+00
   1997   2.269800000000000E+05   1.0670613E-01   6.1606813E-02
   1998   2.270400000000000E+05   1.4262158E-01   7.1310788E-02
   1999   2.271000000000000E+05   1.7816146E-01   7.9676226E-02
   2000   2.271600000000000E+05   7.1176618E-02   5.0329469E-02
   2001   2.272200000000000E+05   7.1046151E-02   5.0237212E-02
   2002   2.272800000000000E+05   1.0650183E-01   6.1488859E-02
   2003   2.273400000000000E+05   3.5592455E-02   3.5592455E-02
   2004   2.274000000000000E+05   1.4048374E-01   7.0241868E-02
   2005   2.274600000000000E+05   1.0562378E-01   6.0981914E-02
   2006   2.275200000000000E+05   1.4045098E-01   7.0225492E-02
   2007   2.275800000000000E+05   2.4646501E-01   9.3155019E-02
   2008   2.276400000000000E+05   0.0000000E+00   0.0000000E+00
   2009   2.277000000000000E+05   1.4027029E-01   7.0135146E-02
   2010   2.277600000000000E+05   1.3971801E-01   6.9859006E-02
   2011   2.278200000000000E+05   6.9451585E-02   4.9109686E-02
   2012   2.278800000000000E+05   6.9364734E-02   4.9048271E-02
   2013   2.279400000000000E+05   1.7305681E-01   7.7393353E-02
   2014   2.280000000000000E+05   1.0309010E-01   5.9519093E-02
   2015   2.280600000000000E+05   1.7139462E-01   7.6650001E-02
   2016   2.281200000000000E+05   1.0264721E-01   5.9263393E-02
   2017   2.281800000000000E+05   1.0269317E-01   5.9289929E-02
   2018   2.282400000000000E+05   1.0291485E-01   5.9417918E-02
   2019   2.283000000000000E+05   1.7144948E-01   7.6674543E-02
   2020   2.283600000000000E+05   3.4289896E-02   3.4289896E-02
   2021   2.284200000000000E+05   6.8646863E-02   4.8540659E-02
   2022   2.284800000000000E+05   1.0339005E-01   5.9692267E-02
   2023   2.285400000000000E+05   2.0680369E-01   8.4427252E-02
   2024   2.286000000000000E+05   1.0317875E-01   5.9570279E-02
   2025   2.286600000000000E+05   2.4121708E-01   9.1171488E-02
   2026   2.287200000000000E+05   1.3791528E-01   6.8957642E-02
   2027   2.287800000000000E+05   1.0324094E-01   5.9606180E-02
   2028   2.288400000000000E+05   3.4436703E-02   3.4436703E-02
   2029   2.289000000000000E+05   1.7193741E-01   7.6892741E-02
   2030   2.289600000000000E+05   6.8776660E-02   4.8632439E-02
   2031   2.290200000000000E+05   1.3771459E-01   6.8857297E-02
   2032   2.290800000000000E+05   2.0664378E-01   8.4361970E-02
   2033   2.291400000000000E+05   2.7539665E-01   9.7367413E-02
   2034   2.292000000000000E+05   1.3762625E-01   6.8813123E-02
   2035   2.292600000000000E+05   1.3721149E-01   6.8605743E-02
   2036   2.293200000000000E+05   1.7154266E-01   7.6716207E-02
   2037   2.293800000000000E+05   6.8649538E-02   4.8542552E-02
   2038   2.294400000000000E+05   3.0881304E-01   1.0293768E-01
   2039   2.295000000000000E+05   2.4169961E-01   1.2084980E-01
   2040   2.328600000000000E+05   1.3497369E-01   7.7927098E-02
   2041   2.329200000000000E+05   3.5903427E-01   1.1967808E-01
   2042   2.329800000000000E+05   1.1223649E-01   6.4799771E-02
   2043   2.330400000000000E+05   1.4460300E-01   7.2301500E-02
   2044   2.331000000000000E+05   2.1528652E-01   8.7890357E-02
   2045   2.331600000000000E+05   3.5208780E-01   1.1133993E-01
   2046   2.332200000000000E+05   1.7637846E-01   7.8878842E-02
   2047   2.332800000000000E+05   1.0537147E-01   6.0836244E-02
   2048   2.333400000000000E+05   2.1099727E-01   8.6139277E-02
   2049   2.334000000000000E+05   1.0596830E-01   6.1180823E-02
   2050   2.334600000000000E+05   1.4074381E-01   7.0371903E-02
   2051   2.335200000000000E+05   1.0510168E-01   6.0680483E-02
   2052   2.335800000000000E+05   2.7842236E-01   9.8437160E-02
   2053   2.336400000000000E+05   1.0424855E-01   6.0187928E-02
   2054   2.337000000000000E+05   2.4189344E-01   9.1427125E-02
   2055   2.337600000000000E+05   3.4520742E-02   3.4520742E-02
   2056   2.338200000000000E+05   1.7189841E-01   7.6875307E-02
   2057   2.338800000000000E+05   3.4364190E-02   3.4364190E-02
   2058   2.339400000000000E+05   2.0578882E-01   8.4012941E-02
   2059   2.340000000000000E+05   1.3726065E-01   6.8630323E-02
   2060   2.340600000000000E+05   3.4300067E-02   3.4300067E-02
   2061   2.341200000000000E+05   1.0292704E-01   5.9424948E-02
   2062   2.341800000000000E+05   1.3761464E-01   6.8807319E-02
   2063   2.342400000000000E+05   2.4074426E-01   9.0992779E-02
   2064   2.343000000000000E+05   0.0000000E+00   0.0000000E+00
   2065   2.343600000000000E+05   2.4145766E-01   9.1262415E-02
   2066   2.344200000000000E+05   3.4414393E-01   1.0882786E-01
   2067   2.344800000000000E+05   1.7258734E-01   7.7183403E-02
   2068   2.345400000000000E+05   6.9039866E-02   4.8818558E-02
   2069   2.346000000000000E+05   1.3755058E-01   6.8775289E-02
   2070   2.346600000000000E+05   6.8896241E-02   4.8717000E-02
   2071   2.347200000000000E+05   6.8779208E-02   4.8634242E-02
   2072   2.347800000000000E+05   2.7575055E-01   9.7492538E-02
   2073   2.348400000000000E+05   1.0328946E-01   5.9634198E-02
   2074   2.349000000000000E+05   2.0623942E-01   8.4196895E-02
   2075   2.349600000000000E+05   2.7518454E-01   9.7292431E-02
   2076   2.350200000000000E+05   1.3720790E-01   6.8603948E-02
   2077   2.350800000000000E+05   6.8667658E-02   4.8555363E-02
   2078   2.351400000000000E+05   1.7104124E-01   7.6491967E-02
   2079   2.352000000000000E+05   2.4755825E-01   1.0106524E-01
   2080   2.352600000000000E+05   2.0917089E-01   1.0458545E-01
   2081   2.353200000000000E+05   0.0000000E+00   0.0000000E+00
   2082   2.377800000000000E+05   0.0000000E+00   0.0000000E+00
   2083   2.378400000000000E+05   8.9344382E-02   8.9344382E-02
   2084   2.379000000000000E+05   7.1984172E-02   5.0900493E-02
   2085   2.379600000000000E+05   2.8752103E-01   1.0165404E-01
   2086   2.380200000000000E+05   1.7946704E-01   8.0260098E-02
   2087   2.380800000000000E+05   1.1224714E-01   7.9370707E-02
   2088   2.388000000000000E+05   1.2102040E-01   1.2102040E-01
   2089   2.388600000000000E+05   1.7847954E-01   8.9239769E-02
   2090   2.389200000000000E+05   1.7362528E-01   8.6812638E-02
   2091   2.389800000000000E+05   2.4328218E-01   9.9319540E-02
   2092   2.390400000000000E+05   1.1607040E-01   6.7013271E-02
   2093   2.391000000000000E+05   0.0000000E+00   0.0000000E+00
   2094   2.391600000000000E+05   1.4499366E-01   7.2496831E-02
   2095   2.392200000000000E+05   2.1392909E-01   8.7336183E-02
   2096   2.392800000000000E+05   2.4759871E-01   9.3583517E-02
   2097   2.393400000000000E+05   2.4644089E-01   9.3145899E-02
   2098   2.394000000000000E+05   1.3983674E-01   6.9918372E-02
   2099   2.394600000000000E+05   2.0832467E-01   8.5048191E-02
   2100   2.395200000000000E+05   2.0707153E-01   8.4536597E-02
   2101   2.395800000000000E+05   1.3835910E-01   6.9179550E-02
   2102   2.396400000000000E+05   6.8724096E-02   4.8595272E-02
   2103   2.397000000000000E+05   2.7496603E-01   9.7215168E-02
   2104   2.397600000000000E+05   1.7126378E-01   7.6591492E-02
   2105   2.398200000000000E+05   2.4053104E-01   9.0912186E-02
   2106   2.398800000000000E+05   1.3713425E-01   6.8567127E-02
   2107   2.399400000000000E+05   2.4170904E-01   9.1357425E-02
   2108   2.400000000000000E+05   1.7207356E-01   7.6953635E-02
   2109   2.400600000000000E+05   1.3777624E-01   6.8888120E-02
   2110   2.401200000000000E+05   1.7223641E-01   7.7026464E-02
   2111   2.401800000000000E+05   3.1041148E-01   1.0347050E-01
   2112   2.402400000000000E+05   1.0319385E-01   5.9578996E-02
   2113   2.403000000000000E+05   6.8878010E-02   4.8704110E-02
   2114   2.403600000000000E+05   1.0336199E-01   5.9676070E-02
   2115   2.404200000000000E+05   3.0921945E-01   1.0307315E-01
   2116   2.404800000000000E+05   1.7182158E-01   7.6840945E-02
   2117   2.405400000000000E+05   1.0325409E-01   5.9613775E-02
   2118   2.406000000000000E+05   1.7222396E-01   7.7020891E-02
   2119   2.406600000000000E+05   1.0334677E-01   5.9667286E-02
   2120   2.407200000000000E+05   6.8674192E-02   4.8559986E-02
   2121   2.407800000000000E+05   1.7141719E-01   7.6660097E-02
   2122   2.408400000000000E+05   2.0585573E-01   8.4040247E-02
   2123   2.409000000000000E+05   2.0586899E-01   8.4045663E-02
   2124   2.409600000000000E+05   2.4031468E-01   9.0830408E-02
   2125   2.410200000000000E+05   1.4396650E-01   7.1983248E-02
   2126   2.410800000000000E+05   5.4909747E-02   5.4909747E-02
   2127   2.436000000000000E+05   1.2308516E-01   8.7034345E-02
   2128   2.436600000000000E+05   1.4432099E-01   7.2160497E-02
   2129   2.437200000000000E+05   7.2389878E-02   5.1187374E-02
   2130   2.437800000000000E+05   1.0835980E-01   6.2561557E-02
   2131   2.438400000000000E+05   7.1848720E-02   5.0804716E-02
   2132   2.439000000000000E+05   1.0823097E-01   6.2487178E-02
   2133   2.439600000000000E+05   2.1716529E-01   8.8657357E-02
   2134   2.440200000000000E+05   1.0842462E-01   6.2598981E-02
   2135   2.440800000000000E+05   0.0000000E+00   0.0000000E+00
   2136   2.446200000000000E+05   9.6008070E-02   9.6008070E-02
   2137   2.446800000000000E+05   2.1554747E-01   8.7996885E-02
   2138   2.447400000000000E+05   2.8712487E-01   1.0151397E-01
   2139   2.448000000000000E+05   2.1151721E-01   8.6351544E-02
   2140   2.448600000000000E+05   3.5360399E-01   1.1181940E-01
   2141   2.449200000000000E+05   2.1216312E-01   8.6615235E-02
   2142   2.449800000000000E+05   1.0649252E-01   6.1483480E-02
   2143   2.450400000000000E+05   1.0672396E-01   6.1617102E-02
   2144   2.451000000000000E+05   1.4347148E-01   7.1735740E-02
   2145   2.451600000000000E+05   1.7910959E-01   8.0100238E-02
   2146   2.452200000000000E+05   1.7873992E-01   7.9934925E-02
   2147   2.452800000000000E+05   3.5176754E-02   3.5176754E-02
   2148   2.453400000000000E+05   1.4016485E-01   7.0082426E-02
   2149   2.454000000000000E+05   1.7320028E-01   7.7457517E-02
   2150   2.454600000000000E+05   2.4246247E-01   9.1642201E-02
   2151   2.455200000000000E+05   2.0635054E-01   8.4242254E-02
   2152   2.455800000000000E+05   2.4060361E-01   9.0939619E-02
   2153   2.456400000000000E+05   1.3761482E-01   6.8807408E-02
   2154   2.457000000000000E+05   1.7145447E-01   7.6676771E-02
   2155   2.457600000000000E+05   2.0659797E-01   8.4343269E-02
   2156   2.458200000000000E+05   1.3785282E-01   6.8926409E-02
   2157   2.458800000000000E+05   2.7490109E-01   9.7192213E-02
   2158   2.459400000000000E+05   2.0657535E-01   8.4334031E-02
   2159   2.460000000000000E+05   2.4104215E-01   9.1105372E-02
   2160   2.460600000000000E+05   6.8851344E-02   4.8685249E-02
   2161   2.461200000000000E+05   3.7999940E-01   1.1457413E-01
   2162   2.461800000000000E+05   2.0639467E-01   8.4260277E-02
   2163   2.462400000000000E+05   1.0314907E-01   5.9553143E-02
   2164   2.463000000000000E+05   1.7276411E-01   7.7262461E-02
   2165   2.463600000000000E+05   1.7223153E-01   7.7024281E-02
   2166   2.464200000000000E+05   1.3771352E-01   6.8856761E-02
   2167   2.464800000000000E+05   1.0322740E-01   5.9598368E-02
   2168   2.465400000000000E+05   1.3778795E-01   6.8893977E-02
   2169   2.466000000000000E+05   1.0327059E-01   5.9623305E-02
   2170   2.466600000000000E+05   1.3736369E-01   6.8681844E-02
   2171   2.467200000000000E+05   3.4442410E-02   3.4442410E-02
   2172   2.467800000000000E+05   1.3751523E-01   6.8757616E-02
   2173   2.468400000000000E+05   1.3738766E-01   6.8693832E-02
   2174   2.469000000000000E+05   1.1602402E-01   8.2041368E-02
   2175   2.493600000000000E+05   0.0000000E+00   0.0000000E+00
   2176   2.494200000000000E+05   1.8651912E-01   9.3259558E-02
   2177   2.494800000000000E+05   2.1819322E-01   8.9077011E-02
   2178   2.495400000000000E+05   1.0802703E-01   6.2369436E-02
   2179   2.496000000000000E+05   3.9700621E-01   1.1970188E-01
   2180   2.496600000000000E+05   2.1678302E-01   8.8501297E-02
   2181   2.497200000000000E+05   1.4393425E-01   7.1967125E-02
   2182   2.497800000000000E+05   2.1695092E-01   8.8569850E-02
   2183   2.498400000000000E+05   3.9659414E-01   1.1957764E-01
   2184   2.499000000000000E+05   2.8792667E-01   1.0179745E-01
   2185   2.499600000000000E+05   2.1604118E-01   8.8198446E-02
   2186   2.500200000000000E+05   1.0738022E-01   6.1995994E-02
   2187   2.500800000000000E+05   1.8042485E-01   8.0688447E-02
   2188   2.501400000000000E+05   1.4337164E-01   7.1685821E-02
   2189   2.502000000000000E+05   1.8044108E-01   8.0695704E-02
   2190   2.502600000000000E+05   4.6469119E-01   1.6429314E-01
   2191   2.506800000000000E+05   2.8360498E-01   1.6373943E-01
   2192   2.507400000000000E+05   3.1752369E-01   1.0584123E-01
   2193   2.508000000000000E+05   3.1803653E-01   1.0601217E-01
   2194   2.508600000000000E+05   4.5869863E-01   1.2722011E-01
   2195   2.509200000000000E+05   1.4071903E-01   7.0359513E-02
   2196   2.509800000000000E+05   2.4492440E-01   9.2572719E-02
   2197   2.510400000000000E+05   1.0449401E-01   6.0329638E-02
   2198   2.511000000000000E+05   1.7335686E-01   7.7527538E-02
   2199   2.511600000000000E+05   1.0362336E-01   5.9826974E-02
   2200   2.512200000000000E+05   1.7171030E-01   7.6791182E-02
   2201   2.512800000000000E+05   2.4088648E-01   9.1046534E-02
   2202   2.513400000000000E+05   1.7180780E-01   7.6834776E-02
   2203   2.514000000000000E+05   3.8096213E-01   1.1486441E-01
   2204   2.514600000000000E+05   2.4259183E-01   9.1691092E-02
   2205   2.515200000000000E+05   2.0807362E-01   8.4945694E-02
   2206   2.515800000000000E+05   3.1165951E-01   1.0388650E-01
   2207   2.516400000000000E+05   1.0368595E-01   5.9863113E-02
   2208   2.517000000000000E+05   2.4187709E-01   9.1420949E-02
   2209   2.517600000000000E+05   2.7601960E-01   9.7587660E-02
   2210   2.518200000000000E+05   1.3779837E-01   6.8899184E-02
   2211   2.518800000000000E+05   2.0638870E-01   8.4257834E-02
   2212   2.519400000000000E+05   2.0716488E-01   8.4574707E-02
   2213   2.520000000000000E+05   2.0697729E-01   8.4498130E-02
   2214   2.520600000000000E+05   2.0609961E-01   8.4139816E-02
   2215   2.521200000000000E+05   1.7223075E-01   7.7023931E-02
   2216   2.521800000000000E+05   1.0331342E-01   5.9648033E-02
   2217   2.522400000000000E+05   3.1014997E-01   1.0338332E-01
   2218   2.523000000000000E+05   3.4355294E-02   3.4355294E-02
   2219   2.523600000000000E+05   1.7195536E-01   7.6900773E-02
   2220   2.524200000000000E+05   2.4046104E-01   9.0885729E-02
   2221   2.524800000000000E+05   1.7195278E-01   7.6899618E-02
   2222   2.525400000000000E+05   3.0903909E-01   1.0301303E-01
   2223   2.526000000000000E+05   1.0313579E-01   5.9545476E-02
   2224   2.526600000000000E+05   2.0663340E-01   8.4357738E-02
   2225   2.527200000000000E+05   3.8955942E-01   2.2491224E-01
   2226   2.551800000000000E+05   4.7307259E-01   4.7307259E-01
   2227   2.552400000000000E+05   1.5245382E-01   7.6226912E-02
   2228   2.553000000000000E+05   4.6589875E-01   1.2921706E-01
   2229   2.553600000000000E+05   7.2105341E-02   5.0986174E-02
   2230   2.554200000000000E+05   2.1532838E-01   8.7907441E-02
   2231   2.554800000000000E+05   1.7981644E-01   8.0416359E-02
   2232   2.555400000000000E+05   2.1657659E-01   8.8417023E-02
   2233   2.556000000000000E+05   1.7887025E-01   7.9993203E-02
   2234   2.556600000000000E+05   2.5120848E-01   9.4947882E-02
   2235   2.557200000000000E+05   2.9016441E-01   1.0258861E-01
   2236   2.557800000000000E+05   1.0696061E-01   6.1753735E-02
   2237   2.558400000000000E+05   1.0747821E-01   6.2052570E-02
   2238   2.559000000000000E+05   3.9595506E-01   1.1938494E-01
   2239   2.559600000000000E+05   2.1686566E-01   8.8535033E-02
   2240   2.560200000000000E+05   2.5134504E-01   9.4999492E-02
   2241   2.560800000000000E+05   2.1561471E-01   8.8024341E-02
   2242   2.561400000000000E+05   1.0853570E-01   6.2663108E-02
   2243   2.562000000000000E+05   0.0000000E+00   0.0000000E+00
   2244   2.562600000000000E+05   2.8719231E-01   1.0153782E-01
   2245   2.563200000000000E+05   1.4573978E-01   7.2869889E-02
   2246   2.563800000000000E+05   1.7709909E-01   7.9201125E-02
   2247   2.564400000000000E+05   2.1280466E-01   8.6877137E-02
   2248   2.565000000000000E+05   3.1956694E-01   1.0652231E-01
   2249   2.565600000000000E+05   2.3242913E-01   1.1621457E-01
   2250   2.569200000000000E+05   1.7989051E-01   1.2720180E-01
   2251   2.569800000000000E+05   4.1497394E-01   1.1979266E-01
   2252   2.570400000000000E+05   1.0287910E-01   5.9397276E-02
   2253   2.571000000000000E+05   6.8742476E-02   4.8608270E-02
   2254   2.571600000000000E+05   1.3724132E-01   6.8620659E-02
   2255   2.572200000000000E+05   2.0528138E-01   8.3805777E-02
   2256   2.572800000000000E+05   2.0587206E-01   8.4046923E-02
   2257   2.573400000000000E+05   2.0624818E-01   8.4200472E-02
   2258   2.574000000000000E+05   3.0964902E-01   1.0321634E-01
   2259   2.574600000000000E+05   2.4102992E-01   9.1100745E-02
   2260   2.575200000000000E+05   2.7606764E-01   9.7604655E-02
   2261   2.575800000000000E+05   3.4648216E-01   1.0956728E-01
   2262   2.576400000000000E+05   2.4417323E-01   9.2288807E-02
   2263   2.577000000000000E+05   2.8123885E-01   9.9432953E-02
   2264   2.577600000000000E+05   2.1059293E-01   8.5974202E-02
   2265   2.578200000000000E+05   1.7449638E-01   7.8037150E-02
   2266   2.578800000000000E+05   2.4339698E-01   9.1995411E-02
   2267   2.579400000000000E+05   6.9436006E-02   4.9098670E-02
   2268   2.580000000000000E+05   2.4210835E-01   9.1508351E-02
   2269   2.580600000000000E+05   2.0756479E-01   8.4737971E-02
   2270   2.581200000000000E+05   4.8228610E-01   1.2889639E-01
   2271   2.581800000000000E+05   1.3769644E-01   6.8848222E-02
   2272   2.582400000000000E+05   1.7185880E-01   7.6857589E-02
   2273   2.583000000000000E+05   3.4417665E-01   1.0883822E-01
   2274   2.583600000000000E+05   3.4339643E-01   1.0859148E-01
   2275   2.584200000000000E+05   2.0617990E-01   8.4172599E-02
   2276   2.584800000000000E+05   2.5559396E-01   9.6605428E-02
   2277   2.610000000000000E+05   1.6851029E-01   1.6851029E-01
   2278   2.610600000000000E+05   7.1198992E-02   5.0345287E-02
   2279   2.611200000000000E+05   1.8005425E-01   8.0522701E-02
   2280   2.611800000000000E+05   2.4952850E-01   9.4312906E-02
   2281   2.612400000000000E+05   2.1569297E-01   8.8056289E-02
   2282   2.613000000000000E+05   1.7925107E-01   8.0163516E-02
   2283   2.613600000000000E+05   2.5081488E-01   9.4799109E-02
   2284   2.614200000000000E+05   1.7798392E-01   7.9596832E-02
   2285   2.614800000000000E+05   3.5881218E-02   3.5881218E-02
   2286   2.615400000000000E+05   1.0801432E-01   6.2362097E-02
   2287   2.616000000000000E+05   2.1394075E-01   8.7340951E-02
   2288   2.616600000000000E+05   2.8600392E-01   1.0111765E-01
   2289   2.617200000000000E+05   2.5142843E-01   9.5031016E-02
   2290   2.617800000000000E+05   2.1311645E-01   8.7004431E-02
   2291   2.618400000000000E+05   1.4359464E-01   7.1797319E-02
   2292   2.619000000000000E+05   3.9342299E-01   1.1862150E-01
   2293   2.619600000000000E+05   1.4442922E-01   7.2214611E-02
   2294   2.620200000000000E+05   2.5256872E-01   9.5462009E-02
   2295   2.620800000000000E+05   2.5295562E-01   9.5608242E-02
   2296   2.621400000000000E+05   1.7887560E-01   7.9995595E-02
   2297   2.622000000000000E+05   2.4870193E-01   9.4000489E-02
   2298   2.622600000000000E+05   7.0392825E-02   4.9775243E-02
   2299   2.623200000000000E+05   1.0558634E-01   6.0960300E-02
   2300   2.623800000000000E+05   3.1733277E-01   1.0577759E-01
   2301   2.624400000000000E+05   1.7669617E-01   7.9020925E-02
   2302   2.625000000000000E+05   2.8262842E-01   9.9924229E-02
   2303   2.625600000000000E+05   3.5111722E-01   1.1103301E-01
   2304   2.626200000000000E+05   2.7991742E-01   9.8965749E-02
   2305   2.626800000000000E+05   1.0466474E-01   6.0428210E-02
   2306   2.627400000000000E+05   1.7366490E-01   1.0026548E-01
   2307   2.631000000000000E+05   2.6077390E-01   1.5055788E-01
   2308   2.631600000000000E+05   2.7543759E-01   9.7381890E-02
   2309   2.632200000000000E+05   2.7524430E-01   9.7313546E-02
   2310   2.632800000000000E+05   2.7559105E-01   9.7436145E-02
   2311   2.633400000000000E+05   1.7252582E-01   7.7155888E-02
   2312   2.634000000000000E+05   2.0692061E-01   8.4474988E-02
   2313   2.634600000000000E+05   2.7564299E-01   9.7454511E-02
   2314   2.635200000000000E+05   1.0340708E-01   5.9702106E-02
   2315   2.635800000000000E+05   2.7541405E-01   9.7373568E-02
   2316   2.636400000000000E+05   1.3848720E-01   6.9243602E-02
   2317   2.637000000000000E+05   2.4348210E-01   9.2027582E-02
   2318   2.637600000000000E+05   2.8352746E-01   1.0024209E-01
   2319   2.638200000000000E+05   1.4630535E-01   7.3152676E-02
   2320   2.638800000000000E+05   2.2609426E-01   9.2302598E-02
   2321   2.639400000000000E+05   3.0026639E-01   1.0616019E-01
   2322   2.640000000000000E+05   3.2994547E-01   1.0998182E-01
   2323   2.640600000000000E+05   3.5779080E-01   1.1314338E-01
   2324   2.641200000000000E+05   1.7540844E-01   7.8445040E-02
   2325   2.641800000000000E+05   2.8262824E-01   9.9924169E-02
   2326   2.642400000000000E+05   2.0995288E-01   9.3893781E-02
   2327   2.643000000000000E+05   4.6033213E-01   1.6275199E-01
   2328   2.668200000000000E+05   0.0000000E+00   0.0000000E+00
   2329   2.668800000000000E+05   0.0000000E+00   0.0000000E+00
   2330   2.669400000000000E+05   1.7914836E-01   8.0117583E-02
   2331   2.670000000000000E+05   2.8428224E-01   1.0050894E-01
   2332   2.670600000000000E+05   4.2785236E-01   1.2351033E-01
   2333   2.671200000000000E+05   2.8448638E-01   1.0058112E-01
   2334   2.671800000000000E+05   1.7821507E-01   7.9700202E-02
   2335   2.672400000000000E+05   7.1049988E-02   5.0239928E-02
   2336   2.673000000000000E+05   1.4218153E-01   7.1090765E-02
   2337   2.673600000000000E+05   2.1420012E-01   8.7446831E-02
   2338   2.674200000000000E+05   2.8553778E-01   1.0095285E-01
   2339   2.674800000000000E+05   3.8976708E-01   1.1751920E-01
   2340   2.675400000000000E+05   1.7790066E-01   7.9559594E-02
   2341   2.676000000000000E+05   2.1431810E-01   8.7494999E-02
   2342   2.676600000000000E+05   1.7972088E-01   8.0373622E-02
   2343   2.677200000000000E+05   2.1456617E-01   8.7596275E-02
   2344   2.677800000000000E+05   4.6587560E-01   1.2921064E-01
   2345   2.678400000000000E+05   1.7916189E-01   8.0123633E-02
   2346   2.679000000000000E+05   2.8616902E-01   1.0117602E-01
   2347   2.679600000000000E+05   7.1021423E-02   5.0219726E-02
   2348   2.680200000000000E+05   3.8681650E-01   1.1662956E-01
   2349   2.680800000000000E+05   2.4629381E-01   9.3090311E-02
   2350   2.681400000000000E+05   3.5043433E-01   1.1081707E-01
   2351   2.682000000000000E+05   2.4636215E-01   9.3116142E-02
   2352   2.682600000000000E+05   2.1066320E-01   8.6002886E-02
   2353   2.683200000000000E+05   1.0580842E-01   6.1088521E-02
   2354   2.683800000000000E+05   1.0498421E-01   6.0612660E-02
   2355   2.684400000000000E+05   1.7387033E-01   7.7757172E-02
   2356   2.685000000000000E+05   2.0884013E-01   8.5258625E-02
   2357   2.685600000000000E+05   3.1068525E-01   1.0356174E-01
   2358   2.686200000000000E+05   2.4131593E-01   9.1208853E-02
   2359   2.686800000000000E+05   5.1562232E-01   1.3313311E-01
   2360   2.687400000000000E+05   2.3988989E-01   9.0669855E-02
   2361   2.688000000000000E+05   3.0874157E-01   1.0291386E-01
   2362   2.688600000000000E+05   2.0588359E-01   8.4051631E-02
   2363   2.689200000000000E+05   1.3784489E-01   6.8922445E-02
   2364   2.689800000000000E+05   2.7634710E-01   9.7703457E-02
   2365   2.690400000000000E+05   1.1688486E-01   8.2650073E-02
   2366   2.693400000000000E+05   1.6880302E-01   1.1936176E-01
   2367   2.694000000000000E+05   1.0326184E-01   5.9618253E-02
   2368   2.694600000000000E+05   4.1346654E-01   1.1935750E-01
   2369   2.695200000000000E+05   3.1050688E-01   1.0350230E-01
   2370   2.695800000000000E+05   2.4143191E-01   9.1252685E-02
   2371   2.696400000000000E+05   1.3799064E-01   6.8995319E-02
   2372   2.697000000000000E+05   1.7210397E-01   7.6967239E-02
   2373   2.697600000000000E+05   1.0363374E-01   5.9832968E-02
   2374   2.698200000000000E+05   1.7568134E-01   7.8567080E-02
   2375   2.698800000000000E+05   2.2218643E-01   9.0707235E-02
   2376   2.699400000000000E+05   3.7017587E-01   1.2339196E-01
   2377   2.700000000000000E+05   2.7757898E-01   1.1332114E-01
   2378   2.700600000000000E+05   4.3805906E-01   1.4601968E-01
   2379   2.701200000000000E+05   3.3999917E-01   2.4041572E-01
   2380   2.725800000000000E+05   0.0000000E+00   0.0000000E+00
   2381   2.726400000000000E+05   2.6959145E-01   1.0189599E-01
   2382   2.727000000000000E+05   3.5534525E-01   1.1237003E-01
   2383   2.727600000000000E+05   2.1415046E-01   8.7426566E-02
   2384   2.728200000000000E+05   1.4229034E-01   7.1145169E-02
   2385   2.728800000000000E+05   1.7832018E-01   7.9747215E-02
   2386   2.729400000000000E+05   2.8418469E-01   1.0047446E-01
   2387   2.730000000000000E+05   1.7752780E-01   7.9392850E-02
   2388   2.730600000000000E+05   1.7863221E-01   7.9886749E-02
   2389   2.731200000000000E+05   2.4766517E-01   9.3608633E-02
   2390   2.731800000000000E+05   2.8415903E-01   1.0046539E-01
   2391   2.732400000000000E+05   3.5359949E-01   1.1181797E-01
   2392   2.733000000000000E+05   2.8339052E-01   1.0019367E-01
   2393   2.733600000000000E+05   1.7730151E-01   7.9291642E-02
   2394   2.734200000000000E+05   2.8537709E-01   1.0089603E-01
   2395   2.734800000000000E+05   2.8342834E-01   1.0020705E-01
   2396   2.735400000000000E+05   1.4247786E-01   7.1238928E-02
   2397   2.736000000000000E+05   2.4835920E-01   9.3870953E-02
   2398   2.736600000000000E+05   1.4289558E-01   7.1447790E-02
   2399   2.737200000000000E+05   2.4836119E-01   9.3871705E-02
   2400   2.737800000000000E+05   1.4170392E-01   7.0851959E-02
   2401   2.738400000000000E+05   2.4530730E-01   9.2717446E-02
   2402   2.739000000000000E+05   2.4592695E-01   9.2951648E-02
   2403   2.739600000000000E+05   2.8277302E-01   9.9975355E-02
   2404   2.740200000000000E+05   2.1105170E-01   8.6161502E-02
   2405   2.740800000000000E+05   1.0525721E-01   6.0770281E-02
   2406   2.741400000000000E+05   3.8511005E-01   1.1611505E-01
   2407   2.742000000000000E+05   2.1002527E-01   8.5742459E-02
   2408   2.742600000000000E+05   3.1448147E-01   1.0482716E-01
   2409   2.743200000000000E+05   2.0772851E-01   8.4804811E-02
   2410   2.743800000000000E+05   3.7941945E-01   1.1439927E-01
   2411   2.744400000000000E+05   1.3798268E-01   6.8991341E-02
   2412   2.745000000000000E+05   2.0587729E-01   8.4049053E-02
   2413   2.745600000000000E+05   2.4078014E-01   9.1006339E-02
   2414   2.746200000000000E+05   2.0647551E-01   8.4293276E-02
   2415   2.746800000000000E+05   2.7538592E-01   9.7363621E-02
   2416   2.747400000000000E+05   2.7439103E-01   9.7011872E-02
   2417   2.748000000000000E+05   2.4059790E-01   9.0937465E-02
   2418   2.748600000000000E+05   5.1590323E-01   1.3320564E-01
   2419   2.749200000000000E+05   2.7523285E-01   9.7309507E-02
   2420   2.749800000000000E+05   2.0636564E-01   8.4248424E-02
   2421   2.750400000000000E+05   3.4473345E-02   3.4473345E-02
   2422   2.751000000000000E+05   3.1014058E-01   1.0338019E-01
   2423   2.751600000000000E+05   3.7957597E-01   1.1444646E-01
   2424   2.752200000000000E+05   2.9721129E-01   1.3291693E-01
   2425   2.756400000000000E+05   2.4726443E-01   1.4275819E-01
   2426   2.757000000000000E+05   2.0705724E-01   8.4530763E-02
   2427   2.757600000000000E+05   3.7886620E-01   1.1423246E-01
   2428   2.758200000000000E+05   3.4338576E-01   1.0858811E-01
   2429   2.758800000000000E+05   3.9521691E-01   1.1916238E-01
   2431   2.784600000000000E+05   3.0291644E-01   1.1449165E-01
   2432   2.785200000000000E+05   1.7858537E-01   7.9865798E-02
   2433   2.785800000000000E+05   3.2230297E-01   1.0743432E-01
   2434   2.786400000000000E+05   3.8894209E-01   1.1727046E-01
   2435   2.787000000000000E+05   1.4177525E-01   7.0887625E-02
   2436   2.787600000000000E+05   1.4143133E-01   7.0715666E-02
   2437   2.788200000000000E+05   2.4785724E-01   9.3681231E-02
   2438   2.788800000000000E+05   2.8410339E-01   1.0044571E-01
   2439   2.789400000000000E+05   2.4847978E-01   9.3916528E-02
   2440   2.790000000000000E+05   2.4792127E-01   9.3705431E-02
   2441   2.790600000000000E+05   1.4189786E-01   7.0948929E-02
   2442   2.791200000000000E+05   2.1191074E-01   8.6512193E-02
   2443   2.791800000000000E+05   3.1875700E-01   1.0625233E-01
   2444   2.792400000000000E+05   3.8926530E-01   1.1736790E-01
   2445   2.793000000000000E+05   2.1274368E-01   8.6852252E-02
   2446   2.793600000000000E+05   3.5463210E-02   3.5463210E-02
   2447   2.794200000000000E+05   2.8295690E-01   1.0004037E-01
   2448   2.794800000000000E+05   1.4166154E-01   7.0830770E-02
   2449   2.795400000000000E+05   1.7571129E-01   7.8580476E-02
   2450   2.796000000000000E+05   2.4505280E-01   9.2621252E-02
   2451   2.796600000000000E+05   1.0491781E-01   6.0574323E-02
   2452   2.797200000000000E+05   2.1007563E-01   8.5763022E-02
   2453   2.797800000000000E+05   2.4530804E-01   9.2717730E-02
   2454   2.798400000000000E+05   3.1500676E-01   1.0500225E-01
   2455   2.799000000000000E+05   3.4960473E-01   1.1055472E-01
   2456   2.799600000000000E+05   1.7519468E-01   7.8349441E-02
   2457   2.800200000000000E+05   3.8291487E-01   1.1545318E-01
   2458   2.800800000000000E+05   3.1232154E-01   1.0410718E-01
   2459   2.801400000000000E+05   3.1096902E-01   1.0365634E-01
   2460   2.802000000000000E+05   2.4073614E-01   9.0989709E-02
   2461   2.802600000000000E+05   3.7804353E-01   1.1398442E-01
   2462   2.803200000000000E+05   3.4246004E-01   1.0829537E-01
   2463   2.803800000000000E+05   1.0292962E-01   5.9426446E-02
   2464   2.804400000000000E+05   4.1139486E-01   1.1875947E-01
   2465   2.805000000000000E+05   1.7137398E-01   7.6640777E-02
   2466   2.805600000000000E+05   3.0938914E-01   1.0312971E-01
   2467   2.806200000000000E+05   2.0617388E-01   8.4170140E-02
   2468   2.806800000000000E+05   1.0310265E-01   5.9526343E-02
   2469   2.807400000000000E+05   2.7539814E-01   9.7367942E-02
   2470   2.808000000000000E+05   3.0996844E-01   1.0332281E-01
   2471   2.808600000000000E+05   2.7593726E-01   9.7558558E-02
   2472   2.809200000000000E+05   2.7621043E-01   9.7655125E-02
   2473   2.809800000000000E+05   6.9035873E-02   4.8815735E-02
   2474   2.810400000000000E+05   3.4538248E-01   1.0921954E-01
   2475   2.811000000000000E+05   1.7233071E-01   7.7068634E-02
   2476   2.811600000000000E+05   2.4177009E-01   9.1380507E-02
   2477   2.812200000000000E+05   2.7565488E-01   9.7458713E-02
   2478   2.812800000000000E+05   2.7630299E-01   9.7687855E-02
   2479   2.813400000000000E+05   3.0945283E-01   1.0315094E-01
   2480   2.814000000000000E+05   2.3995283E-01   1.1997642E-01
   2481   2.841600000000000E+05   0.0000000E+00   0.0000000E+00
   2482   2.842200000000000E+05   0.0000000E+00   0.0000000E+00
   2483   2.842800000000000E+05   3.2444307E-01   1.0814769E-01
   2484   2.843400000000000E+05   3.2196036E-01   1.0732011E-01
   2485   2.844000000000000E+05   2.1322398E-01   8.7048329E-02
   2486   2.844600000000000E+05   3.9284188E-01   1.1844629E-01
   2487   2.845200000000000E+05   2.4916092E-01   9.4173975E-02
   2488   2.845800000000000E+05   3.5613382E-01   1.1261940E-01
   2489   2.846400000000000E+05   2.4944405E-01   9.4280988E-02
   2490   2.847000000000000E+05   3.5305685E-01   1.1164638E-01
   2491   2.847600000000000E+05   3.8725355E-01   1.1676134E-01
   2492   2.848200000000000E+05   1.0739431E-01   6.2004130E-02
   2493   2.848800000000000E+05   3.8905188E-01   1.1730356E-01
   2494   2.849400000000000E+05   2.4857204E-01   9.3951404E-02
   2495   2.850000000000000E+05   7.0899896E-02   5.0133798E-02
   2496   2.850600000000000E+05   2.8413343E-01   1.0045633E-01
   2497   2.851200000000000E+05   1.7736554E-01   7.9320282E-02
   2498   2.851800000000000E+05   2.1268028E-01   8.6826362E-02
   2499   2.852400000000000E+05   4.6140340E-01   1.2797028E-01
   2500   2.853000000000000E+05   3.9050314E-01   1.1774113E-01
   2501   2.853600000000000E+05   2.8008124E-01   9.9023670E-02
   2502   2.854200000000000E+05   2.4543798E-01   9.2766836E-02
   2503   2.854800000000000E+05   2.4470706E-01   9.2490576E-02
   2504   2.855400000000000E+05   2.0964089E-01   8.5585535E-02
   2505   2.856000000000000E+05   2.1070345E-01   8.6019322E-02
   2506   2.856600000000000E+05   2.4555534E-01   9.2811197E-02
   2507   2.857200000000000E+05   2.8070718E-01   9.9244967E-02
   2508   2.857800000000000E+05   3.1584373E-01   1.0528125E-01
   2509   2.858400000000000E+05   3.4772950E-01   1.0996173E-01
   2510   2.859000000000000E+05   3.8067433E-01   1.1477763E-01
   2511   2.859600000000000E+05   3.1000957E-01   1.0333652E-01
   2512   2.860200000000000E+05   3.4389752E-01   1.0874994E-01
   2513   2.860800000000000E+05   2.3986644E-01   9.0660997E-02
   2514   2.861400000000000E+05   5.4852605E-01   1.3713151E-01
   2515   2.862000000000000E+05   2.7445328E-01   9.7033881E-02
   2516   2.862600000000000E+05   2.4035828E-01   9.0846889E-02
   2517   2.863200000000000E+05   2.4020676E-01   9.0789624E-02
   2518   2.863800000000000E+05   2.4091466E-01   9.1057181E-02
   2519   2.864400000000000E+05   2.7609304E-01   9.7613625E-02
   2520   2.865000000000000E+05   3.4488934E-01   1.0906359E-01
   2521   2.865600000000000E+05   3.0960679E-01   1.0320226E-01
   2522   2.866200000000000E+05   2.0672387E-01   8.4394671E-02
   2523   2.866800000000000E+05   2.0686226E-01   8.4451161E-02
   2524   2.867400000000000E+05   3.4539387E-01   1.0922313E-01
   2525   2.868000000000000E+05   3.7938154E-01   1.1438784E-01
   2526   2.868600000000000E+05   1.7219494E-01   7.7007920E-02
   2527   2.869200000000000E+05   1.7225830E-01   7.7036254E-02
   2528   2.869800000000000E+05   3.4479937E-01   1.0903513E-01
   2529   2.870400000000000E+05   2.4102299E-01   9.1098130E-02
   2530   2.871000000000000E+05   4.4712541E-01   1.2401027E-01
   2531   2.871600000000000E+05   2.4095739E-01   9.1073334E-02
   2532   2.872200000000000E+05   2.7516785E-01   9.7286530E-02
   2533   2.872800000000000E+05   2.4122955E-01   9.1176197E-02
   2534   2.873400000000000E+05   2.7476561E-01   9.7144313E-02
   2535   2.874000000000000E+05   2.4098821E-01   9.1084987E-02
   2536   2.874600000000000E+05   2.0711553E-01   8.4554560E-02
   2537   2.875200000000000E+05   2.1930479E-01   1.5507188E-01
   2538   2.899800000000000E+05   0.0000000E+00   0.0000000E+00
   2539   2.900400000000000E+05   2.5598741E-01   1.2799370E-01
   2540   2.901000000000000E+05   2.4960943E-01   9.4343498E-02
   2541   2.901600000000000E+05   3.2149565E-01   1.0716521E-01
   2542   2.902200000000000E+05   3.9214018E-01   1.1823472E-01
   2543   2.902800000000000E+05   2.8391159E-01   1.0037789E-01
   2544   2.903400000000000E+05   4.6230748E-01   1.2822102E-01
   2545   2.904000000000000E+05   3.5561112E-01   1.1245410E-01
   2546   2.904600000000000E+05   3.5485265E-01   1.1221426E-01
   2547   2.905200000000000E+05   4.6193212E-01   1.2811692E-01
   2548   2.905800000000000E+05   3.9073756E-01   1.1781181E-01
   2549   2.906400000000000E+05   3.5482481E-01   1.1220545E-01
   2550   2.907000000000000E+05   2.4893305E-01   9.4087847E-02
   2551   2.907600000000000E+05   5.6730980E-01   1.4182745E-01
   2552   2.908200000000000E+05   2.1305782E-01   8.6980492E-02
   2553   2.908800000000000E+05   2.1186909E-01   8.6495198E-02
   2554   2.909400000000000E+05   2.4917233E-01   9.4178289E-02
   2555   2.910000000000000E+05   3.1818047E-01   1.0606015E-01
   2556   2.910600000000000E+05   2.1355675E-01   8.7184183E-02
   2557   2.911200000000000E+05   2.1319708E-01   8.7037347E-02
   2558   2.911800000000000E+05   3.1639653E-01   1.0546551E-01
   2559   2.912400000000000E+05   2.8200841E-01   9.9705026E-02
   2560   2.913000000000000E+05   3.5207751E-01   1.1133668E-01
   2561   2.913600000000000E+05   3.1593516E-01   1.0531172E-01
   2562   2.914200000000000E+05   3.8779786E-01   1.1692546E-01
   2563   2.914800000000000E+05   3.5189041E-01   1.1127752E-01
   2564   2.915400000000000E+05   2.1100847E-01   8.6143851E-02
   2565   2.916000000000000E+05   2.4380334E-01   9.2148997E-02
   2566   2.916600000000000E+05   2.0895831E-01   8.5306875E-02
   2567   2.917200000000000E+05   2.4316370E-01   9.1907240E-02
   2568   2.917800000000000E+05   2.7567303E-01   9.7465128E-02
   2569   2.918400000000000E+05   3.7799239E-01   1.1396900E-01
   2570   2.919000000000000E+05   3.1025207E-01   1.0341735E-01
   2571   2.919600000000000E+05   3.0838478E-01   1.0279492E-01
   2572   2.920200000000000E+05   2.7404618E-01   9.6889958E-02
   2573   2.920800000000000E+05   1.7140439E-01   7.6654375E-02
   2574   2.921400000000000E+05   3.7709215E-01   1.1369757E-01
   2575   2.922000000000000E+05   4.8169896E-01   1.2873946E-01
   2576   2.922600000000000E+05   4.4797105E-01   1.2424481E-01
   2577   2.923200000000000E+05   2.4134266E-01   9.1218956E-02
   2578   2.923800000000000E+05   3.1032443E-01   1.0344147E-01
   2579   2.924400000000000E+05   2.4074110E-01   9.0991579E-02
   2580   2.925000000000000E+05   4.1360912E-01   1.1939867E-01
   2581   2.925600000000000E+05   3.8047290E-01   1.1471690E-01
   2582   2.926200000000000E+05   1.3757329E-01   6.8786643E-02
   2583   2.926800000000000E+05   3.4498322E-01   1.0909327E-01
   2584   2.927400000000000E+05   1.0336863E-01   5.9679899E-02
   2585   2.928000000000000E+05   1.3789678E-01   6.8948388E-02
   2586   2.928600000000000E+05   3.1043321E-01   1.0347773E-01
   2587   2.929200000000000E+05   4.4942856E-01   1.2464905E-01
   2588   2.929800000000000E+05   4.1431215E-01   1.1960161E-01
   2589   2.930400000000000E+05   3.1100807E-01   1.0366935E-01
   2590   2.931000000000000E+05   6.8871938E-02   4.8699815E-02
   2591   2.931600000000000E+05   1.7230701E-01   7.7058040E-02
   2592   2.932200000000000E+05   3.4366757E-01   1.0867722E-01
   2593   2.932800000000000E+05   3.1317952E-01   1.0439317E-01
   2594   2.958000000000000E+05   0.0000000E+00   0.0000000E+00
   2595   2.958600000000000E+05   9.6514277E-02   6.8245903E-02
   2596   2.959200000000000E+05   3.2269445E-01   1.0756481E-01
   2597   2.959800000000000E+05   2.4946980E-01   9.4290718E-02
   2598   2.960400000000000E+05   3.5442603E-01   1.1207935E-01
   2599   2.961000000000000E+05   2.1368554E-01   8.7236762E-02
   2600   2.961600000000000E+05   3.1981897E-01   1.0660633E-01
   2601   2.962200000000000E+05   2.1380021E-01   8.7283574E-02
   2602   2.962800000000000E+05   3.5515040E-01   1.1230841E-01
   2603   2.963400000000000E+05   2.4840531E-01   9.3888380E-02
   2604   2.964000000000000E+05   2.1368439E-01   8.7236285E-02
   2605   2.964600000000000E+05   2.8357702E-01   1.0025961E-01
   2606   2.965200000000000E+05   2.4879670E-01   9.4036311E-02
   2607   2.965800000000000E+05   2.8437236E-01   1.0054081E-01
   2608   2.966400000000000E+05   2.8420639E-01   1.0048214E-01
   2609   2.967000000000000E+05   2.4850102E-01   9.3924560E-02
   2610   2.967600000000000E+05   2.8411332E-01   1.0044922E-01
   2611   2.968200000000000E+05   3.5295936E-01   1.1161555E-01
   2612   2.968800000000000E+05   2.1319318E-01   8.7035753E-02
   2613   2.969400000000000E+05   3.5391191E-01   1.1191677E-01
   2614   2.970000000000000E+05   5.2772498E-01   1.3625799E-01
   2615   2.970600000000000E+05   2.4459203E-01   9.2447095E-02
   2616   2.971200000000000E+05   2.7955261E-01   9.8836772E-02
   2617   2.971800000000000E+05   2.1106835E-01   8.6168289E-02
   2618   2.972400000000000E+05   2.0941159E-01   8.5491925E-02
   2619   2.973000000000000E+05   1.7545241E-01   7.8464702E-02
   2620   2.973600000000000E+05   1.3957472E-01   6.9787361E-02
   2621   2.974200000000000E+05   2.0804475E-01   8.4933914E-02
   2622   2.974800000000000E+05   3.1135648E-01   1.0378550E-01
   2623   2.975400000000000E+05   1.3833173E-01   6.9165863E-02
   2624   2.976000000000000E+05   4.8210704E-01   1.2884854E-01
   2625   2.976600000000000E+05   3.4398937E-01   1.0877899E-01
   2626   2.977200000000000E+05   3.7665915E-01   1.1356702E-01
   2627   2.977800000000000E+05   2.7457136E-01   9.7075634E-02
   2628   2.978400000000000E+05   2.7449638E-01   9.7049125E-02
   2629   2.979000000000000E+05   4.8097497E-01   1.2854597E-01
   2630   2.979600000000000E+05   2.4129333E-01   9.1200307E-02
   2631   2.980200000000000E+05   2.4066556E-01   9.0963028E-02
   2632   2.980800000000000E+05   2.0673138E-01   8.4397733E-02
   2633   2.981400000000000E+05   2.4099667E-01   9.1088183E-02
   2634   2.982000000000000E+05   3.1011918E-01   1.0337306E-01
   2635   2.982600000000000E+05   3.1020299E-01   1.0340099E-01
   2636   2.983200000000000E+05   1.7197831E-01   7.6911032E-02
   2637   2.983800000000000E+05   3.4453696E-01   1.0895216E-01
   2638   2.984400000000000E+05   1.3792993E-01   6.8964966E-02
   2639   2.985000000000000E+05   2.4081354E-01   9.1018960E-02
   2640   2.985600000000000E+05   3.7990645E-01   1.1454611E-01
   2641   2.986200000000000E+05   3.7978637E-01   1.1450990E-01
   2642   2.986800000000000E+05   1.0355151E-01   5.9785493E-02
   2643   2.987400000000000E+05   2.4124230E-01   9.1181025E-02
   2644   2.988000000000000E+05   4.1430616E-01   1.1959989E-01
   2645   2.988600000000000E+05   2.7523723E-01   9.7311057E-02
   2646   2.989200000000000E+05   3.0917531E-01   1.0305844E-01
   2647   2.989800000000000E+05   3.7895694E-01   1.1425982E-01
   2648   2.990400000000000E+05   4.4807190E-01   1.2427278E-01
   2649   2.991000000000000E+05   2.0738037E-01   1.0369018E-01
   2651   3.016200000000000E+05   7.0696056E-02   7.0696056E-02
   2652   3.016800000000000E+05   3.2344690E-01   1.0781564E-01
   2653   3.017400000000000E+05   1.4253247E-01   7.1266234E-02
   2654   3.018000000000000E+05   3.9384994E-01   1.1875023E-01
   2655   3.018600000000000E+05   2.5005418E-01   9.4511591E-02
   2656   3.019200000000000E+05   3.9132890E-01   1.1799011E-01
   2657   3.019800000000000E+05   1.4259726E-01   7.1298629E-02
   2658   3.020400000000000E+05   2.8351757E-01   1.0023860E-01
   2659   3.021000000000000E+05   3.1990525E-01   1.0663508E-01
   2660   3.021600000000000E+05   2.4886437E-01   9.4061889E-02
   2661   3.022200000000000E+05   4.2474315E-01   1.2261277E-01
   2662   3.022800000000000E+05   2.4817747E-01   9.3802266E-02
   2663   3.023400000000000E+05   3.1985828E-01   1.0661943E-01
   2664   3.024000000000000E+05   2.8406078E-01   1.0043065E-01
   2665   3.024600000000000E+05   2.1297589E-01   8.6947046E-02
   2666   3.025200000000000E+05   2.8314894E-01   1.0010826E-01
   2667   3.025800000000000E+05   3.5561761E-01   1.1245617E-01
   2668   3.026400000000000E+05   3.5577339E-01   1.1250542E-01
   2669   3.027000000000000E+05   2.8538135E-01   1.0089754E-01
   2670   3.027600000000000E+05   2.1263558E-01   8.6808115E-02
   2671   3.028200000000000E+05   2.1099366E-01   8.6137801E-02
   2672   3.028800000000000E+05   1.7602889E-01   7.8722514E-02
   2673   3.029400000000000E+05   3.5090387E-02   3.5090387E-02
   2674   3.030000000000000E+05   2.8077921E-01   9.9270441E-02
   2675   3.030600000000000E+05   2.8026262E-01   9.9087797E-02
   2676   3.031200000000000E+05   1.4017721E-01   7.0088603E-02
   2677   3.031800000000000E+05   2.4433461E-01   9.2349797E-02
   2678   3.032400000000000E+05   2.0824704E-01   8.5016496E-02
   2679   3.033000000000000E+05   3.1105608E-01   1.0368536E-01
   2680   3.033600000000000E+05   2.4075422E-01   9.0996541E-02
   2681   3.034200000000000E+05   3.0974558E-01   1.0324853E-01
   2682   3.034800000000000E+05   3.7764910E-01   1.1386549E-01
   2683   3.035400000000000E+05   4.1288164E-01   1.1918867E-01
   2684   3.036000000000000E+05   2.7425376E-01   9.6963339E-02
   2685   3.036600000000000E+05   3.0857608E-01   1.0285868E-01
   2686   3.037200000000000E+05   4.4732437E-01   1.2406545E-01
   2687   3.037800000000000E+05   2.4135430E-01   9.1223352E-02
   2688   3.038400000000000E+05   3.0912033E-01   1.0304010E-01
   2689   3.039000000000000E+05   4.4789040E-01   1.2422244E-01
   2690   3.039600000000000E+05   2.4173932E-01   9.1368876E-02
   2691   3.040200000000000E+05   2.0683396E-01   8.4439605E-02
   2692   3.040800000000000E+05   1.3789313E-01   6.8946563E-02
   2693   3.041400000000000E+05   3.7934828E-01   1.1437782E-01
   2694   3.042000000000000E+05   1.3793026E-01   6.8965130E-02
   2695   3.042600000000000E+05   3.0994904E-01   1.0331634E-01
   2696   3.043200000000000E+05   3.4587523E-01   1.0937535E-01
   2697   3.043800000000000E+05   2.7544069E-01   9.7382985E-02
   2698   3.044400000000000E+05   2.7637100E-01   9.7711898E-02
   2699   3.045000000000000E+05   2.0686054E-01   8.4450468E-02
   2700   3.045600000000000E+05   3.4450972E-01   1.0894354E-01
   2701   3.046200000000000E+05   4.1282365E-01   1.1917192E-01
   2702   3.046800000000000E+05   3.4419793E-01   1.0884494E-01
   2703   3.047400000000000E+05   3.0954903E-01   1.0318301E-01
   2704   3.048000000000000E+05   4.4762275E-01   1.2414821E-01
   2705   3.048600000000000E+05   2.7507120E-01   9.7252354E-02
   2706   3.049200000000000E+05   3.0648991E-01   1.7695205E-01
   2707   3.075600000000000E+05   2.9744041E-01   2.9744041E-01
   2708   3.076200000000000E+05   2.9624605E-01   1.1197048E-01
   2709   3.076800000000000E+05   2.2766742E-01   9.2944838E-02
   2710   3.077400000000000E+05   2.1595371E-01   8.8162735E-02
   2711   3.078000000000000E+05   2.4931757E-01   9.4233185E-02
   2712   3.078600000000000E+05   2.4905233E-01   9.4132930E-02
   2713   3.079200000000000E+05   1.0657069E-01   6.1528616E-02
   2714   3.079800000000000E+05   3.1894565E-01   1.0631521E-01
   2715   3.080400000000000E+05   1.7711477E-01   7.9208128E-02
   2716   3.081000000000000E+05   3.1961644E-01   1.0653880E-01
   2717   3.081600000000000E+05   2.8488669E-01   1.0072265E-01
   2718   3.082200000000000E+05   3.5238661E-02   3.5238661E-02
   2719   3.082800000000000E+05   4.2567012E-01   1.2288038E-01
   2720   3.083400000000000E+05   2.4681599E-01   9.3287677E-02
   2721   3.084000000000000E+05   1.4235298E-01   7.1176492E-02
   2722   3.084600000000000E+05   3.1923166E-01   1.0641056E-01
   2723   3.085200000000000E+05   1.7759931E-01   7.9424828E-02
   2724   3.085800000000000E+05   3.5442883E-01   1.1208024E-01
   2725   3.086400000000000E+05   3.5116205E-01   1.1104719E-01
   2726   3.087000000000000E+05   2.8131115E-01   9.9458516E-02
   2727   3.087600000000000E+05   3.5149083E-01   1.1115116E-01
   2728   3.088200000000000E+05   2.1064299E-01   8.5994646E-02
   2729   3.088800000000000E+05   2.7988786E-01   9.8955303E-02
   2730   3.089400000000000E+05   3.1632474E-01   1.0544159E-01
   2731   3.090000000000000E+05   2.0928895E-01   8.5441865E-02
   2732   3.090600000000000E+05   2.4239825E-01   9.1617927E-02
   2733   3.091200000000000E+05   1.7274165E-01   7.7252418E-02
   2734   3.091800000000000E+05   2.7641535E-01   9.7727582E-02
   2735   3.092400000000000E+05   3.7939349E-01   1.1439145E-01
   2736   3.093000000000000E+05   1.0313194E-01   5.9543252E-02
   2737   3.093600000000000E+05   2.0560674E-01   8.3938599E-02
   2738   3.094200000000000E+05   2.0586057E-01   8.4042229E-02
   2739   3.094800000000000E+05   3.4253070E-01   1.0831772E-01
   2740   3.095400000000000E+05   3.7739447E-01   1.1378872E-01
   2741   3.096000000000000E+05   3.4352458E-01   1.0863201E-01
   2742   3.096600000000000E+05   6.8706013E-02   4.8582487E-02
   2743   3.097200000000000E+05   4.4701266E-01   1.2397900E-01
   2744   3.097800000000000E+05   1.3761511E-01   6.8807557E-02
   2745   3.098400000000000E+05   4.4770008E-01   1.2416966E-01
   2746   3.099000000000000E+05   3.0973148E-01   1.0324383E-01
   2747   3.099600000000000E+05   3.1063217E-01   1.0354406E-01
   2748   3.100200000000000E+05   3.1028697E-01   1.0342898E-01
   2749   3.100800000000000E+05   4.1309837E-01   1.1925122E-01
   2750   3.101400000000000E+05   4.4889268E-01   1.2450042E-01
   2751   3.102000000000000E+05   1.7218128E-01   7.7001810E-02
   2752   3.102600000000000E+05   1.7188530E-01   7.6869436E-02
   2753   3.103200000000000E+05   4.1426271E-01   1.1958734E-01
   2754   3.103800000000000E+05   2.0658794E-01   8.4339172E-02
   2755   3.104400000000000E+05   2.7592021E-01   9.7552523E-02
   2756   3.105000000000000E+05   4.1394171E-01   1.1949468E-01
   2757   3.105600000000000E+05   3.0996415E-01   1.0332138E-01
   2758   3.106200000000000E+05   3.4393796E-01   1.0876273E-01
   2759   3.106800000000000E+05   1.7220488E-01   7.7012360E-02
   2760   3.107400000000000E+05   0.0000000E+00   0.0000000E+00
   2761   3.137400000000000E+05   2.6022217E-01   1.5023933E-01
   2762   3.138000000000000E+05   4.1361049E-01   1.3079512E-01
   2763   3.138600000000000E+05   1.8818702E-01   8.4159791E-02
   2764   3.139200000000000E+05   3.6022535E-01   1.1391325E-01
   2765   3.139800000000000E+05   2.8394252E-01   1.0038884E-01
   2766   3.140400000000000E+05   3.1824920E-01   1.0608306E-01
   2767   3.141000000000000E+05   1.4180732E-01   7.0903659E-02
   2768   3.141600000000000E+05   2.4793789E-01   9.3711711E-02
   2769   3.142200000000000E+05   2.1249628E-01   8.6751245E-02
   2770   3.142800000000000E+05   3.5228646E-01   1.1140276E-01
   2771   3.143400000000000E+05   4.6197075E-01   1.2812762E-01
   2772   3.144000000000000E+05   3.5134000E-01   1.1110347E-01
   2773   3.144600000000000E+05   2.8097519E-01   9.9339731E-02
   2774   3.145200000000000E+05   2.0945545E-01   8.5509829E-02
   2775   3.145800000000000E+05   4.2014980E-01   1.2128680E-01
   2776   3.146400000000000E+05   3.1554091E-01   1.0518030E-01
   2777   3.147000000000000E+05   1.0457559E-01   6.0376741E-02
   2778   3.147600000000000E+05   3.1457937E-01   1.0485978E-01
   2779   3.148200000000000E+05   3.8086119E-01   1.1483397E-01
   2780   3.148800000000000E+05   3.1184530E-01   1.0394844E-01
   2781   3.149400000000000E+05   3.7831783E-01   1.1406712E-01
   2782   3.150000000000000E+05   2.4081938E-01   9.1021173E-02
   2783   3.150600000000000E+05   1.3729809E-01   6.8649046E-02
   2785   3.151800000000000E+05   2.4086729E-01   9.1039278E-02
   2786   3.152400000000000E+05   3.7740368E-01   1.1379149E-01
   2787   3.153000000000000E+05   3.4501231E-01   1.0910247E-01
   2788   3.153600000000000E+05   2.7560326E-01   9.7440466E-02
   2789   3.154200000000000E+05   5.1746660E-01   1.3360931E-01
   2790   3.154800000000000E+05   2.7610284E-01   9.7617097E-02
   2791   3.155400000000000E+05   4.1393799E-01   1.1949360E-01
   2792   3.156000000000000E+05   1.3831444E-01   6.9157220E-02
   2793   3.156600000000000E+05   4.4830570E-01   1.2433763E-01
   2794   3.157200000000000E+05   3.4429970E-01   1.0887713E-01
   2795   3.157800000000000E+05   4.1429463E-01   1.1959656E-01
   2796   3.158400000000000E+05   3.0993056E-01   1.0331018E-01
   2797   3.159000000000000E+05   4.4795758E-01   1.2424108E-01
   2798   3.159600000000000E+05   3.4453452E-01   1.0895138E-01
   2799   3.160200000000000E+05   3.4353352E-01   1.0863484E-01
   2800   3.160800000000000E+05   1.3768935E-01   6.8844676E-02
   2801   3.161400000000000E+05   2.7555478E-01   9.7423322E-02
   2802   3.162000000000000E+05   2.4045372E-01   9.0882964E-02
   2803   3.162600000000000E+05   2.7499130E-01   9.7224109E-02
   2804   3.163200000000000E+05   3.4468356E-01   1.0899851E-01
   2805   3.163800000000000E+05   3.4410712E-01   1.0881623E-01
   2806   3.164400000000000E+05   4.4577783E-01   1.2363653E-01
   2807   3.165000000000000E+05   1.4951091E-01   8.6320162E-02
   2808   3.190200000000000E+05   0.0000000E+00   0.0000000E+00
   2809   3.190800000000000E+05   0.0000000E+00   0.0000000E+00
   2810   3.198600000000000E+05   2.8139102E-01   1.2584190E-01
   2811   3.199200000000000E+05   3.3260453E-01   1.1759346E-01
   2812   3.199800000000000E+05   1.5333839E-01   7.6669194E-02
   2813   3.200400000000000E+05   1.4644457E-01   7.3222287E-02
   2814   3.201000000000000E+05   4.6459568E-01   1.2885566E-01
   2815   3.201600000000000E+05   2.1208434E-01   8.6583070E-02
   2816   3.202200000000000E+05   1.7504966E-01   7.8284584E-02
   2817   3.202800000000000E+05   2.0933737E-01   8.5461624E-02
   2818   3.203400000000000E+05   1.7481644E-01   7.8180291E-02
   2819   3.204000000000000E+05   2.0890725E-01   8.5286029E-02
   2820   3.204600000000000E+05   1.7513187E-01   7.8321353E-02
   2821   3.205200000000000E+05   2.0856848E-01   8.5147731E-02
   2822   3.205800000000000E+05   2.0901045E-01   8.5328162E-02
   2823   3.206400000000000E+05   2.4185328E-01   9.1411948E-02
   2824   3.207000000000000E+05   3.7982100E-01   1.1452034E-01
   2825   3.207600000000000E+05   1.3768516E-01   6.8842582E-02
   2826   3.208200000000000E+05   2.0623687E-01   8.4195852E-02
   2827   3.208800000000000E+05   3.4393010E-01   1.0876025E-01
   2828   3.209400000000000E+05   3.4393731E-01   1.0876253E-01
   2829   3.210000000000000E+05   3.4456405E-01   1.0896073E-01
   2830   3.210600000000000E+05   2.7571091E-01   9.7478516E-02
   2831   3.211200000000000E+05   2.4075024E-01   9.0995036E-02
   2832   3.211800000000000E+05   3.1041875E-01   1.0347291E-01
   2833   3.212400000000000E+05   3.4432086E-01   1.0888382E-01
   2834   3.213000000000000E+05   2.0683396E-01   8.4439613E-02
   2835   3.213600000000000E+05   3.7850302E-01   1.1412296E-01
   2836   3.214200000000000E+05   3.1067035E-01   1.0355678E-01
   2837   3.214800000000000E+05   3.0984160E-01   1.0328054E-01
   2838   3.215400000000000E+05   4.1307911E-01   1.1924566E-01
   2839   3.216000000000000E+05   3.1004888E-01   1.0334962E-01
   2840   3.216600000000000E+05   2.4110582E-01   9.1129437E-02
   2841   3.217200000000000E+05   3.1022215E-01   1.0340738E-01
   2842   3.217800000000000E+05   2.7527797E-01   9.7325459E-02
   2843   3.218400000000000E+05   3.1029040E-01   1.0343013E-01
   2844   3.219000000000000E+05   2.0646757E-01   8.4290035E-02
   2845   3.219600000000000E+05   2.7481174E-01   9.7160622E-02
   2846   3.220200000000000E+05   3.7835369E-01   1.1407793E-01
   2847   3.220800000000000E+05   4.1143072E-01   1.1876982E-01
   2848   3.221400000000000E+05   2.7466822E-01   9.7109877E-02
   2849   3.222000000000000E+05   2.7354565E-01   9.6712984E-02
   2850   3.222600000000000E+05   3.0991986E-01   1.0330662E-01
   2851   3.223200000000000E+05   2.8516370E-01   1.6463932E-01
   2852   3.247800000000000E+05   0.0000000E+00   0.0000000E+00
   2853   3.248400000000000E+05   0.0000000E+00   0.0000000E+00
   2854   3.249000000000000E+05   3.7029222E-01   1.1709668E-01
   2855   3.249600000000000E+05   2.8095514E-01   9.9332638E-02
   2856   3.250200000000000E+05   1.4194871E-01   7.0974357E-02
   2857   3.250800000000000E+05   3.5225791E-01   1.1139373E-01
   2858   3.251400000000000E+05   2.1048506E-01   1.2152360E-01
   2859   3.255600000000000E+05   5.8166653E-01   2.0565017E-01
   2860   3.256200000000000E+05   3.5780299E-01   1.1314724E-01
   2861   3.256800000000000E+05   3.2613632E-01   1.0871210E-01
   2862   3.257400000000000E+05   3.2997265E-01   1.0999089E-01
   2863   3.258000000000000E+05   1.4904994E-01   7.4524969E-02
   2864   3.258600000000000E+05   3.7898523E-01   1.1984565E-01
   2865   3.259200000000000E+05   1.9122921E-01   8.5520305E-02
   2866   3.259800000000000E+05   3.7747601E-01   1.1936840E-01
   2867   3.260400000000000E+05   3.7576002E-01   1.1882576E-01
   2868   3.261000000000000E+05   2.9497576E-01   1.0428967E-01
   2869   3.261600000000000E+05   2.5229621E-01   9.5358998E-02
   2870   3.262200000000000E+05   0.0000000E+00   0.0000000E+00
   2871   3.262800000000000E+05   1.7526585E-01   7.8381270E-02
   2872   3.263400000000000E+05   3.1639159E-01   1.0546385E-01
   2873   3.264000000000000E+05   2.4319917E-01   9.1920644E-02
   2874   3.264600000000000E+05   1.3794009E-01   6.8970047E-02
   2875   3.265200000000000E+05   2.0712414E-01   8.4558085E-02
   2876   3.265800000000000E+05   1.7162471E-01   7.6752901E-02
   2877   3.266400000000000E+05   2.0643520E-01   8.4276818E-02
   2878   3.267000000000000E+05   2.4046369E-01   9.0886734E-02
   2879   3.267600000000000E+05   3.0971634E-01   1.0323878E-01
   2880   3.268200000000000E+05   2.4067524E-01   9.0966687E-02
   2881   3.268800000000000E+05   2.0639308E-01   8.4259622E-02
   2882   3.269400000000000E+05   3.1055313E-01   1.0351771E-01
   2883   3.270000000000000E+05   4.1281208E-01   1.1916858E-01
   2884   3.270600000000000E+05   1.0343704E-01   5.9719406E-02
   2885   3.271200000000000E+05   2.7599105E-01   9.7577564E-02
   2886   3.271800000000000E+05   4.8383045E-01   1.2930913E-01
   2887   3.272400000000000E+05   3.1010190E-01   1.0336730E-01
   2888   3.273000000000000E+05   3.7931871E-01   1.1436890E-01
   2889   3.273600000000000E+05   1.7274643E-01   7.7254556E-02
   2890   3.274200000000000E+05   4.8239306E-01   1.2892497E-01
   2891   3.274800000000000E+05   2.0708944E-01   8.4543914E-02
   2892   3.275400000000000E+05   2.7576339E-01   9.7497083E-02
   2893   3.276000000000000E+05   3.4437358E-01   1.0890049E-01
   2894   3.276600000000000E+05   3.1005788E-01   1.0335262E-01
   2895   3.277200000000000E+05   1.7226012E-01   7.7037066E-02
   2896   3.277800000000000E+05   1.3780034E-01   6.8900168E-02
   2897   3.278400000000000E+05   1.3787669E-01   6.8938345E-02
   2898   3.279000000000000E+05   2.4087496E-01   9.1042183E-02
   2899   3.279600000000000E+05   3.0951357E-01   1.0317118E-01
   2900   3.280200000000000E+05   3.5936791E-01   1.1978931E-01
   2901   3.280800000000000E+05   4.1959608E-01   1.4834961E-01
   2902   3.281400000000000E+05   0.0000000E+00   0.0000000E+00
   2903   3.306000000000000E+05   3.7192693E-01   2.1473210E-01
   2904   3.306600000000000E+05   2.1191049E-01   8.6512096E-02
   2905   3.307200000000000E+05   4.2304477E-01   1.2212250E-01
   2906   3.307800000000000E+05   2.4600913E-01   9.2982709E-02
   2907   3.308400000000000E+05   2.8298256E-01   1.0004944E-01
   2908   3.309000000000000E+05   3.1763768E-01   1.0587922E-01
   2909   3.309600000000000E+05   3.5254034E-01   1.1148304E-01
   2910   3.310200000000000E+05   1.4143163E-01   7.0715815E-02
   2911   3.310800000000000E+05   3.5247612E-01   1.1146273E-01
   2912   3.311400000000000E+05   4.2289189E-01   1.2207837E-01
   2913   3.312000000000000E+05   4.9273035E-01   1.8623458E-01
   2914   3.316200000000000E+05   2.7919379E-01   1.3959689E-01
   2915   3.316800000000000E+05   3.1695288E-01   1.0565096E-01
   2916   3.317400000000000E+05   3.8674766E-01   1.1660881E-01
   2917   3.318000000000000E+05   2.0870030E-01   8.5201547E-02
   2918   3.318600000000000E+05   2.0779219E-01   8.4830813E-02
   2919   3.319200000000000E+05   2.4416992E-01   9.2287555E-02
   2920   3.319800000000000E+05   2.7776799E-01   9.8205812E-02
   2921   3.320400000000000E+05   1.7411710E-01   7.7867538E-02
   2922   3.321000000000000E+05   1.3970526E-01   6.9852628E-02
   2923   3.321600000000000E+05   3.8432220E-01   1.1587750E-01
   2924   3.322200000000000E+05   2.7957600E-01   9.8845042E-02
   2925   3.322800000000000E+05   4.1819057E-01   1.2072121E-01
   2926   3.323400000000000E+05   3.8363668E-01   1.1567082E-01
   2927   3.324000000000000E+05   3.8122639E-01   1.1494409E-01
   2928   3.324600000000000E+05   3.1205782E-01   1.0401927E-01
   2929   3.325200000000000E+05   4.1452789E-01   1.1966389E-01
   2930   3.325800000000000E+05   4.1495672E-01   1.1978768E-01
   2931   3.326400000000000E+05   4.4866064E-01   1.2443607E-01
   2932   3.327000000000000E+05   4.4793823E-01   1.2423571E-01
   2933   3.327600000000000E+05   3.1117967E-01   1.0372656E-01
   2934   3.328200000000000E+05   4.8280153E-01   1.2903413E-01
   2935   3.328800000000000E+05   2.0669706E-01   8.4383719E-02
   2936   3.329400000000000E+05   4.1418523E-01   1.1956497E-01
   2937   3.330000000000000E+05   3.8003573E-01   1.1458509E-01
   2938   3.330600000000000E+05   4.4915670E-01   1.2457366E-01
   2939   3.331200000000000E+05   3.4525532E-01   1.0917932E-01
   2940   3.331800000000000E+05   2.4142113E-01   9.1248609E-02
   2941   3.332400000000000E+05   3.4422305E-01   1.0885289E-01
   2942   3.333000000000000E+05   2.4132901E-01   9.1213793E-02
   2943   3.333600000000000E+05   3.4453103E-01   1.0895028E-01
   2944   3.334200000000000E+05   3.7944147E-01   1.1440592E-01
   2945   3.334800000000000E+05   2.4133039E-01   9.1214314E-02
   2946   3.335400000000000E+05   3.1040519E-01   1.0346840E-01
   2947   3.336000000000000E+05   2.4133770E-01   9.1217078E-02
   2948   3.336600000000000E+05   2.7526838E-01   9.7322069E-02
   2949   3.337200000000000E+05   1.3730752E-01   6.8653762E-02
   2950   3.337800000000000E+05   3.4255471E-02   3.4255471E-02
   2951   3.338400000000000E+05   1.3731271E-01   6.8656355E-02
   2952   3.339000000000000E+05   2.8971475E-01   1.1827557E-01
   2953   3.364200000000000E+05   2.8172478E-01   1.1501367E-01
   2954   3.364800000000000E+05   2.1008423E-01   8.5766532E-02
   2955   3.365400000000000E+05   2.8151900E-01   9.9531993E-02
   2956   3.366000000000000E+05   2.8177309E-01   9.9621832E-02
   2957   3.366600000000000E+05   3.5499233E-01   1.1225843E-01
   2958   3.367200000000000E+05   1.7607658E-01   7.8743838E-02
   2959   3.367800000000000E+05   6.0069317E-01   1.4568949E-01
   2960   3.368400000000000E+05   2.4670506E-01   9.3245745E-02
   2961   3.369000000000000E+05   2.8074560E-01   9.9258557E-02
   2962   3.369600000000000E+05   1.7681670E-01   7.9074830E-02
   2963   3.370200000000000E+05   3.1553215E-01   1.0517739E-01
   2964   3.370800000000000E+05   3.8680395E-01   1.1662579E-01
   2965   3.371400000000000E+05   2.4541815E-01   9.2759341E-02
   2966   3.372000000000000E+05   3.5059401E-01   1.1086756E-01
   2967   3.372600000000000E+05   3.1536466E-01   1.0512155E-01
   2968   3.373200000000000E+05   2.4764264E-01   9.3600117E-02
   2969   3.373800000000000E+05   5.2733225E-01   1.3615660E-01
   2970   3.374400000000000E+05   3.5178727E-01   1.1124490E-01
   2971   3.375000000000000E+05   2.4698789E-01   9.3352646E-02
   2972   3.375600000000000E+05   2.1460143E-01   1.2390019E-01
   2973   3.377400000000000E+05   2.7335057E-01   1.3667528E-01
   2974   3.378000000000000E+05   4.5072463E-01   1.2500852E-01
   2975   3.378600000000000E+05   3.1299040E-01   1.0433012E-01
   2976   3.379200000000000E+05   3.8198346E-01   1.1517235E-01
   2977   3.379800000000000E+05   3.8063076E-01   1.1476450E-01
   2978   3.380400000000000E+05   3.4586707E-01   1.0937277E-01
   2979   3.381000000000000E+05   2.4168929E-01   9.1349967E-02
   2980   3.381600000000000E+05   2.7543077E-01   9.7379476E-02
   2981   3.382200000000000E+05   1.7191452E-01   7.6882511E-02
   2982   3.382800000000000E+05   2.0640789E-01   8.4265672E-02
   2983   3.383400000000000E+05   3.7847254E-01   1.1411377E-01
   2984   3.384000000000000E+05   4.4923916E-01   1.2459653E-01
   2985   3.384600000000000E+05   3.8140255E-01   1.1499720E-01
   2986   3.385200000000000E+05   2.7827784E-01   9.8386072E-02
   2987   3.385800000000000E+05   2.7806735E-01   9.8311648E-02
   2988   3.386400000000000E+05   3.4834433E-01   1.1015614E-01
   2989   3.387000000000000E+05   2.7871206E-01   9.8539591E-02
   2990   3.387600000000000E+05   2.0869420E-01   8.5199051E-02
   2991   3.388200000000000E+05   3.4585035E-01   1.0936748E-01
   2992   3.388800000000000E+05   2.4205035E-01   9.1486432E-02
   2993   3.389400000000000E+05   6.9079034E-02   4.8846252E-02
   2994   3.390000000000000E+05   1.7292601E-01   7.7334866E-02
   2995   3.390600000000000E+05   3.1036687E-01   1.0345562E-01
   2996   3.391200000000000E+05   3.4620592E-01   1.0947993E-01
   2997   3.391800000000000E+05   2.0714596E-01   8.4566981E-02
   2998   3.392400000000000E+05   2.7625898E-01   9.7672291E-02
   2999   3.393000000000000E+05   1.3773052E-01   6.8865262E-02
   3000   3.393600000000000E+05   4.1271415E-01   1.1914031E-01
   3001   3.394200000000000E+05   2.4133070E-01   9.1214426E-02
   3002   3.394800000000000E+05   1.7167953E-01   7.6777413E-02
   3003   3.395400000000000E+05   3.0897567E-01   1.0299189E-01
   3004   3.396000000000000E+05   4.4700989E-01   1.2397823E-01
   3005   3.396600000000000E+05   3.3327124E-01   1.1109041E-01
   3006   3.397200000000000E+05   8.8961691E-02   8.8961691E-02
   3007   3.421800000000000E+05   2.6130658E-01   2.6130658E-01
   3008   3.422400000000000E+05   2.9349321E-01   1.0376551E-01
   3009   3.423000000000000E+05   4.1960850E-01   1.2113053E-01
   3010   3.423600000000000E+05   3.1544977E-01   1.0514992E-01
   3011   3.424200000000000E+05   2.4580912E-01   9.2907116E-02
   3012   3.424800000000000E+05   3.1827101E-01   1.0609033E-01
   3013   3.425400000000000E+05   2.4624383E-01   9.3071423E-02
   3014   3.426000000000000E+05   3.5044357E-01   1.1081999E-01
   3015   3.426600000000000E+05   3.8729677E-01   1.1677437E-01
   3016   3.427200000000000E+05   2.8131467E-01   9.9459752E-02
   3017   3.427800000000000E+05   3.8344973E-01   1.1561444E-01
   3018   3.428400000000000E+05   2.4642797E-01   9.3141019E-02
   3019   3.429000000000000E+05   6.9810003E-02   4.9363125E-02
   3020   3.429600000000000E+05   4.2206824E-01   1.2184060E-01
   3021   3.430200000000000E+05   2.4618031E-01   9.3047410E-02
   3022   3.430800000000000E+05   3.1764144E-01   1.0588048E-01
   3023   3.431400000000000E+05   3.8435838E-01   1.1588842E-01
   3024   3.432000000000000E+05   4.2277357E-01   1.2204422E-01
   3025   3.432600000000000E+05   3.8583100E-01   1.1633243E-01
   3026   3.433200000000000E+05   3.8724694E-01   1.1675934E-01
   3027   3.433800000000000E+05   2.4334860E-01   9.1977127E-02
   3028   3.434400000000000E+05   1.7392687E-01   7.7782460E-02
   3029   3.435000000000000E+05   3.4938136E-01   1.1048409E-01
   3030   3.435600000000000E+05   3.1274763E-01   1.0424921E-01
   3031   3.436200000000000E+05   3.1233281E-01   1.0411093E-01
   3032   3.436800000000000E+05   1.0426942E-01   6.0199976E-02
   3033   3.437400000000000E+05   2.7809218E-01   9.8320425E-02
   3034   3.438000000000000E+05   2.4344760E-01   9.2014544E-02
   3035   3.438600000000000E+05   1.7289557E-01   7.7321246E-02
   3036   3.439200000000000E+05   3.1138107E-01   1.0379369E-01
   3037   3.439800000000000E+05   2.0628841E-01   8.4216893E-02
   3038   3.440400000000000E+05   1.7195947E-01   7.6902613E-02
   3039   3.441000000000000E+05   3.4424433E-01   1.0885961E-01
   3040   3.441600000000000E+05   3.7718523E-01   1.1372562E-01
   3041   3.442200000000000E+05   5.1608777E-01   1.3325329E-01
   3042   3.442800000000000E+05   2.4067928E-01   9.0968214E-02
   3043   3.443400000000000E+05   2.0664820E-01   8.4363773E-02
   3044   3.444000000000000E+05   2.7529010E-01   9.7329751E-02
   3045   3.444600000000000E+05   3.1062505E-01   1.0354168E-01
   3046   3.445200000000000E+05   1.7260586E-01   7.7191681E-02
   3047   3.445800000000000E+05   2.4162088E-01   9.1324113E-02
   3048   3.446400000000000E+05   2.0931219E-01   8.5451342E-02
   3049   3.447000000000000E+05   4.2457727E-01   1.2256490E-01
   3050   3.447600000000000E+05   1.4251755E-01   7.1258776E-02
   3051   3.448200000000000E+05   3.9295712E-01   1.1848103E-01
   3052   3.448800000000000E+05   4.6011549E-01   1.2761307E-01
   3053   3.449400000000000E+05   3.1520456E-01   1.0506818E-01
   3054   3.450000000000000E+05   2.7847299E-01   9.8455071E-02
   3055   3.450600000000000E+05   2.4219684E-01   9.1541797E-02
   3056   3.451200000000000E+05   1.7287843E-01   7.7313587E-02
   3057   3.451800000000000E+05   2.7522886E-01   9.7308099E-02
   3058   3.452400000000000E+05   3.0977327E-01   1.0325776E-01
   3059   3.453000000000000E+05   2.7462599E-01   9.7094946E-02
   3060   3.453600000000000E+05   2.0563936E-01   8.3951920E-02
   3061   3.454200000000000E+05   2.7513409E-01   9.7274594E-02
   3062   3.454800000000000E+05   2.0677431E-01   8.4415257E-02
   3063   3.455400000000000E+05   0.0000000E+00   0.0000000E+00
