

        TIME                    RATE            ERROR
        s                       count/s         count/s
      1   0.000000000000000E+00   0.0000000E+00   0.0000000E+00
      2   6.000000000000000E+01   0.0000000E+00   0.0000000E+00
      3   1.200000000000000E+02   2.2285998E-02   2.2285998E-02
      4   1.800000000000000E+02   2.2467613E-02   2.2467613E-02
      5   2.400000000000000E+02   0.0000000E+00   0.0000000E+00
      6   3.000000000000000E+02   0.0000000E+00   0.0000000E+00
      7   3.600000000000000E+02   2.4408076E-02   2.4408076E-02
      8   4.200000000000000E+02   0.0000000E+00   0.0000000E+00
      9   4.800000000000000E+02   0.0000000E+00   0.0000000E+00
     10   5.400000000000000E+02   5.2204333E-02   3.6914039E-02
     11   6.000000000000000E+02   0.0000000E+00   0.0000000E+00
     12   6.600000000000000E+02   2.2895468E-02   2.2895468E-02
     13   7.200000000000000E+02   0.0000000E+00   0.0000000E+00
     14   7.800000000000000E+02   2.2781910E-02   2.2781910E-02
     15   8.400000000000000E+02   0.0000000E+00   0.0000000E+00
     16   9.000000000000000E+02   2.1494703E-02   2.1494703E-02
     17   9.600000000000000E+02   0.0000000E+00   0.0000000E+00
     18   1.020000000000000E+03   0.0000000E+00   0.0000000E+00
     19   1.080000000000000E+03   8.5530221E-02   4.2765111E-02
     20   1.140000000000000E+03   0.0000000E+00   0.0000000E+00
     21   1.200000000000000E+03   2.0110618E-02   2.0110618E-02
     22   1.260000000000000E+03   2.5439642E-02   2.5439642E-02
     23   1.320000000000000E+03   4.7107954E-02   3.3310354E-02
     24   1.380000000000000E+03   0.0000000E+00   0.0000000E+00
     25   1.440000000000000E+03   2.2652552E-02   2.2652552E-02
     26   1.500000000000000E+03   4.3918107E-02   3.1054789E-02
     27   1.560000000000000E+03   0.0000000E+00   0.0000000E+00
     28   1.620000000000000E+03   5.2738205E-02   3.7291538E-02
     29   1.680000000000000E+03   2.3688506E-02   2.3688506E-02
     30   1.740000000000000E+03   0.0000000E+00   0.0000000E+00
     31   1.800000000000000E+03   5.6096878E-02   3.9666481E-02
     32   1.860000000000000E+03   2.9920800E-02   2.9920800E-02
     33   1.920000000000000E+03   0.0000000E+00   0.0000000E+00
     34   1.980000000000000E+03   0.0000000E+00   0.0000000E+00
     35   2.040000000000000E+03   0.0000000E+00   0.0000000E+00
     36   2.100000000000000E+03   3.1340044E-02   3.1340044E-02
     37   2.160000000000000E+03   3.0940142E-02   3.0940142E-02
     38   2.220000000000000E+03   7.3668867E-02   5.2091755E-02
     39   2.280000000000000E+03   0.0000000E+00   0.0000000E+00
     40   2.340000000000000E+03   6.5381557E-02   4.6231739E-02
     41   2.400000000000000E+03   2.9295107E-02   2.9295107E-02
     42   2.460000000000000E+03   0.0000000E+00   0.0000000E+00
     43   2.520000000000000E+03   0.0000000E+00   0.0000000E+00
     44   2.580000000000000E+03   3.7113927E-02   3.7113927E-02
     45   2.640000000000000E+03   0.0000000E+00   0.0000000E+00
     46   2.700000000000000E+03   0.0000000E+00   0.0000000E+00
     47   2.760000000000000E+03   0.0000000E+00   0.0000000E+00
     48   2.820000000000000E+03   0.0000000E+00   0.0000000E+00
     49   2.880000000000000E+03   0.0000000E+00   0.0000000E+00
     50   2.940000000000000E+03   5.5875663E-02   3.9510060E-02
     51   3.000000000000000E+03   2.5887685E-02   2.5887685E-02
     52   3.060000000000000E+03   5.1342051E-02   3.6304310E-02
     53   3.120000000000000E+03   0.0000000E+00   0.0000000E+00
     54   3.180000000000000E+03   5.3287841E-02   3.7680194E-02
     55   3.240000000000000E+03   3.1414736E-02   3.1414736E-02
     56   3.300000000000000E+03   0.0000000E+00   0.0000000E+00
     57   5.760000000000000E+03   0.0000000E+00   0.0000000E+00
     58   5.820000000000000E+03   0.0000000E+00   0.0000000E+00
     59   5.880000000000000E+03   0.0000000E+00   0.0000000E+00
     60   5.940000000000000E+03   0.0000000E+00   0.0000000E+00
     61   6.000000000000000E+03   0.0000000E+00   0.0000000E+00
     62   6.060000000000000E+03   1.9421438E-02   1.9421438E-02
     63   6.120000000000000E+03   3.8172469E-02   2.6992010E-02
     64   6.180000000000000E+03   0.0000000E+00   0.0000000E+00
     65   6.240000000000000E+03   0.0000000E+00   0.0000000E+00
     66   6.300000000000000E+03   1.9621676E-02   1.9621676E-02
     67   6.360000000000000E+03   0.0000000E+00   0.0000000E+00
     68   6.420000000000000E+03   3.8925644E-02   2.7524587E-02
     69   6.480000000000000E+03   0.0000000E+00   0.0000000E+00
     70   6.540000000000000E+03   0.0000000E+00   0.0000000E+00
     71   6.600000000000000E+03   0.0000000E+00   0.0000000E+00
     72   6.660000000000000E+03   0.0000000E+00   0.0000000E+00
     73   6.720000000000000E+03   2.0058578E-02   2.0058578E-02
     74   6.780000000000000E+03   1.8938158E-02   1.8938158E-02
     75   6.840000000000000E+03   0.0000000E+00   0.0000000E+00
     76   6.900000000000000E+03   1.8573899E-02   1.8573899E-02
     77   6.960000000000000E+03   1.8787196E-02   1.8787196E-02
     78   7.020000000000000E+03   1.9550206E-02   1.9550206E-02
     79   7.080000000000000E+03   1.8966297E-02   1.8966297E-02
     80   7.140000000000000E+03   3.9317310E-02   2.7801536E-02
     81   7.200000000000000E+03   3.9091770E-02   2.7642054E-02
     82   7.260000000000000E+03   3.7786342E-02   2.6718980E-02
     83   7.320000000000000E+03   1.9767122E-02   1.9767122E-02
     84   7.380000000000000E+03   2.0413255E-02   2.0413255E-02
     85   7.440000000000000E+03   0.0000000E+00   0.0000000E+00
     86   7.500000000000000E+03   0.0000000E+00   0.0000000E+00
     87   7.560000000000000E+03   0.0000000E+00   0.0000000E+00
     88   7.620000000000000E+03   1.9967522E-02   1.9967522E-02
     89   7.680000000000000E+03   2.2748806E-02   2.2748806E-02
     90   7.740000000000000E+03   2.1042908E-02   2.1042908E-02
     91   7.800000000000000E+03   5.0681885E-02   3.5837501E-02
     92   7.860000000000000E+03   2.1887029E-02   2.1887029E-02
     93   7.920000000000000E+03   1.1554568E-01   5.1673595E-02
     94   7.980000000000000E+03   4.3224949E-02   3.0564655E-02
     95   8.040000000000000E+03   6.8443038E-02   3.9515607E-02
     96   8.100000000000000E+03   2.4009507E-02   2.4009507E-02
     97   8.160000000000000E+03   0.0000000E+00   0.0000000E+00
     98   8.220000000000000E+03   0.0000000E+00   0.0000000E+00
     99   8.280000000000000E+03   2.4823334E-02   2.4823334E-02
    100   8.340000000000000E+03   0.0000000E+00   0.0000000E+00
    101   8.400000000000000E+03   3.2375053E-02   3.2375053E-02
    102   8.460000000000000E+03   0.0000000E+00   0.0000000E+00
    103   8.520000000000000E+03   0.0000000E+00   0.0000000E+00
    104   8.580000000000000E+03   2.6177960E-02   2.6177960E-02
    105   8.640000000000000E+03   4.8900511E-02   3.4577884E-02
    106   8.700000000000000E+03   2.1517642E-02   2.1517642E-02
    107   8.760000000000000E+03   2.2034336E-02   2.2034336E-02
    108   8.820000000000000E+03   4.4945959E-02   3.1781591E-02
    109   8.880000000000000E+03   6.2749662E-02   3.6228534E-02
    110   8.940000000000000E+03   4.3682493E-02   3.0888187E-02
    111   9.000000000000000E+03   5.2368354E-02   3.7030015E-02
    112   9.060000000000000E+03   0.0000000E+00   0.0000000E+00
    113   1.158000000000000E+04   2.4434622E-01   2.4434622E-01
    114   1.164000000000000E+04   1.9967608E-02   1.9967608E-02
    115   1.170000000000000E+04   0.0000000E+00   0.0000000E+00
    116   1.176000000000000E+04   1.8310869E-02   1.8310869E-02
    117   1.182000000000000E+04   1.9564424E-02   1.9564424E-02
    118   1.188000000000000E+04   1.9590795E-02   1.9590795E-02
    119   1.194000000000000E+04   3.7151519E-02   2.6270092E-02
    120   1.200000000000000E+04   7.4414529E-02   3.7207264E-02
    121   1.206000000000000E+04   0.0000000E+00   0.0000000E+00
    122   1.212000000000000E+04   3.6796555E-02   2.6019093E-02
    123   1.218000000000000E+04   0.0000000E+00   0.0000000E+00
    124   1.224000000000000E+04   0.0000000E+00   0.0000000E+00
    125   1.230000000000000E+04   1.8492579E-02   1.8492579E-02
    126   1.236000000000000E+04   1.9551411E-02   1.9551411E-02
    127   1.242000000000000E+04   0.0000000E+00   0.0000000E+00
    128   1.248000000000000E+04   1.8436890E-02   1.8436890E-02
    129   1.254000000000000E+04   0.0000000E+00   0.0000000E+00
    130   1.260000000000000E+04   0.0000000E+00   0.0000000E+00
    131   1.266000000000000E+04   0.0000000E+00   0.0000000E+00
    132   1.272000000000000E+04   1.8123547E-02   1.8123547E-02
    133   1.278000000000000E+04   1.8253699E-02   1.8253699E-02
    134   1.284000000000000E+04   1.8082539E-02   1.8082539E-02
    135   1.290000000000000E+04   1.8088259E-02   1.8088259E-02
    136   1.296000000000000E+04   1.8208625E-02   1.8208625E-02
    137   1.302000000000000E+04   1.8113792E-02   1.8113792E-02
    138   1.308000000000000E+04   0.0000000E+00   0.0000000E+00
    139   1.314000000000000E+04   3.6353655E-02   2.5705915E-02
    140   1.320000000000000E+04   3.7245438E-02   2.6336500E-02
    141   1.326000000000000E+04   1.8493358E-02   1.8493358E-02
    142   1.332000000000000E+04   0.0000000E+00   0.0000000E+00
    143   1.338000000000000E+04   0.0000000E+00   0.0000000E+00
    144   1.344000000000000E+04   3.7560970E-02   2.6559616E-02
    145   1.350000000000000E+04   1.9358667E-02   1.9358667E-02
    146   1.356000000000000E+04   3.9397854E-02   2.7858490E-02
    147   1.362000000000000E+04   0.0000000E+00   0.0000000E+00
    148   1.368000000000000E+04   2.0267712E-02   2.0267712E-02
    149   1.374000000000000E+04   1.9208552E-02   1.9208552E-02
    150   1.380000000000000E+04   2.0089693E-02   2.0089693E-02
    151   1.386000000000000E+04   4.0057484E-02   2.8324919E-02
    152   1.392000000000000E+04   0.0000000E+00   0.0000000E+00
    153   1.398000000000000E+04   2.1386351E-02   2.1386351E-02
    154   1.404000000000000E+04   2.1600630E-02   2.1600630E-02
    155   1.410000000000000E+04   6.8307653E-02   3.9437439E-02
    156   1.416000000000000E+04   7.1500406E-02   4.1280776E-02
    157   1.422000000000000E+04   5.1801972E-02   3.6629524E-02
    158   1.428000000000000E+04   0.0000000E+00   0.0000000E+00
    159   1.434000000000000E+04   0.0000000E+00   0.0000000E+00
    160   1.440000000000000E+04   7.7742197E-02   4.4884477E-02
    161   1.446000000000000E+04   5.1807504E-02   3.6633439E-02
    162   1.452000000000000E+04   2.6971409E-02   2.6971409E-02
    163   1.458000000000000E+04   0.0000000E+00   0.0000000E+00
    164   1.464000000000000E+04   0.0000000E+00   0.0000000E+00
    165   1.470000000000000E+04   0.0000000E+00   0.0000000E+00
    166   1.476000000000000E+04   0.0000000E+00   0.0000000E+00
    167   1.482000000000000E+04   0.0000000E+00   0.0000000E+00
    168   1.488000000000000E+04   0.0000000E+00   0.0000000E+00
    169   1.734000000000000E+04   0.0000000E+00   0.0000000E+00
    170   1.740000000000000E+04   4.2045061E-02   4.2045061E-02
    171   1.746000000000000E+04   0.0000000E+00   0.0000000E+00
    172   1.752000000000000E+04   1.8101256E-02   1.8101256E-02
    173   1.758000000000000E+04   1.7905319E-02   1.7905319E-02
    174   1.764000000000000E+04   1.8069884E-02   1.8069884E-02
    175   1.770000000000000E+04   1.8075934E-02   1.8075934E-02
    176   1.776000000000000E+04   1.7975254E-02   1.7975254E-02
    177   1.782000000000000E+04   0.0000000E+00   0.0000000E+00
    178   1.788000000000000E+04   1.7943200E-02   1.7943200E-02
    179   1.794000000000000E+04   0.0000000E+00   0.0000000E+00
    180   1.800000000000000E+04   1.7989799E-02   1.7989799E-02
    181   1.806000000000000E+04   0.0000000E+00   0.0000000E+00
    182   1.812000000000000E+04   0.0000000E+00   0.0000000E+00
    183   1.818000000000000E+04   1.7881166E-02   1.7881166E-02
    184   1.824000000000000E+04   1.8025391E-02   1.8025391E-02
    185   1.830000000000000E+04   0.0000000E+00   0.0000000E+00
    186   1.836000000000000E+04   5.3468224E-02   3.0869892E-02
    187   1.842000000000000E+04   0.0000000E+00   0.0000000E+00
    188   1.848000000000000E+04   3.5781596E-02   2.5301410E-02
    189   1.854000000000000E+04   1.8078132E-02   1.8078132E-02
    190   1.860000000000000E+04   0.0000000E+00   0.0000000E+00
    191   1.866000000000000E+04   1.7999027E-02   1.7999027E-02
    192   1.872000000000000E+04   1.7961837E-02   1.7961837E-02
    193   1.878000000000000E+04   1.8012106E-02   1.8012106E-02
    194   1.884000000000000E+04   1.7846337E-02   1.7846337E-02
    195   1.890000000000000E+04   3.5900701E-02   2.5385629E-02
    196   1.896000000000000E+04   1.8136183E-02   1.8136183E-02
    197   1.902000000000000E+04   1.8189734E-02   1.8189734E-02
    198   1.908000000000000E+04   3.6706842E-02   2.5955657E-02
    199   1.914000000000000E+04   0.0000000E+00   0.0000000E+00
    200   1.920000000000000E+04   0.0000000E+00   0.0000000E+00
    201   1.926000000000000E+04   0.0000000E+00   0.0000000E+00
    202   1.932000000000000E+04   0.0000000E+00   0.0000000E+00
    203   1.938000000000000E+04   1.8689554E-02   1.8689554E-02
    204   1.944000000000000E+04   1.8981045E-02   1.8981045E-02
    205   1.950000000000000E+04   3.7875954E-02   2.6782345E-02
    206   1.956000000000000E+04   1.9186949E-02   1.9186949E-02
    207   1.962000000000000E+04   3.8061161E-02   2.6913304E-02
    208   1.968000000000000E+04   3.8036767E-02   2.6896056E-02
    209   1.974000000000000E+04   0.0000000E+00   0.0000000E+00
    210   1.980000000000000E+04   4.3679677E-02   3.0886196E-02
    211   1.986000000000000E+04   2.0851789E-02   2.0851789E-02
    212   1.992000000000000E+04   2.2314517E-02   2.2314517E-02
    213   1.998000000000000E+04   4.4562280E-02   3.1510290E-02
    214   2.004000000000000E+04   0.0000000E+00   0.0000000E+00
    215   2.010000000000000E+04   5.0829139E-02   3.5941627E-02
    216   2.016000000000000E+04   2.1293396E-02   2.1293396E-02
    217   2.022000000000000E+04   0.0000000E+00   0.0000000E+00
    218   2.058000000000000E+04   0.0000000E+00   0.0000000E+00
    219   2.064000000000000E+04   5.5905119E-02   3.2276835E-02
    220   2.070000000000000E+04   0.0000000E+00   0.0000000E+00
    221   2.316000000000000E+04   0.0000000E+00   0.0000000E+00
    222   2.322000000000000E+04   0.0000000E+00   0.0000000E+00
    223   2.328000000000000E+04   1.8000776E-02   1.8000776E-02
    224   2.334000000000000E+04   1.8819390E-02   1.8819390E-02
    225   2.340000000000000E+04   1.9271228E-02   1.9271228E-02
    226   2.346000000000000E+04   0.0000000E+00   0.0000000E+00
    227   2.352000000000000E+04   1.7864153E-02   1.7864153E-02
    228   2.358000000000000E+04   3.5970770E-02   2.5435174E-02
    229   2.364000000000000E+04   1.8014140E-02   1.8014140E-02
    230   2.370000000000000E+04   3.6103327E-02   2.5528906E-02
    231   2.376000000000000E+04   1.7933749E-02   1.7933749E-02
    232   2.382000000000000E+04   0.0000000E+00   0.0000000E+00
    233   2.388000000000000E+04   5.3677075E-02   3.0990472E-02
    234   2.394000000000000E+04   1.7956771E-02   1.7956771E-02
    235   2.400000000000000E+04   3.5912793E-02   2.5394181E-02
    236   2.406000000000000E+04   1.7814409E-02   1.7814409E-02
    237   2.412000000000000E+04   1.7971093E-02   1.7971093E-02
    238   2.418000000000000E+04   3.5720110E-02   2.5257932E-02
    239   2.424000000000000E+04   0.0000000E+00   0.0000000E+00
    240   2.430000000000000E+04   1.7920656E-02   1.7920656E-02
    241   2.436000000000000E+04   0.0000000E+00   0.0000000E+00
    242   2.442000000000000E+04   0.0000000E+00   0.0000000E+00
    243   2.448000000000000E+04   7.1545668E-02   3.5772834E-02
    244   2.454000000000000E+04   3.5819724E-02   2.5328370E-02
    245   2.460000000000000E+04   1.7917700E-02   1.7917700E-02
    246   2.466000000000000E+04   0.0000000E+00   0.0000000E+00
    247   2.472000000000000E+04   0.0000000E+00   0.0000000E+00
    248   2.478000000000000E+04   1.8149035E-02   1.8149035E-02
    249   2.484000000000000E+04   1.8180082E-02   1.8180082E-02
    250   2.490000000000000E+04   5.4460518E-02   3.1442795E-02
    251   2.496000000000000E+04   1.8343408E-02   1.8343408E-02
    252   2.502000000000000E+04   0.0000000E+00   0.0000000E+00
    253   2.508000000000000E+04   1.8371413E-02   1.8371413E-02
    254   2.514000000000000E+04   3.8109601E-02   2.6947558E-02
    255   2.520000000000000E+04   0.0000000E+00   0.0000000E+00
    256   2.526000000000000E+04   0.0000000E+00   0.0000000E+00
    257   2.532000000000000E+04   0.0000000E+00   0.0000000E+00
    258   2.538000000000000E+04   2.3853492E-02   2.3853492E-02
    259   2.544000000000000E+04   0.0000000E+00   0.0000000E+00
    260   2.550000000000000E+04   0.0000000E+00   0.0000000E+00
    261   2.556000000000000E+04   0.0000000E+00   0.0000000E+00
    262   2.562000000000000E+04   4.5222402E-02   3.1977065E-02
    263   2.568000000000000E+04   0.0000000E+00   0.0000000E+00
    264   2.574000000000000E+04   0.0000000E+00   0.0000000E+00
    265   2.580000000000000E+04   2.0023445E-02   2.0023445E-02
    266   2.586000000000000E+04   1.9581717E-02   1.9581717E-02
    267   2.592000000000000E+04   1.9631851E-02   1.9631851E-02
    268   2.598000000000000E+04   1.8113982E-02   1.8113982E-02
    269   2.604000000000000E+04   1.7951706E-02   1.7951706E-02
    270   2.610000000000000E+04   0.0000000E+00   0.0000000E+00
    271   2.616000000000000E+04   1.8267069E-02   1.8267069E-02
    272   2.622000000000000E+04   0.0000000E+00   0.0000000E+00
    273   2.628000000000000E+04   0.0000000E+00   0.0000000E+00
    274   2.634000000000000E+04   6.1787922E-02   3.5673272E-02
    275   2.640000000000000E+04   0.0000000E+00   0.0000000E+00
    276   2.646000000000000E+04   0.0000000E+00   0.0000000E+00
    277   2.898000000000000E+04   0.0000000E+00   0.0000000E+00
    278   2.904000000000000E+04   0.0000000E+00   0.0000000E+00
    279   2.910000000000000E+04   0.0000000E+00   0.0000000E+00
    280   2.916000000000000E+04   5.3511396E-02   3.0894818E-02
    281   2.922000000000000E+04   0.0000000E+00   0.0000000E+00
    282   2.928000000000000E+04   3.6414567E-02   2.5748987E-02
    283   2.934000000000000E+04   3.5653796E-02   2.5211042E-02
    284   2.940000000000000E+04   3.5656288E-02   2.5212802E-02
    285   2.946000000000000E+04   0.0000000E+00   0.0000000E+00
    286   2.952000000000000E+04   1.7795190E-02   1.7795190E-02
    287   2.958000000000000E+04   1.7823601E-02   1.7823601E-02
    288   2.964000000000000E+04   1.7818343E-02   1.7818343E-02
    289   2.970000000000000E+04   0.0000000E+00   0.0000000E+00
    290   2.976000000000000E+04   1.7856153E-02   1.7856153E-02
    291   2.982000000000000E+04   0.0000000E+00   0.0000000E+00
    292   2.988000000000000E+04   3.5613332E-02   2.5182428E-02
    293   2.994000000000000E+04   0.0000000E+00   0.0000000E+00
    294   3.000000000000000E+04   0.0000000E+00   0.0000000E+00
    295   3.006000000000000E+04   0.0000000E+00   0.0000000E+00
    296   3.012000000000000E+04   0.0000000E+00   0.0000000E+00
    297   3.018000000000000E+04   0.0000000E+00   0.0000000E+00
    298   3.024000000000000E+04   1.7769678E-02   1.7769678E-02
    299   3.030000000000000E+04   0.0000000E+00   0.0000000E+00
    300   3.036000000000000E+04   1.7788706E-02   1.7788706E-02
    301   3.042000000000000E+04   0.0000000E+00   0.0000000E+00
    302   3.048000000000000E+04   0.0000000E+00   0.0000000E+00
    303   3.054000000000000E+04   0.0000000E+00   0.0000000E+00
    304   3.060000000000000E+04   3.5602253E-02   2.5174595E-02
    305   3.066000000000000E+04   3.5629522E-02   2.5193878E-02
    306   3.072000000000000E+04   3.5700411E-02   2.5244001E-02
    307   3.078000000000000E+04   1.7932249E-02   1.7932249E-02
    308   3.084000000000000E+04   3.5852015E-02   2.5351202E-02
    309   3.090000000000000E+04   0.0000000E+00   0.0000000E+00
    310   3.096000000000000E+04   0.0000000E+00   0.0000000E+00
    311   3.102000000000000E+04   1.8521018E-02   1.8521018E-02
    312   3.108000000000000E+04   3.6363974E-02   2.5713211E-02
    313   3.114000000000000E+04   0.0000000E+00   0.0000000E+00
    314   3.120000000000000E+04   0.0000000E+00   0.0000000E+00
    315   3.126000000000000E+04   1.9312162E-02   1.9312162E-02
    316   3.132000000000000E+04   0.0000000E+00   0.0000000E+00
    317   3.138000000000000E+04   6.5771066E-02   3.7972942E-02
    318   3.144000000000000E+04   3.7601180E-02   2.6588049E-02
    319   3.150000000000000E+04   2.2767013E-02   2.2767013E-02
    320   3.156000000000000E+04   0.0000000E+00   0.0000000E+00
    321   3.162000000000000E+04   2.0874159E-02   2.0874159E-02
    322   3.168000000000000E+04   3.6891911E-02   2.6086520E-02
    323   3.174000000000000E+04   0.0000000E+00   0.0000000E+00
    324   3.180000000000000E+04   0.0000000E+00   0.0000000E+00
    325   3.186000000000000E+04   5.4312419E-02   3.1357288E-02
    326   3.192000000000000E+04   0.0000000E+00   0.0000000E+00
    327   3.198000000000000E+04   3.5855196E-02   2.5353452E-02
    328   3.204000000000000E+04   0.0000000E+00   0.0000000E+00
    329   3.210000000000000E+04   0.0000000E+00   0.0000000E+00
    330   3.216000000000000E+04   0.0000000E+00   0.0000000E+00
    331   3.222000000000000E+04   0.0000000E+00   0.0000000E+00
    332   3.228000000000000E+04   0.0000000E+00   0.0000000E+00
    333   3.480000000000000E+04   0.0000000E+00   0.0000000E+00
    334   3.486000000000000E+04   0.0000000E+00   0.0000000E+00
    335   3.492000000000000E+04   0.0000000E+00   0.0000000E+00
    336   3.498000000000000E+04   3.5709284E-02   2.5250277E-02
    337   3.504000000000000E+04   0.0000000E+00   0.0000000E+00
    338   3.510000000000000E+04   0.0000000E+00   0.0000000E+00
    339   3.516000000000000E+04   1.7831752E-02   1.7831752E-02
    340   3.522000000000000E+04   0.0000000E+00   0.0000000E+00
    341   3.528000000000000E+04   0.0000000E+00   0.0000000E+00
    342   3.534000000000000E+04   0.0000000E+00   0.0000000E+00
    343   3.540000000000000E+04   3.5575680E-02   2.5155805E-02
    344   3.546000000000000E+04   0.0000000E+00   0.0000000E+00
    345   3.552000000000000E+04   0.0000000E+00   0.0000000E+00
    346   3.558000000000000E+04   1.7785888E-02   1.7785888E-02
    347   3.564000000000000E+04   1.7755425E-02   1.7755425E-02
    348   3.570000000000000E+04   0.0000000E+00   0.0000000E+00
    349   3.576000000000000E+04   0.0000000E+00   0.0000000E+00
    350   3.582000000000000E+04   0.0000000E+00   0.0000000E+00
    351   3.588000000000000E+04   0.0000000E+00   0.0000000E+00
    352   3.594000000000000E+04   0.0000000E+00   0.0000000E+00
    353   3.600000000000000E+04   5.3218946E-02   3.0725971E-02
    354   3.606000000000000E+04   1.7727308E-02   1.7727308E-02
    355   3.612000000000000E+04   1.7702781E-02   1.7702781E-02
    356   3.618000000000000E+04   1.7707385E-02   1.7707385E-02
    357   3.624000000000000E+04   0.0000000E+00   0.0000000E+00
    358   3.630000000000000E+04   0.0000000E+00   0.0000000E+00
    359   3.636000000000000E+04   1.7743278E-02   1.7743278E-02
    360   3.642000000000000E+04   3.5544608E-02   2.5133833E-02
    361   3.648000000000000E+04   1.7777963E-02   1.7777963E-02
    362   3.654000000000000E+04   0.0000000E+00   0.0000000E+00
    363   3.660000000000000E+04   5.3448383E-02   3.0858437E-02
    364   3.666000000000000E+04   0.0000000E+00   0.0000000E+00
    365   3.672000000000000E+04   3.5646427E-02   2.5205830E-02
    366   3.678000000000000E+04   0.0000000E+00   0.0000000E+00
    367   3.684000000000000E+04   1.7870257E-02   1.7870257E-02
    368   3.690000000000000E+04   1.7990042E-02   1.7990042E-02
    369   3.696000000000000E+04   1.8101173E-02   1.8101173E-02
    370   3.702000000000000E+04   0.0000000E+00   0.0000000E+00
    371   3.708000000000000E+04   1.8096233E-02   1.8096233E-02
    372   3.714000000000000E+04   1.9175513E-02   1.9175513E-02
    373   3.720000000000000E+04   5.4892454E-02   3.1692173E-02
    374   3.726000000000000E+04   3.6697831E-02   2.5949284E-02
    375   3.732000000000000E+04   0.0000000E+00   0.0000000E+00
    376   3.738000000000000E+04   3.7992641E-02   2.6864853E-02
    377   3.744000000000000E+04   4.1708708E-02   2.9492510E-02
    378   3.750000000000000E+04   4.1457217E-02   2.9314676E-02
    379   3.756000000000000E+04   0.0000000E+00   0.0000000E+00
    380   3.762000000000000E+04   0.0000000E+00   0.0000000E+00
    381   3.768000000000000E+04   5.4580528E-02   3.1512082E-02
    382   3.774000000000000E+04   0.0000000E+00   0.0000000E+00
    383   3.780000000000000E+04   5.3939600E-02   3.1142041E-02
    384   3.786000000000000E+04   0.0000000E+00   0.0000000E+00
    385   3.792000000000000E+04   0.0000000E+00   0.0000000E+00
    386   3.798000000000000E+04   1.7877342E-02   1.7877342E-02
    387   3.804000000000000E+04   0.0000000E+00   0.0000000E+00
    388   3.810000000000000E+04   0.0000000E+00   0.0000000E+00
    389   4.056000000000000E+04   0.0000000E+00   0.0000000E+00
    390   4.062000000000000E+04   0.0000000E+00   0.0000000E+00
    391   4.068000000000000E+04   1.7935086E-02   1.7935086E-02
    392   4.074000000000000E+04   1.7889244E-02   1.7889244E-02
    393   4.080000000000000E+04   0.0000000E+00   0.0000000E+00
    394   4.086000000000000E+04   0.0000000E+00   0.0000000E+00
    395   4.092000000000000E+04   1.7917059E-02   1.7917059E-02
    396   4.098000000000000E+04   0.0000000E+00   0.0000000E+00
    397   4.104000000000000E+04   1.7831130E-02   1.7831130E-02
    398   4.110000000000000E+04   1.7851135E-02   1.7851135E-02
    399   4.116000000000000E+04   1.7800914E-02   1.7800914E-02
    400   4.122000000000000E+04   1.7843446E-02   1.7843446E-02
    401   4.128000000000000E+04   0.0000000E+00   0.0000000E+00
    402   4.134000000000000E+04   1.7923603E-02   1.7923603E-02
    403   4.140000000000000E+04   3.5567544E-02   2.5150051E-02
    404   4.146000000000000E+04   0.0000000E+00   0.0000000E+00
    405   4.152000000000000E+04   1.7789969E-02   1.7789969E-02
    406   4.158000000000000E+04   0.0000000E+00   0.0000000E+00
    407   4.164000000000000E+04   0.0000000E+00   0.0000000E+00
    408   4.170000000000000E+04   0.0000000E+00   0.0000000E+00
    409   4.176000000000000E+04   7.1009554E-02   3.5504777E-02
    410   4.182000000000000E+04   1.7753640E-02   1.7753640E-02
    411   4.188000000000000E+04   1.7752755E-02   1.7752755E-02
    412   4.194000000000000E+04   1.7779740E-02   1.7779740E-02
    413   4.200000000000000E+04   0.0000000E+00   0.0000000E+00
    414   4.206000000000000E+04   0.0000000E+00   0.0000000E+00
    415   4.212000000000000E+04   1.7754568E-02   1.7754568E-02
    416   4.218000000000000E+04   3.6402281E-02   2.5740299E-02
    417   4.224000000000000E+04   0.0000000E+00   0.0000000E+00
    418   4.230000000000000E+04   3.5482470E-02   2.5089893E-02
    419   4.236000000000000E+04   1.7781109E-02   1.7781109E-02
    420   4.242000000000000E+04   0.0000000E+00   0.0000000E+00
    421   4.248000000000000E+04   1.7825779E-02   1.7825779E-02
    422   4.254000000000000E+04   3.5669073E-02   2.5221841E-02
    423   4.260000000000000E+04   0.0000000E+00   0.0000000E+00
    424   4.266000000000000E+04   1.7935397E-02   1.7935397E-02
    425   4.272000000000000E+04   3.5889655E-02   2.5377817E-02
    426   4.278000000000000E+04   1.8067684E-02   1.8067684E-02
    427   4.284000000000000E+04   3.6150925E-02   2.5562562E-02
    428   4.290000000000000E+04   0.0000000E+00   0.0000000E+00
    429   4.296000000000000E+04   1.8316295E-02   1.8316295E-02
    430   4.302000000000000E+04   1.8131994E-02   1.8131994E-02
    431   4.308000000000000E+04   0.0000000E+00   0.0000000E+00
    432   4.314000000000000E+04   5.5670869E-02   3.2141589E-02
    433   4.320000000000000E+04   0.0000000E+00   0.0000000E+00
    434   4.326000000000000E+04   5.5028852E-02   3.1770922E-02
    435   4.332000000000000E+04   3.7822299E-02   2.6744405E-02
    436   4.338000000000000E+04   0.0000000E+00   0.0000000E+00
    437   4.344000000000000E+04   0.0000000E+00   0.0000000E+00
    438   4.350000000000000E+04   3.6161728E-02   2.5570203E-02
    439   4.356000000000000E+04   0.0000000E+00   0.0000000E+00
    440   4.362000000000000E+04   0.0000000E+00   0.0000000E+00
    441   4.368000000000000E+04   3.5748523E-02   2.5278021E-02
    442   4.374000000000000E+04   0.0000000E+00   0.0000000E+00
    443   4.380000000000000E+04   1.8112386E-02   1.8112386E-02
    444   4.386000000000000E+04   0.0000000E+00   0.0000000E+00
    445   4.668000000000000E+04   0.0000000E+00   0.0000000E+00
    446   4.674000000000000E+04   1.7964264E-02   1.7964264E-02
    447   4.680000000000000E+04   1.7950919E-02   1.7950919E-02
    448   4.686000000000000E+04   0.0000000E+00   0.0000000E+00
    449   4.692000000000000E+04   1.7865608E-02   1.7865608E-02
    450   4.698000000000000E+04   1.7890228E-02   1.7890228E-02
    451   4.704000000000000E+04   1.7903807E-02   1.7903807E-02
    452   4.710000000000000E+04   0.0000000E+00   0.0000000E+00
    453   4.716000000000000E+04   3.5689469E-02   2.5236266E-02
    454   4.722000000000000E+04   0.0000000E+00   0.0000000E+00
    455   4.728000000000000E+04   0.0000000E+00   0.0000000E+00
    456   4.734000000000000E+04   3.5754226E-02   2.5282053E-02
    457   4.740000000000000E+04   1.7832231E-02   1.7832231E-02
    458   4.746000000000000E+04   1.7861325E-02   1.7861325E-02
    459   4.752000000000000E+04   3.5590544E-02   2.5166314E-02
    460   4.758000000000000E+04   0.0000000E+00   0.0000000E+00
    461   4.764000000000000E+04   3.5596959E-02   2.5170851E-02
    462   4.770000000000000E+04   1.7779747E-02   1.7779747E-02
    463   4.776000000000000E+04   1.7812073E-02   1.7812073E-02
    464   4.782000000000000E+04   0.0000000E+00   0.0000000E+00
    465   4.788000000000000E+04   0.0000000E+00   0.0000000E+00
    466   4.794000000000000E+04   3.5521705E-02   2.5117638E-02
    467   4.800000000000000E+04   0.0000000E+00   0.0000000E+00
    468   4.806000000000000E+04   0.0000000E+00   0.0000000E+00
    469   4.812000000000000E+04   0.0000000E+00   0.0000000E+00
    470   4.818000000000000E+04   0.0000000E+00   0.0000000E+00
    471   4.824000000000000E+04   0.0000000E+00   0.0000000E+00
    472   4.830000000000000E+04   0.0000000E+00   0.0000000E+00
    473   4.836000000000000E+04   0.0000000E+00   0.0000000E+00
    474   4.842000000000000E+04   3.5645314E-02   2.5205042E-02
    475   4.848000000000000E+04   1.7784405E-02   1.7784405E-02
    476   4.854000000000000E+04   0.0000000E+00   0.0000000E+00
    477   4.860000000000000E+04   0.0000000E+00   0.0000000E+00
    478   4.866000000000000E+04   1.7893991E-02   1.7893991E-02
    479   4.872000000000000E+04   3.5837200E-02   2.5340725E-02
    480   4.878000000000000E+04   1.8067796E-02   1.8067796E-02
    481   4.884000000000000E+04   0.0000000E+00   0.0000000E+00
    482   4.890000000000000E+04   1.8104924E-02   1.8104924E-02
    483   4.896000000000000E+04   1.8114785E-02   1.8114785E-02
    484   4.902000000000000E+04   1.8144645E-02   1.8144645E-02
    485   4.908000000000000E+04   0.0000000E+00   0.0000000E+00
    486   4.914000000000000E+04   0.0000000E+00   0.0000000E+00
    487   4.920000000000000E+04   3.6437705E-02   2.5765346E-02
    488   4.926000000000000E+04   0.0000000E+00   0.0000000E+00
    489   4.932000000000000E+04   0.0000000E+00   0.0000000E+00
    490   4.938000000000000E+04   5.5681717E-02   3.2147855E-02
    491   4.944000000000000E+04   1.8487046E-02   1.8487046E-02
    492   4.950000000000000E+04   1.9109836E-02   1.9109836E-02
    493   4.956000000000000E+04   0.0000000E+00   0.0000000E+00
    494   4.962000000000000E+04   0.0000000E+00   0.0000000E+00
    495   4.968000000000000E+04   0.0000000E+00   0.0000000E+00
    496   5.262000000000000E+04   3.1481240E-02   3.1481240E-02
    497   5.268000000000000E+04   3.9953034E-02   2.8251061E-02
    498   5.274000000000000E+04   0.0000000E+00   0.0000000E+00
    499   5.280000000000000E+04   1.8058065E-02   1.8058065E-02
    500   5.286000000000000E+04   1.7950146E-02   1.7950146E-02
    501   5.292000000000000E+04   5.3561006E-02   3.0923460E-02
    502   5.298000000000000E+04   1.7900981E-02   1.7900981E-02
    503   5.304000000000000E+04   0.0000000E+00   0.0000000E+00
    504   5.310000000000000E+04   1.7886858E-02   1.7886858E-02
    505   5.316000000000000E+04   0.0000000E+00   0.0000000E+00
    506   5.322000000000000E+04   0.0000000E+00   0.0000000E+00
    507   5.328000000000000E+04   1.7856715E-02   1.7856715E-02
    508   5.334000000000000E+04   0.0000000E+00   0.0000000E+00
    509   5.340000000000000E+04   1.7793020E-02   1.7793020E-02
    510   5.346000000000000E+04   1.7835140E-02   1.7835140E-02
    511   5.352000000000000E+04   0.0000000E+00   0.0000000E+00
    512   5.358000000000000E+04   0.0000000E+00   0.0000000E+00
    513   5.364000000000000E+04   1.7837007E-02   1.7837007E-02
    514   5.370000000000000E+04   1.7819757E-02   1.7819757E-02
    515   5.376000000000000E+04   0.0000000E+00   0.0000000E+00
    516   5.382000000000000E+04   1.7771665E-02   1.7771665E-02
    517   5.388000000000000E+04   0.0000000E+00   0.0000000E+00
    518   5.394000000000000E+04   0.0000000E+00   0.0000000E+00
    519   5.400000000000000E+04   0.0000000E+00   0.0000000E+00
    520   5.406000000000000E+04   8.8991277E-02   3.9798107E-02
    521   5.412000000000000E+04   0.0000000E+00   0.0000000E+00
    522   5.418000000000000E+04   3.5622619E-02   2.5188996E-02
    523   5.424000000000000E+04   5.3784437E-02   3.1052459E-02
    524   5.430000000000000E+04   0.0000000E+00   0.0000000E+00
    525   5.436000000000000E+04   0.0000000E+00   0.0000000E+00
    526   5.442000000000000E+04   0.0000000E+00   0.0000000E+00
    527   5.448000000000000E+04   0.0000000E+00   0.0000000E+00
    528   5.454000000000000E+04   1.8085048E-02   1.8085048E-02
    529   5.460000000000000E+04   1.8115044E-02   1.8115044E-02
    530   5.466000000000000E+04   0.0000000E+00   0.0000000E+00
    531   5.472000000000000E+04   3.6248926E-02   2.5631860E-02
    532   5.478000000000000E+04   3.6574177E-02   2.5861848E-02
    533   5.484000000000000E+04   1.8851252E-02   1.8851252E-02
    534   5.490000000000000E+04   2.1740275E-02   2.1740275E-02
    535   5.496000000000000E+04   1.9634385E-02   1.9634385E-02
    536   5.502000000000000E+04   4.3335963E-02   3.0643152E-02
    537   5.508000000000000E+04   1.9183585E-02   1.9183585E-02
    538   5.514000000000000E+04   1.8066658E-02   1.8066658E-02
    539   5.520000000000000E+04   0.0000000E+00   0.0000000E+00
    540   5.526000000000000E+04   5.4004323E-02   3.1179409E-02
    541   5.532000000000000E+04   0.0000000E+00   0.0000000E+00
    542   5.538000000000000E+04   1.7855279E-02   1.7855279E-02
    543   5.544000000000000E+04   1.7866824E-02   1.7866824E-02
    544   5.550000000000000E+04   0.0000000E+00   0.0000000E+00
    545   5.880000000000000E+04   2.3456149E-02   2.3456149E-02
    546   5.886000000000000E+04   7.8038067E-02   3.9019033E-02
    547   5.892000000000000E+04   3.8631167E-02   2.7316360E-02
    548   5.898000000000000E+04   0.0000000E+00   0.0000000E+00
    549   5.904000000000000E+04   1.7879179E-02   1.7879179E-02
    550   5.910000000000000E+04   1.7838402E-02   1.7838402E-02
    551   5.916000000000000E+04   0.0000000E+00   0.0000000E+00
    552   5.922000000000000E+04   0.0000000E+00   0.0000000E+00
    553   5.928000000000000E+04   1.7846357E-02   1.7846357E-02
    554   5.934000000000000E+04   0.0000000E+00   0.0000000E+00
    555   5.940000000000000E+04   0.0000000E+00   0.0000000E+00
    556   5.946000000000000E+04   1.7827494E-02   1.7827494E-02
    557   5.952000000000000E+04   1.7765651E-02   1.7765651E-02
    558   5.958000000000000E+04   1.7812897E-02   1.7812897E-02
    559   5.964000000000000E+04   0.0000000E+00   0.0000000E+00
    560   5.970000000000000E+04   3.5593286E-02   2.5168253E-02
    561   5.976000000000000E+04   1.7798794E-02   1.7798794E-02
    562   5.982000000000000E+04   1.7798509E-02   1.7798509E-02
    563   5.988000000000000E+04   3.5704434E-02   2.5246847E-02
    564   5.994000000000000E+04   0.0000000E+00   0.0000000E+00
    565   6.000000000000000E+04   1.7854281E-02   1.7854281E-02
    566   6.006000000000000E+04   1.7871372E-02   1.7871372E-02
    567   6.012000000000000E+04   0.0000000E+00   0.0000000E+00
    568   6.018000000000000E+04   0.0000000E+00   0.0000000E+00
    569   6.024000000000000E+04   1.7865043E-02   1.7865043E-02
    570   6.030000000000000E+04   1.7966934E-02   1.7966934E-02
    571   6.036000000000000E+04   1.7850054E-02   1.7850054E-02
    572   6.042000000000000E+04   1.8003281E-02   1.8003281E-02
    573   6.048000000000000E+04   0.0000000E+00   0.0000000E+00
    574   6.054000000000000E+04   0.0000000E+00   0.0000000E+00
    575   6.060000000000000E+04   0.0000000E+00   0.0000000E+00
    576   6.066000000000000E+04   1.8066216E-02   1.8066216E-02
    577   6.072000000000000E+04   3.6121145E-02   2.5541507E-02
    578   6.078000000000000E+04   0.0000000E+00   0.0000000E+00
    579   6.084000000000000E+04   1.8022042E-02   1.8022042E-02
    580   6.090000000000000E+04   0.0000000E+00   0.0000000E+00
    581   6.096000000000000E+04   1.8687714E-02   1.8687714E-02
    582   6.102000000000000E+04   1.8186050E-02   1.8186050E-02
    583   6.108000000000000E+04   0.0000000E+00   0.0000000E+00
    584   6.114000000000000E+04   1.8251391E-02   1.8251391E-02
    585   6.120000000000000E+04   1.8945061E-02   1.8945061E-02
    586   6.126000000000000E+04   1.9100761E-02   1.9100761E-02
    587   6.378000000000000E+04   0.0000000E+00   0.0000000E+00
    588   6.384000000000000E+04   0.0000000E+00   0.0000000E+00
    589   6.390000000000000E+04   2.0334845E-02   2.0334845E-02
    590   6.492000000000000E+04   0.0000000E+00   0.0000000E+00
    591   6.498000000000000E+04   2.0675527E-02   2.0675527E-02
    592   6.504000000000000E+04   0.0000000E+00   0.0000000E+00
    593   6.510000000000000E+04   0.0000000E+00   0.0000000E+00
    594   6.516000000000000E+04   0.0000000E+00   0.0000000E+00
    595   6.522000000000000E+04   0.0000000E+00   0.0000000E+00
    596   6.528000000000000E+04   1.7768688E-02   1.7768688E-02
    597   6.534000000000000E+04   0.0000000E+00   0.0000000E+00
    598   6.540000000000000E+04   0.0000000E+00   0.0000000E+00
    599   6.546000000000000E+04   1.7758271E-02   1.7758271E-02
    600   6.552000000000000E+04   0.0000000E+00   0.0000000E+00
    601   6.558000000000000E+04   1.7801987E-02   1.7801987E-02
    602   6.564000000000000E+04   1.7849913E-02   1.7849913E-02
    603   6.570000000000000E+04   0.0000000E+00   0.0000000E+00
    604   6.576000000000000E+04   1.7843582E-02   1.7843582E-02
    605   6.582000000000000E+04   1.7910928E-02   1.7910928E-02
    606   6.588000000000000E+04   1.7840091E-02   1.7840091E-02
    607   6.594000000000000E+04   3.5880972E-02   2.5371678E-02
    608   6.600000000000000E+04   1.7925669E-02   1.7925669E-02
    609   6.606000000000000E+04   1.7988026E-02   1.7988026E-02
    610   6.612000000000000E+04   3.6075506E-02   2.5509233E-02
    611   6.618000000000000E+04   1.8452717E-02   1.8452717E-02
    612   6.624000000000000E+04   5.4105867E-02   3.1238036E-02
    613   6.630000000000000E+04   3.8217448E-02   2.7023815E-02
    614   6.636000000000000E+04   0.0000000E+00   0.0000000E+00
    615   6.642000000000000E+04   0.0000000E+00   0.0000000E+00
    616   6.648000000000000E+04   0.0000000E+00   0.0000000E+00
    617   6.654000000000000E+04   0.0000000E+00   0.0000000E+00
    618   6.660000000000000E+04   5.4368649E-02   3.1389754E-02
    619   6.666000000000000E+04   1.8350815E-02   1.8350815E-02
    620   6.672000000000000E+04   0.0000000E+00   0.0000000E+00
    621   6.678000000000000E+04   1.7826840E-02   1.7826840E-02
    622   6.684000000000000E+04   1.7804191E-02   1.7804191E-02
    623   6.690000000000000E+04   0.0000000E+00   0.0000000E+00
    624   6.696000000000000E+04   0.0000000E+00   0.0000000E+00
    625   6.702000000000000E+04   3.5571147E-02   2.5152599E-02
    626   6.708000000000000E+04   5.2924637E-02   3.7423369E-02
    627   6.960000000000000E+04   0.0000000E+00   0.0000000E+00
    628   6.966000000000000E+04   0.0000000E+00   0.0000000E+00
    629   6.972000000000000E+04   3.5765536E-02   2.5290053E-02
    630   6.978000000000000E+04   1.7925369E-02   1.7925369E-02
    631   6.984000000000000E+04   0.0000000E+00   0.0000000E+00
    632   6.990000000000000E+04   3.5726067E-02   2.5262143E-02
    633   6.996000000000000E+04   1.7863745E-02   1.7863745E-02
    634   7.002000000000000E+04   0.0000000E+00   0.0000000E+00
    635   7.008000000000000E+04   0.0000000E+00   0.0000000E+00
    636   7.086000000000000E+04   0.0000000E+00   0.0000000E+00
    637   7.092000000000000E+04   4.0688023E-02   2.8770776E-02
    638   7.098000000000000E+04   0.0000000E+00   0.0000000E+00
    639   7.104000000000000E+04   0.0000000E+00   0.0000000E+00
    640   7.110000000000000E+04   0.0000000E+00   0.0000000E+00
    641   7.116000000000000E+04   0.0000000E+00   0.0000000E+00
    642   7.122000000000000E+04   1.8354645E-02   1.8354645E-02
    643   7.128000000000000E+04   0.0000000E+00   0.0000000E+00
    644   7.134000000000000E+04   0.0000000E+00   0.0000000E+00
    645   7.140000000000000E+04   1.7880404E-02   1.7880404E-02
    646   7.146000000000000E+04   1.7816711E-02   1.7816711E-02
    647   7.152000000000000E+04   1.7787945E-02   1.7787945E-02
    648   7.158000000000000E+04   7.1138814E-02   3.5569407E-02
    649   7.164000000000000E+04   1.7817454E-02   1.7817454E-02
    650   7.170000000000000E+04   0.0000000E+00   0.0000000E+00
    651   7.176000000000000E+04   0.0000000E+00   0.0000000E+00
    652   7.182000000000000E+04   0.0000000E+00   0.0000000E+00
    653   7.188000000000000E+04   0.0000000E+00   0.0000000E+00
    654   7.194000000000000E+04   1.7881490E-02   1.7881490E-02
    655   7.200000000000000E+04   1.7956790E-02   1.7956790E-02
    656   7.206000000000000E+04   0.0000000E+00   0.0000000E+00
    657   7.212000000000000E+04   0.0000000E+00   0.0000000E+00
    658   7.218000000000000E+04   0.0000000E+00   0.0000000E+00
    659   7.224000000000000E+04   5.3789292E-02   3.1055262E-02
    660   7.230000000000000E+04   3.5886273E-02   2.5375426E-02
    661   7.236000000000000E+04   1.8009471E-02   1.8009471E-02
    662   7.242000000000000E+04   1.8056817E-02   1.8056817E-02
    663   7.248000000000000E+04   0.0000000E+00   0.0000000E+00
    664   7.254000000000000E+04   0.0000000E+00   0.0000000E+00
    665   7.260000000000000E+04   0.0000000E+00   0.0000000E+00
    666   7.266000000000000E+04   0.0000000E+00   0.0000000E+00
    667   7.272000000000000E+04   3.5923820E-02   2.5401976E-02
    668   7.278000000000000E+04   0.0000000E+00   0.0000000E+00
    669   7.284000000000000E+04   5.3901520E-02   3.1120056E-02
    670   7.290000000000000E+04   0.0000000E+00   0.0000000E+00
    671   7.536000000000000E+04   0.0000000E+00   0.0000000E+00
    672   7.542000000000000E+04   0.0000000E+00   0.0000000E+00
    673   7.548000000000000E+04   1.7830029E-02   1.7830029E-02
    674   7.554000000000000E+04   0.0000000E+00   0.0000000E+00
    675   7.560000000000000E+04   1.7868668E-02   1.7868668E-02
    676   7.566000000000000E+04   1.7840223E-02   1.7840223E-02
    677   7.572000000000000E+04   5.3473245E-02   3.0872790E-02
    678   7.578000000000000E+04   1.7854864E-02   1.7854864E-02
    679   7.584000000000000E+04   1.7875895E-02   1.7875895E-02
    680   7.590000000000000E+04   0.0000000E+00   0.0000000E+00
    681   7.596000000000000E+04   2.0967606E-02   2.0967606E-02
    682   7.668000000000000E+04   0.0000000E+00   0.0000000E+00
    683   7.674000000000000E+04   0.0000000E+00   0.0000000E+00
    684   7.680000000000000E+04   3.5440478E-02   2.5060203E-02
    685   7.686000000000000E+04   0.0000000E+00   0.0000000E+00
    686   7.692000000000000E+04   0.0000000E+00   0.0000000E+00
    687   7.698000000000000E+04   1.7786002E-02   1.7786002E-02
    688   7.704000000000000E+04   5.3382806E-02   3.0820576E-02
    689   7.710000000000000E+04   0.0000000E+00   0.0000000E+00
    690   7.716000000000000E+04   0.0000000E+00   0.0000000E+00
    691   7.722000000000000E+04   1.8038917E-02   1.8038917E-02
    692   7.728000000000000E+04   1.8164307E-02   1.8164307E-02
    693   7.734000000000000E+04   0.0000000E+00   0.0000000E+00
    694   7.740000000000000E+04   0.0000000E+00   0.0000000E+00
    695   7.746000000000000E+04   1.8009739E-02   1.8009739E-02
    696   7.752000000000000E+04   0.0000000E+00   0.0000000E+00
    697   7.758000000000000E+04   0.0000000E+00   0.0000000E+00
    698   7.764000000000000E+04   1.7986860E-02   1.7986860E-02
    699   7.770000000000000E+04   0.0000000E+00   0.0000000E+00
    700   7.776000000000000E+04   0.0000000E+00   0.0000000E+00
    701   7.782000000000000E+04   3.6341000E-02   2.5696967E-02
    702   7.788000000000000E+04   0.0000000E+00   0.0000000E+00
    703   7.794000000000000E+04   5.6033675E-02   3.2351054E-02
    704   7.800000000000000E+04   1.8037973E-02   1.8037973E-02
    705   7.806000000000000E+04   3.6156528E-02   2.5566526E-02
    706   7.812000000000000E+04   1.8128062E-02   1.8128062E-02
    707   7.818000000000000E+04   1.8073251E-02   1.8073251E-02
    708   7.824000000000000E+04   3.6417443E-02   2.5751021E-02
    709   7.830000000000000E+04   1.7957037E-02   1.7957037E-02
    710   7.836000000000000E+04   1.7871981E-02   1.7871981E-02
    711   7.842000000000000E+04   3.5597336E-02   2.5171116E-02
    712   7.848000000000000E+04   1.7824732E-02   1.7824732E-02
    713   7.854000000000000E+04   0.0000000E+00   0.0000000E+00
    714   7.860000000000000E+04   0.0000000E+00   0.0000000E+00
    715   7.866000000000000E+04   1.8631669E-02   1.8631669E-02
    716   7.872000000000000E+04   0.0000000E+00   0.0000000E+00
    717   8.118000000000000E+04   0.0000000E+00   0.0000000E+00
    718   8.124000000000000E+04   4.4850312E-02   3.1713959E-02
    719   8.130000000000000E+04   0.0000000E+00   0.0000000E+00
    720   8.136000000000000E+04   1.7779296E-02   1.7779296E-02
    721   8.142000000000000E+04   5.3401422E-02   3.0831326E-02
    722   8.148000000000000E+04   1.7926594E-02   1.7926594E-02
    723   8.154000000000000E+04   0.0000000E+00   0.0000000E+00
    724   8.160000000000000E+04   1.7831219E-02   1.7831219E-02
    725   8.166000000000000E+04   0.0000000E+00   0.0000000E+00
    726   8.172000000000000E+04   0.0000000E+00   0.0000000E+00
    727   8.178000000000000E+04   1.7816460E-02   1.7816460E-02
    728   8.184000000000000E+04   0.0000000E+00   0.0000000E+00
    729   8.190000000000000E+04   1.7792683E-02   1.7792683E-02
    730   8.196000000000000E+04   0.0000000E+00   0.0000000E+00
    731   8.202000000000000E+04   0.0000000E+00   0.0000000E+00
    732   8.208000000000000E+04   0.0000000E+00   0.0000000E+00
    733   8.286000000000000E+04   0.0000000E+00   0.0000000E+00
    734   8.292000000000000E+04   5.3385943E-02   3.0822387E-02
    735   8.298000000000000E+04   1.7707763E-02   1.7707763E-02
    736   8.304000000000000E+04   5.3315457E-02   3.0781692E-02
    737   8.310000000000000E+04   1.7805038E-02   1.7805038E-02
    738   8.316000000000000E+04   1.7785853E-02   1.7785853E-02
    739   8.322000000000000E+04   0.0000000E+00   0.0000000E+00
    740   8.328000000000000E+04   3.5709552E-02   2.5250465E-02
    741   8.334000000000000E+04   0.0000000E+00   0.0000000E+00
    742   8.340000000000000E+04   3.5901122E-02   2.5385926E-02
    743   8.346000000000000E+04   0.0000000E+00   0.0000000E+00
    744   8.352000000000000E+04   1.8061042E-02   1.8061042E-02
    745   8.358000000000000E+04   5.8346882E-02   3.3686586E-02
    746   8.364000000000000E+04   0.0000000E+00   0.0000000E+00
    747   8.370000000000000E+04   1.8098665E-02   1.8098665E-02
    748   8.376000000000000E+04   3.6421727E-02   2.5754049E-02
    749   8.382000000000000E+04   3.7234541E-02   2.6328797E-02
    750   8.388000000000000E+04   1.9119287E-02   1.9119287E-02
    751   8.394000000000000E+04   1.8099457E-02   1.8099457E-02
    752   8.400000000000000E+04   3.7078839E-02   2.6218697E-02
    753   8.406000000000000E+04   1.7978299E-02   1.7978299E-02
    754   8.412000000000000E+04   0.0000000E+00   0.0000000E+00
    755   8.418000000000000E+04   3.5756860E-02   2.5283916E-02
    756   8.424000000000000E+04   1.7835326E-02   1.7835326E-02
    757   8.430000000000000E+04   3.5652325E-02   2.5210001E-02
    758   8.436000000000000E+04   0.0000000E+00   0.0000000E+00
    759   8.442000000000000E+04   0.0000000E+00   0.0000000E+00
    760   8.448000000000000E+04   2.5478713E-02   2.5478713E-02
    761   8.700000000000000E+04   0.0000000E+00   0.0000000E+00
    762   8.706000000000000E+04   4.1986473E-02   2.9688917E-02
    763   8.712000000000000E+04   3.5597071E-02   2.5170928E-02
    764   8.718000000000000E+04   1.7758362E-02   1.7758362E-02
    765   8.724000000000000E+04   0.0000000E+00   0.0000000E+00
    766   8.730000000000000E+04   5.3271424E-02   3.0756269E-02
    767   8.736000000000000E+04   3.5569809E-02   2.5151653E-02
    768   8.742000000000000E+04   5.3410530E-02   3.0836582E-02
    769   8.748000000000000E+04   0.0000000E+00   0.0000000E+00
    770   8.754000000000000E+04   5.3411063E-02   3.0836891E-02
    771   8.760000000000000E+04   0.0000000E+00   0.0000000E+00
    772   8.766000000000000E+04   0.0000000E+00   0.0000000E+00
    773   8.772000000000000E+04   1.7794479E-02   1.7794479E-02
    774   8.778000000000000E+04   3.5613060E-02   2.5182236E-02
    775   8.784000000000000E+04   3.5531398E-02   2.5124492E-02
    776   8.790000000000000E+04   0.0000000E+00   0.0000000E+00
    777   8.796000000000000E+04   0.0000000E+00   0.0000000E+00
    778   8.802000000000000E+04   5.3348020E-02   3.0800492E-02
    779   8.808000000000000E+04   1.7740432E-02   1.7740432E-02
    780   8.814000000000000E+04   1.7744137E-02   1.7744137E-02
    781   8.820000000000000E+04   3.5519242E-02   2.5115896E-02
    782   8.826000000000000E+04   0.0000000E+00   0.0000000E+00
    783   8.832000000000000E+04   1.7754942E-02   1.7754942E-02
    784   8.838000000000000E+04   2.0682367E-02   2.0682367E-02
    785   8.898000000000000E+04   0.0000000E+00   0.0000000E+00
    786   8.904000000000000E+04   1.7830452E-02   1.7830452E-02
    787   8.910000000000000E+04   0.0000000E+00   0.0000000E+00
    788   8.916000000000000E+04   1.7877461E-02   1.7877461E-02
    789   8.922000000000000E+04   1.7932156E-02   1.7932156E-02
    790   8.928000000000000E+04   3.5942893E-02   2.5415463E-02
    791   8.934000000000000E+04   0.0000000E+00   0.0000000E+00
    792   8.940000000000000E+04   0.0000000E+00   0.0000000E+00
    793   8.946000000000000E+04   1.8034086E-02   1.8034086E-02
    794   8.952000000000000E+04   1.8083923E-02   1.8083923E-02
    795   8.958000000000000E+04   1.7964508E-02   1.7964508E-02
    796   8.964000000000000E+04   3.6489390E-02   2.5801893E-02
    797   8.970000000000000E+04   0.0000000E+00   0.0000000E+00
    798   8.976000000000000E+04   1.9221744E-02   1.9221744E-02
    799   8.982000000000000E+04   3.7904684E-02   2.6802659E-02
    800   8.988000000000000E+04   1.8324152E-02   1.8324152E-02
    801   8.994000000000000E+04   1.8235086E-02   1.8235086E-02
    802   9.000000000000000E+04   3.6072124E-02   2.5506841E-02
    803   9.006000000000000E+04   0.0000000E+00   0.0000000E+00
    804   9.012000000000000E+04   1.7797498E-02   1.7797498E-02
    805   9.018000000000000E+04   0.0000000E+00   0.0000000E+00
    806   9.024000000000000E+04   0.0000000E+00   0.0000000E+00
    807   9.030000000000000E+04   0.0000000E+00   0.0000000E+00
    808   9.276000000000000E+04   0.0000000E+00   0.0000000E+00
    809   9.282000000000000E+04   0.0000000E+00   0.0000000E+00
    810   9.288000000000000E+04   0.0000000E+00   0.0000000E+00
    811   9.294000000000000E+04   0.0000000E+00   0.0000000E+00
    812   9.300000000000000E+04   1.7777419E-02   1.7777419E-02
    813   9.306000000000000E+04   1.7742496E-02   1.7742496E-02
    814   9.312000000000000E+04   3.5516374E-02   2.5113868E-02
    815   9.318000000000000E+04   1.7762154E-02   1.7762154E-02
    816   9.324000000000000E+04   3.5530351E-02   2.5123753E-02
    817   9.330000000000000E+04   5.3310610E-02   3.0778894E-02
    818   9.336000000000000E+04   1.7731594E-02   1.7731594E-02
    819   9.342000000000000E+04   1.8415594E-02   1.8415594E-02
    820   9.348000000000000E+04   1.7750012E-02   1.7750012E-02
    821   9.354000000000000E+04   1.7752320E-02   1.7752320E-02
    822   9.360000000000000E+04   3.5521436E-02   2.5117446E-02
    823   9.366000000000000E+04   0.0000000E+00   0.0000000E+00
    824   9.372000000000000E+04   5.3409867E-02   3.0836200E-02
    825   9.378000000000000E+04   1.7744470E-02   1.7744470E-02
    826   9.384000000000000E+04   1.7824108E-02   1.7824108E-02
    827   9.390000000000000E+04   1.7782390E-02   1.7782390E-02
    828   9.396000000000000E+04   0.0000000E+00   0.0000000E+00
    829   9.402000000000000E+04   1.7712031E-02   1.7712031E-02
    830   9.408000000000000E+04   0.0000000E+00   0.0000000E+00
    831   9.414000000000000E+04   1.7746866E-02   1.7746866E-02
    832   9.420000000000000E+04   1.7740771E-02   1.7740771E-02
    833   9.426000000000000E+04   0.0000000E+00   0.0000000E+00
    834   9.432000000000000E+04   1.7738238E-02   1.7738238E-02
    835   9.438000000000000E+04   0.0000000E+00   0.0000000E+00
    836   9.444000000000000E+04   1.7748747E-02   1.7748747E-02
    837   9.450000000000000E+04   5.3302255E-02   3.0774070E-02
    838   9.456000000000000E+04   4.1796539E-02   2.9554617E-02
    839   9.522000000000000E+04   0.0000000E+00   0.0000000E+00
    840   9.528000000000000E+04   3.6006637E-02   2.5460536E-02
    841   9.534000000000000E+04   3.6226422E-02   2.5615947E-02
    842   9.540000000000000E+04   5.4190982E-02   3.1287175E-02
    843   9.546000000000000E+04   1.8339705E-02   1.8339705E-02
    844   9.552000000000000E+04   0.0000000E+00   0.0000000E+00
    845   9.558000000000000E+04   3.8425844E-02   2.7171176E-02
    846   9.564000000000000E+04   0.0000000E+00   0.0000000E+00
    847   9.570000000000000E+04   0.0000000E+00   0.0000000E+00
    848   9.576000000000000E+04   0.0000000E+00   0.0000000E+00
    849   9.582000000000000E+04   3.6359381E-02   2.5709962E-02
    850   9.588000000000000E+04   0.0000000E+00   0.0000000E+00
    851   9.594000000000000E+04   5.7463232E-02   3.3176411E-02
    852   9.600000000000000E+04   1.9312963E-02   1.9312963E-02
    853   9.606000000000000E+04   0.0000000E+00   0.0000000E+00
    854   9.612000000000000E+04   4.0839118E-01   4.0839118E-01
    855   9.858000000000000E+04   0.0000000E+00   0.0000000E+00
    856   9.864000000000000E+04   0.0000000E+00   0.0000000E+00
    857   9.870000000000000E+04   1.7771767E-02   1.7771767E-02
    858   9.876000000000000E+04   3.5550322E-02   2.5137872E-02
    859   9.882000000000000E+04   0.0000000E+00   0.0000000E+00
    860   9.888000000000000E+04   0.0000000E+00   0.0000000E+00
    861   9.894000000000000E+04   3.5518970E-02   2.5115704E-02
    862   9.900000000000000E+04   0.0000000E+00   0.0000000E+00
    863   9.906000000000000E+04   3.5473894E-02   2.5083831E-02
    864   9.912000000000000E+04   1.7786535E-02   1.7786535E-02
    865   9.918000000000000E+04   1.7864646E-02   1.7864646E-02
    866   9.924000000000000E+04   0.0000000E+00   0.0000000E+00
    867   9.930000000000000E+04   0.0000000E+00   0.0000000E+00
    868   9.936000000000000E+04   1.7778015E-02   1.7778015E-02
    869   9.942000000000000E+04   1.7733023E-02   1.7733023E-02
    870   9.948000000000000E+04   1.7811134E-02   1.7811134E-02
    871   9.954000000000000E+04   0.0000000E+00   0.0000000E+00
    872   9.960000000000000E+04   0.0000000E+00   0.0000000E+00
    873   9.966000000000000E+04   3.5414211E-02   2.5041629E-02
    874   9.972000000000000E+04   0.0000000E+00   0.0000000E+00
    875   9.978000000000000E+04   0.0000000E+00   0.0000000E+00
    876   9.984000000000000E+04   0.0000000E+00   0.0000000E+00
    877   9.990000000000000E+04   5.3197052E-02   3.0713331E-02
    878   9.996000000000000E+04   0.0000000E+00   0.0000000E+00
    879   1.000200000000000E+05   3.5518616E-02   2.5115455E-02
    880   1.000800000000000E+05   1.7722750E-02   1.7722750E-02
    881   1.001400000000000E+05   3.5388514E-02   2.5023457E-02
    882   1.002000000000000E+05   1.7740568E-02   1.7740568E-02
    883   1.002600000000000E+05   1.7710630E-02   1.7710630E-02
    884   1.003200000000000E+05   0.0000000E+00   0.0000000E+00
    885   1.003800000000000E+05   0.0000000E+00   0.0000000E+00
    886   1.004400000000000E+05   3.5545491E-02   2.5134457E-02
    887   1.005000000000000E+05   1.7825676E-02   1.7825676E-02
    888   1.005600000000000E+05   7.1039326E-02   3.5519663E-02
    889   1.006200000000000E+05   3.5597384E-02   2.5171150E-02
    890   1.006800000000000E+05   7.1235448E-02   3.5617724E-02
    891   1.007400000000000E+05   1.7839376E-02   1.7839376E-02
    892   1.008000000000000E+05   3.5787977E-02   2.5305919E-02
    893   1.008600000000000E+05   2.1290964E-02   2.1290964E-02
    894   1.014000000000000E+05   0.0000000E+00   0.0000000E+00
    895   1.014600000000000E+05   0.0000000E+00   0.0000000E+00
    896   1.015200000000000E+05   5.4168377E-02   3.1274125E-02
    897   1.015800000000000E+05   3.5905797E-02   2.5389234E-02
    898   1.016400000000000E+05   0.0000000E+00   0.0000000E+00
    899   1.017000000000000E+05   3.5691213E-02   2.5237497E-02
    900   1.017600000000000E+05   1.7799044E-02   1.7799044E-02
    901   1.018200000000000E+05   1.7843278E-02   1.7843278E-02
    902   1.018800000000000E+05   0.0000000E+00   0.0000000E+00
    903   1.044000000000000E+05   0.0000000E+00   0.0000000E+00
    904   1.044600000000000E+05   1.7744223E-02   1.7744223E-02
    905   1.045200000000000E+05   3.5482772E-02   2.5090108E-02
    906   1.045800000000000E+05   1.8043697E-02   1.8043697E-02
    907   1.046400000000000E+05   1.8385429E-02   1.8385429E-02
    908   1.047000000000000E+05   0.0000000E+00   0.0000000E+00
    909   1.047600000000000E+05   1.7778635E-02   1.7778635E-02
    910   1.048200000000000E+05   0.0000000E+00   0.0000000E+00
    911   1.048800000000000E+05   1.7731301E-02   1.7731301E-02
    912   1.049400000000000E+05   0.0000000E+00   0.0000000E+00
    913   1.050000000000000E+05   7.0870318E-02   3.5435159E-02
    914   1.050600000000000E+05   0.0000000E+00   0.0000000E+00
    915   1.051200000000000E+05   3.5385329E-02   2.5021205E-02
    916   1.051800000000000E+05   0.0000000E+00   0.0000000E+00
    917   1.052400000000000E+05   0.0000000E+00   0.0000000E+00
    918   1.053000000000000E+05   0.0000000E+00   0.0000000E+00
    919   1.053600000000000E+05   0.0000000E+00   0.0000000E+00
    920   1.054200000000000E+05   3.5416279E-02   2.5043091E-02
    921   1.054800000000000E+05   1.7701531E-02   1.7701531E-02
    922   1.055400000000000E+05   3.5453029E-02   2.5069078E-02
    923   1.056000000000000E+05   1.7754316E-02   1.7754316E-02
    924   1.056600000000000E+05   1.7740441E-02   1.7740441E-02
    925   1.057200000000000E+05   1.7728569E-02   1.7728569E-02
    926   1.057800000000000E+05   1.7768243E-02   1.7768243E-02
    927   1.058400000000000E+05   5.3302739E-02   3.0774349E-02
    928   1.059000000000000E+05   1.7722830E-02   1.7722830E-02
    929   1.059600000000000E+05   0.0000000E+00   0.0000000E+00
    930   1.060200000000000E+05   0.0000000E+00   0.0000000E+00
    931   1.060800000000000E+05   0.0000000E+00   0.0000000E+00
    932   1.061400000000000E+05   0.0000000E+00   0.0000000E+00
    933   1.062000000000000E+05   0.0000000E+00   0.0000000E+00
    934   1.062600000000000E+05   1.7724717E-02   1.7724717E-02
    935   1.063200000000000E+05   1.7814470E-02   1.7814470E-02
    936   1.063800000000000E+05   3.5646047E-02   2.5205562E-02
    937   1.064400000000000E+05   0.0000000E+00   0.0000000E+00
    938   1.065000000000000E+05   1.7836748E-02   1.7836748E-02
    939   1.065600000000000E+05   3.5714522E-02   2.5253979E-02
    940   1.066200000000000E+05   0.0000000E+00   0.0000000E+00
    941   1.066800000000000E+05   5.3728648E-02   3.1020248E-02
    942   1.067400000000000E+05   3.5759885E-02   2.5286056E-02
    943   1.068000000000000E+05   1.8115550E-02   1.8115550E-02
    944   1.068600000000000E+05   1.7993255E-02   1.7993255E-02
    945   1.069200000000000E+05   1.7992945E-02   1.7992945E-02
    946   1.069800000000000E+05   2.1575704E-02   2.1575704E-02
    947   1.101600000000000E+05   0.0000000E+00   0.0000000E+00
    948   1.102200000000000E+05   0.0000000E+00   0.0000000E+00
    949   1.102800000000000E+05   3.7816308E-02   2.6740167E-02
    950   1.103400000000000E+05   1.7761055E-02   1.7761055E-02
    951   1.104000000000000E+05   1.7745413E-02   1.7745413E-02
    952   1.104600000000000E+05   1.7769702E-02   1.7769702E-02
    953   1.105200000000000E+05   0.0000000E+00   0.0000000E+00
    954   1.105800000000000E+05   3.5460055E-02   2.5074044E-02
    955   1.106400000000000E+05   0.0000000E+00   0.0000000E+00
    956   1.107000000000000E+05   0.0000000E+00   0.0000000E+00
    957   1.107600000000000E+05   0.0000000E+00   0.0000000E+00
    958   1.108200000000000E+05   1.7726045E-02   1.7726045E-02
    959   1.108800000000000E+05   1.7725127E-02   1.7725127E-02
    960   1.109400000000000E+05   0.0000000E+00   0.0000000E+00
    961   1.110000000000000E+05   0.0000000E+00   0.0000000E+00
    962   1.110600000000000E+05   0.0000000E+00   0.0000000E+00
    963   1.111200000000000E+05   1.7703325E-02   1.7703325E-02
    964   1.111800000000000E+05   3.5438556E-02   2.5058843E-02
    965   1.112400000000000E+05   1.7686186E-02   1.7686186E-02
    966   1.113000000000000E+05   0.0000000E+00   0.0000000E+00
    967   1.113600000000000E+05   3.5414156E-02   2.5041588E-02
    968   1.114200000000000E+05   0.0000000E+00   0.0000000E+00
    969   1.114800000000000E+05   3.5430018E-02   2.5052804E-02
    970   1.115400000000000E+05   0.0000000E+00   0.0000000E+00
    971   1.116000000000000E+05   0.0000000E+00   0.0000000E+00
    972   1.116600000000000E+05   1.7702794E-02   1.7702794E-02
    973   1.117200000000000E+05   3.5358071E-02   2.5001932E-02
    974   1.117800000000000E+05   1.7747231E-02   1.7747231E-02
    975   1.118400000000000E+05   1.7745798E-02   1.7745798E-02
    976   1.119000000000000E+05   0.0000000E+00   0.0000000E+00
    977   1.119600000000000E+05   1.7720422E-02   1.7720422E-02
    978   1.120200000000000E+05   1.7771000E-02   1.7771000E-02
    979   1.120800000000000E+05   1.7769333E-02   1.7769333E-02
    980   1.121400000000000E+05   0.0000000E+00   0.0000000E+00
    981   1.122000000000000E+05   0.0000000E+00   0.0000000E+00
    982   1.122600000000000E+05   0.0000000E+00   0.0000000E+00
    983   1.123200000000000E+05   0.0000000E+00   0.0000000E+00
    984   1.123800000000000E+05   1.7902983E-02   1.7902983E-02
    985   1.124400000000000E+05   0.0000000E+00   0.0000000E+00
    986   1.125000000000000E+05   0.0000000E+00   0.0000000E+00
    987   1.125600000000000E+05   0.0000000E+00   0.0000000E+00
    988   1.126200000000000E+05   1.7944587E-02   1.7944587E-02
    989   1.126800000000000E+05   1.7889610E-02   1.7889610E-02
    990   1.127400000000000E+05   0.0000000E+00   0.0000000E+00
    991   1.128000000000000E+05   1.8065166E-02   1.8065166E-02
    992   1.128600000000000E+05   1.8065104E-02   1.8065104E-02
    993   1.129200000000000E+05   5.4237545E-02   3.1314060E-02
    994   1.129800000000000E+05   0.0000000E+00   0.0000000E+00
    995   1.130400000000000E+05   1.8069239E-02   1.8069239E-02
    996   1.131000000000000E+05   1.8010281E-02   1.8010281E-02
    997   1.131600000000000E+05   0.0000000E+00   0.0000000E+00
    998   1.132200000000000E+05   5.3528778E-02   3.0904854E-02
    999   1.132800000000000E+05   0.0000000E+00   0.0000000E+00
   1000   1.133400000000000E+05   0.0000000E+00   0.0000000E+00
   1001   1.134000000000000E+05   1.7814748E-02   1.7814748E-02
   1002   1.134600000000000E+05   3.5557885E-02   2.5143219E-02
   1003   1.135200000000000E+05   0.0000000E+00   0.0000000E+00
   1004   1.159800000000000E+05   0.0000000E+00   0.0000000E+00
   1005   1.160400000000000E+05   0.0000000E+00   0.0000000E+00
   1006   1.161000000000000E+05   3.5667010E-02   2.5220383E-02
   1007   1.161600000000000E+05   3.5553824E-02   2.5140349E-02
   1008   1.162200000000000E+05   1.7876884E-02   1.7876884E-02
   1009   1.162800000000000E+05   0.0000000E+00   0.0000000E+00
   1010   1.163400000000000E+05   0.0000000E+00   0.0000000E+00
   1011   1.164000000000000E+05   0.0000000E+00   0.0000000E+00
   1012   1.164600000000000E+05   5.3249456E-02   3.0743588E-02
   1013   1.165200000000000E+05   1.7780982E-02   1.7780982E-02
   1014   1.165800000000000E+05   1.7762352E-02   1.7762352E-02
   1015   1.166400000000000E+05   5.3300574E-02   3.0773100E-02
   1016   1.167000000000000E+05   0.0000000E+00   0.0000000E+00
   1017   1.167600000000000E+05   0.0000000E+00   0.0000000E+00
   1018   1.168200000000000E+05   0.0000000E+00   0.0000000E+00
   1019   1.168800000000000E+05   3.5440732E-02   2.5060380E-02
   1020   1.169400000000000E+05   0.0000000E+00   0.0000000E+00
   1021   1.170000000000000E+05   0.0000000E+00   0.0000000E+00
   1022   1.170600000000000E+05   1.7692134E-02   1.7692134E-02
   1023   1.171200000000000E+05   0.0000000E+00   0.0000000E+00
   1024   1.171800000000000E+05   0.0000000E+00   0.0000000E+00
   1025   1.172400000000000E+05   3.5453122E-02   2.5069142E-02
   1026   1.173000000000000E+05   0.0000000E+00   0.0000000E+00
   1027   1.173600000000000E+05   1.7741991E-02   1.7741991E-02
   1028   1.174200000000000E+05   1.7708173E-02   1.7708173E-02
   1029   1.174800000000000E+05   0.0000000E+00   0.0000000E+00
   1030   1.175400000000000E+05   1.7690873E-02   1.7690873E-02
   1031   1.176000000000000E+05   0.0000000E+00   0.0000000E+00
   1032   1.176600000000000E+05   6.0849868E-02   3.5131685E-02
   1033   1.177200000000000E+05   1.7692573E-02   1.7692573E-02
   1034   1.177800000000000E+05   1.7758504E-02   1.7758504E-02
   1035   1.178400000000000E+05   1.7757686E-02   1.7757686E-02
   1036   1.179000000000000E+05   0.0000000E+00   0.0000000E+00
   1037   1.179600000000000E+05   0.0000000E+00   0.0000000E+00
   1038   1.180200000000000E+05   3.5630640E-02   2.5194667E-02
   1039   1.180800000000000E+05   3.5663746E-02   2.5218075E-02
   1040   1.181400000000000E+05   1.7814437E-02   1.7814437E-02
   1041   1.182000000000000E+05   1.7853376E-02   1.7853376E-02
   1042   1.182600000000000E+05   0.0000000E+00   0.0000000E+00
   1043   1.183200000000000E+05   0.0000000E+00   0.0000000E+00
   1044   1.183800000000000E+05   3.5852503E-02   2.5351549E-02
   1045   1.184400000000000E+05   3.5938114E-02   2.5412083E-02
   1046   1.185000000000000E+05   1.8069025E-02   1.8069025E-02
   1047   1.185600000000000E+05   0.0000000E+00   0.0000000E+00
   1048   1.186200000000000E+05   9.0481393E-02   4.0464509E-02
   1049   1.186800000000000E+05   0.0000000E+00   0.0000000E+00
   1050   1.187400000000000E+05   5.4139130E-02   3.1257238E-02
   1051   1.188000000000000E+05   1.8138520E-02   1.8138520E-02
   1052   1.188600000000000E+05   0.0000000E+00   0.0000000E+00
   1053   1.189200000000000E+05   0.0000000E+00   0.0000000E+00
   1054   1.189800000000000E+05   1.7883005E-02   1.7883005E-02
   1055   1.190400000000000E+05   0.0000000E+00   0.0000000E+00
   1056   1.191000000000000E+05   0.0000000E+00   0.0000000E+00
   1057   1.191600000000000E+05   3.5583459E-02   2.5161305E-02
   1058   1.192200000000000E+05   5.3506609E-02   3.0892054E-02
   1059   1.192800000000000E+05   0.0000000E+00   0.0000000E+00
   1060   1.218000000000000E+05   0.0000000E+00   0.0000000E+00
   1061   1.218600000000000E+05   0.0000000E+00   0.0000000E+00
   1062   1.219200000000000E+05   1.7860143E-02   1.7860143E-02
   1063   1.219800000000000E+05   1.8176649E-02   1.8176649E-02
   1064   1.220400000000000E+05   0.0000000E+00   0.0000000E+00
   1065   1.221000000000000E+05   0.0000000E+00   0.0000000E+00
   1066   1.221600000000000E+05   1.7815990E-02   1.7815990E-02
   1067   1.222200000000000E+05   1.7824395E-02   1.7824395E-02
   1068   1.222800000000000E+05   0.0000000E+00   0.0000000E+00
   1069   1.223400000000000E+05   3.5601329E-02   2.5173942E-02
   1070   1.224000000000000E+05   1.7794810E-02   1.7794810E-02
   1071   1.224600000000000E+05   1.7771032E-02   1.7771032E-02
   1072   1.225200000000000E+05   1.7756153E-02   1.7756153E-02
   1073   1.225800000000000E+05   3.5530783E-02   2.5124058E-02
   1074   1.226400000000000E+05   1.7787214E-02   1.7787214E-02
   1075   1.227000000000000E+05   0.0000000E+00   0.0000000E+00
   1076   1.227600000000000E+05   1.7741848E-02   1.7741848E-02
   1077   1.228200000000000E+05   3.5495184E-02   2.5098886E-02
   1078   1.228800000000000E+05   3.5481520E-02   2.5089223E-02
   1079   1.229400000000000E+05   1.7715950E-02   1.7715950E-02
   1080   1.230000000000000E+05   1.7767996E-02   1.7767996E-02
   1081   1.230600000000000E+05   0.0000000E+00   0.0000000E+00
   1082   1.231200000000000E+05   5.3188436E-02   3.0708356E-02
   1083   1.231800000000000E+05   1.7714843E-02   1.7714843E-02
   1084   1.232400000000000E+05   3.5452861E-02   2.5068957E-02
   1085   1.233000000000000E+05   0.0000000E+00   0.0000000E+00
   1086   1.233600000000000E+05   1.7682422E-02   1.7682422E-02
   1087   1.234200000000000E+05   1.7713996E-02   1.7713996E-02
   1088   1.234800000000000E+05   0.0000000E+00   0.0000000E+00
   1089   1.235400000000000E+05   0.0000000E+00   0.0000000E+00
   1090   1.236000000000000E+05   0.0000000E+00   0.0000000E+00
   1091   1.236600000000000E+05   0.0000000E+00   0.0000000E+00
   1092   1.237200000000000E+05   0.0000000E+00   0.0000000E+00
   1093   1.237800000000000E+05   1.7768446E-02   1.7768446E-02
   1094   1.238400000000000E+05   1.7732797E-02   1.7732797E-02
   1095   1.239000000000000E+05   0.0000000E+00   0.0000000E+00
   1096   1.239600000000000E+05   0.0000000E+00   0.0000000E+00
   1097   1.240200000000000E+05   3.5634212E-02   2.5197193E-02
   1098   1.240800000000000E+05   3.5665777E-02   2.5219511E-02
   1099   1.241400000000000E+05   0.0000000E+00   0.0000000E+00
   1100   1.242000000000000E+05   0.0000000E+00   0.0000000E+00
   1101   1.242600000000000E+05   1.7851541E-02   1.7851541E-02
   1102   1.243200000000000E+05   0.0000000E+00   0.0000000E+00
   1103   1.243800000000000E+05   1.7916759E-02   1.7916759E-02
   1104   1.244400000000000E+05   0.0000000E+00   0.0000000E+00
   1105   1.245000000000000E+05   0.0000000E+00   0.0000000E+00
   1106   1.245600000000000E+05   3.6135249E-02   2.5551479E-02
   1107   1.246200000000000E+05   1.7948678E-02   1.7948678E-02
   1108   1.246800000000000E+05   0.0000000E+00   0.0000000E+00
   1109   1.247400000000000E+05   1.7953362E-02   1.7953362E-02
   1110   1.248000000000000E+05   1.8002966E-02   1.8002966E-02
   1111   1.248600000000000E+05   5.4213047E-02   3.1299915E-02
   1112   1.249200000000000E+05   0.0000000E+00   0.0000000E+00
   1113   1.249800000000000E+05   0.0000000E+00   0.0000000E+00
   1114   1.250400000000000E+05   1.7858654E-02   1.7858654E-02
   1115   1.251000000000000E+05   0.0000000E+00   0.0000000E+00
   1116   1.275600000000000E+05   0.0000000E+00   0.0000000E+00
   1117   1.276200000000000E+05   0.0000000E+00   0.0000000E+00
   1118   1.276800000000000E+05   0.0000000E+00   0.0000000E+00
   1119   1.277400000000000E+05   0.0000000E+00   0.0000000E+00
   1120   1.278000000000000E+05   3.5843387E-02   2.5345100E-02
   1121   1.278600000000000E+05   1.7923845E-02   1.7923845E-02
   1122   1.279200000000000E+05   0.0000000E+00   0.0000000E+00
   1123   1.279800000000000E+05   1.7836476E-02   1.7836476E-02
   1124   1.280400000000000E+05   0.0000000E+00   0.0000000E+00
   1125   1.281000000000000E+05   0.0000000E+00   0.0000000E+00
   1126   1.281600000000000E+05   0.0000000E+00   0.0000000E+00
   1127   1.282200000000000E+05   1.7776228E-02   1.7776228E-02
   1128   1.282800000000000E+05   0.0000000E+00   0.0000000E+00
   1129   1.283400000000000E+05   0.0000000E+00   0.0000000E+00
   1130   1.284000000000000E+05   3.5548281E-02   2.5136430E-02
   1131   1.284600000000000E+05   0.0000000E+00   0.0000000E+00
   1132   1.285200000000000E+05   1.7774062E-02   1.7774062E-02
   1133   1.285800000000000E+05   3.5602514E-02   2.5174780E-02
   1134   1.286400000000000E+05   0.0000000E+00   0.0000000E+00
   1135   1.287000000000000E+05   1.7766207E-02   1.7766207E-02
   1136   1.287600000000000E+05   0.0000000E+00   0.0000000E+00
   1137   1.288200000000000E+05   7.0933372E-02   3.5466686E-02
   1138   1.288800000000000E+05   0.0000000E+00   0.0000000E+00
   1139   1.289400000000000E+05   3.5465457E-02   2.5077863E-02
   1140   1.290000000000000E+05   0.0000000E+00   0.0000000E+00
   1141   1.290600000000000E+05   0.0000000E+00   0.0000000E+00
   1142   1.291200000000000E+05   0.0000000E+00   0.0000000E+00
   1143   1.291800000000000E+05   0.0000000E+00   0.0000000E+00
   1144   1.292400000000000E+05   1.7760990E-02   1.7760990E-02
   1145   1.293000000000000E+05   0.0000000E+00   0.0000000E+00
   1146   1.293600000000000E+05   0.0000000E+00   0.0000000E+00
   1147   1.294200000000000E+05   1.7712431E-02   1.7712431E-02
   1148   1.294800000000000E+05   0.0000000E+00   0.0000000E+00
   1149   1.295400000000000E+05   0.0000000E+00   0.0000000E+00
   1150   1.296000000000000E+05   0.0000000E+00   0.0000000E+00
   1151   1.296600000000000E+05   0.0000000E+00   0.0000000E+00
   1152   1.297200000000000E+05   0.0000000E+00   0.0000000E+00
   1153   1.297800000000000E+05   1.7846055E-02   1.7846055E-02
   1154   1.298400000000000E+05   0.0000000E+00   0.0000000E+00
   1155   1.299000000000000E+05   3.5793677E-02   2.5309950E-02
   1156   1.299600000000000E+05   0.0000000E+00   0.0000000E+00
   1157   1.300200000000000E+05   0.0000000E+00   0.0000000E+00
   1158   1.300800000000000E+05   0.0000000E+00   0.0000000E+00
   1159   1.301400000000000E+05   3.6294345E-02   2.5663976E-02
   1160   1.302000000000000E+05   1.8294487E-02   1.8294487E-02
   1161   1.302600000000000E+05   1.8110324E-02   1.8110324E-02
   1162   1.303200000000000E+05   0.0000000E+00   0.0000000E+00
   1163   1.303800000000000E+05   0.0000000E+00   0.0000000E+00
   1164   1.304400000000000E+05   3.6456402E-02   2.5778567E-02
   1165   1.305000000000000E+05   1.7949348E-02   1.7949348E-02
   1166   1.305600000000000E+05   0.0000000E+00   0.0000000E+00
   1167   1.306200000000000E+05   0.0000000E+00   0.0000000E+00
   1168   1.306800000000000E+05   0.0000000E+00   0.0000000E+00
   1169   1.307400000000000E+05   1.7819470E-02   1.7819470E-02
   1170   1.308000000000000E+05   5.3472668E-02   3.0872459E-02
   1171   1.308600000000000E+05   3.5662316E-02   2.5217064E-02
   1172   1.309200000000000E+05   0.0000000E+00   0.0000000E+00
   1173   1.336800000000000E+05   0.0000000E+00   0.0000000E+00
   1174   1.337400000000000E+05   1.7941335E-02   1.7941335E-02
   1175   1.338000000000000E+05   0.0000000E+00   0.0000000E+00
   1176   1.338600000000000E+05   1.7893482E-02   1.7893482E-02
   1177   1.339200000000000E+05   3.5706040E-02   2.5247982E-02
   1178   1.339800000000000E+05   0.0000000E+00   0.0000000E+00
   1179   1.340400000000000E+05   0.0000000E+00   0.0000000E+00
   1180   1.341000000000000E+05   0.0000000E+00   0.0000000E+00
   1181   1.341600000000000E+05   1.7824015E-02   1.7824015E-02
   1182   1.342200000000000E+05   3.5645306E-02   2.5205038E-02
   1183   1.342800000000000E+05   0.0000000E+00   0.0000000E+00
   1184   1.343400000000000E+05   1.7801091E-02   1.7801091E-02
   1185   1.344000000000000E+05   0.0000000E+00   0.0000000E+00
   1186   1.344600000000000E+05   3.5611819E-02   2.5181357E-02
   1187   1.345200000000000E+05   1.7823720E-02   1.7823720E-02
   1188   1.345800000000000E+05   0.0000000E+00   0.0000000E+00
   1189   1.346400000000000E+05   1.7816653E-02   1.7816653E-02
   1190   1.347000000000000E+05   0.0000000E+00   0.0000000E+00
   1191   1.347600000000000E+05   1.7763089E-02   1.7763089E-02
   1192   1.348200000000000E+05   1.7741302E-02   1.7741302E-02
   1193   1.348800000000000E+05   0.0000000E+00   0.0000000E+00
   1194   1.349400000000000E+05   5.3267796E-02   3.0754175E-02
   1195   1.350000000000000E+05   1.7754218E-02   1.7754218E-02
   1196   1.350600000000000E+05   0.0000000E+00   0.0000000E+00
   1197   1.351200000000000E+05   1.7685244E-02   1.7685244E-02
   1198   1.351800000000000E+05   0.0000000E+00   0.0000000E+00
   1199   1.352400000000000E+05   0.0000000E+00   0.0000000E+00
   1200   1.353000000000000E+05   1.7711520E-02   1.7711520E-02
   1201   1.353600000000000E+05   0.0000000E+00   0.0000000E+00
   1202   1.354200000000000E+05   5.3317450E-02   3.0782843E-02
   1203   1.354800000000000E+05   1.7806264E-02   1.7806264E-02
   1204   1.355400000000000E+05   0.0000000E+00   0.0000000E+00
   1205   1.356000000000000E+05   5.3470202E-02   3.0871034E-02
   1206   1.356600000000000E+05   3.5807107E-02   2.5319446E-02
   1207   1.357200000000000E+05   0.0000000E+00   0.0000000E+00
   1208   1.357800000000000E+05   0.0000000E+00   0.0000000E+00
   1209   1.358400000000000E+05   3.6087822E-02   2.5517942E-02
   1210   1.359000000000000E+05   0.0000000E+00   0.0000000E+00
   1211   1.359600000000000E+05   0.0000000E+00   0.0000000E+00
   1212   1.360200000000000E+05   0.0000000E+00   0.0000000E+00
   1213   1.360800000000000E+05   0.0000000E+00   0.0000000E+00
   1214   1.361400000000000E+05   1.9428486E-02   1.9428486E-02
   1215   1.362000000000000E+05   0.0000000E+00   0.0000000E+00
   1216   1.362600000000000E+05   0.0000000E+00   0.0000000E+00
   1217   1.363200000000000E+05   1.7923761E-02   1.7923761E-02
   1218   1.363800000000000E+05   0.0000000E+00   0.0000000E+00
   1219   1.364400000000000E+05   5.3445879E-02   3.0856991E-02
   1220   1.365000000000000E+05   0.0000000E+00   0.0000000E+00
   1221   1.365600000000000E+05   1.7843969E-02   1.7843969E-02
   1222   1.366200000000000E+05   0.0000000E+00   0.0000000E+00
   1223   1.366800000000000E+05   4.7281448E-02   3.3433031E-02
   1224   1.396800000000000E+05   5.2356236E-02   3.7021447E-02
   1225   1.397400000000000E+05   0.0000000E+00   0.0000000E+00
   1226   1.398000000000000E+05   1.8331556E-02   1.8331556E-02
   1227   1.398600000000000E+05   0.0000000E+00   0.0000000E+00
   1228   1.399200000000000E+05   0.0000000E+00   0.0000000E+00
   1229   1.399800000000000E+05   1.7883791E-02   1.7883791E-02
   1230   1.400400000000000E+05   0.0000000E+00   0.0000000E+00
   1231   1.401000000000000E+05   0.0000000E+00   0.0000000E+00
   1232   1.401600000000000E+05   0.0000000E+00   0.0000000E+00
   1233   1.402200000000000E+05   0.0000000E+00   0.0000000E+00
   1234   1.402800000000000E+05   5.3417370E-02   3.0840531E-02
   1235   1.403400000000000E+05   1.7786946E-02   1.7786946E-02
   1236   1.404000000000000E+05   1.7736822E-02   1.7736822E-02
   1237   1.404600000000000E+05   1.7781476E-02   1.7781476E-02
   1238   1.405200000000000E+05   3.5537623E-02   2.5128894E-02
   1239   1.405800000000000E+05   0.0000000E+00   0.0000000E+00
   1240   1.406400000000000E+05   0.0000000E+00   0.0000000E+00
   1241   1.407000000000000E+05   1.7744675E-02   1.7744675E-02
   1242   1.407600000000000E+05   1.7764371E-02   1.7764371E-02
   1243   1.408200000000000E+05   0.0000000E+00   0.0000000E+00
   1244   1.408800000000000E+05   5.3274106E-02   3.0757820E-02
   1245   1.409400000000000E+05   0.0000000E+00   0.0000000E+00
   1246   1.410000000000000E+05   0.0000000E+00   0.0000000E+00
   1247   1.410600000000000E+05   0.0000000E+00   0.0000000E+00
   1248   1.411200000000000E+05   1.7720984E-02   1.7720984E-02
   1249   1.411800000000000E+05   1.7742315E-02   1.7742315E-02
   1250   1.412400000000000E+05   1.7741526E-02   1.7741526E-02
   1251   1.413000000000000E+05   1.7754078E-02   1.7754078E-02
   1252   1.413600000000000E+05   1.7749786E-02   1.7749786E-02
   1253   1.414200000000000E+05   1.7770773E-02   1.7770773E-02
   1254   1.414800000000000E+05   0.0000000E+00   0.0000000E+00
   1255   1.415400000000000E+05   1.7810630E-02   1.7810630E-02
   1256   1.416000000000000E+05   1.7980522E-02   1.7980522E-02
   1257   1.416600000000000E+05   0.0000000E+00   0.0000000E+00
   1258   1.417200000000000E+05   0.0000000E+00   0.0000000E+00
   1259   1.417800000000000E+05   1.8262470E-02   1.8262470E-02
   1260   1.418400000000000E+05   1.7963152E-02   1.7963152E-02
   1261   1.419000000000000E+05   3.6070336E-02   2.5505578E-02
   1262   1.419600000000000E+05   1.7966533E-02   1.7966533E-02
   1263   1.420200000000000E+05   3.8233586E-02   2.7035227E-02
   1264   1.420800000000000E+05   1.8065061E-02   1.8065061E-02
   1265   1.421400000000000E+05   1.8094301E-02   1.8094301E-02
   1266   1.422000000000000E+05   0.0000000E+00   0.0000000E+00
   1267   1.422600000000000E+05   1.8254748E-02   1.8254748E-02
   1268   1.423200000000000E+05   1.8213354E-02   1.8213354E-02
   1269   1.423800000000000E+05   0.0000000E+00   0.0000000E+00
   1270   1.424400000000000E+05   0.0000000E+00   0.0000000E+00
   1271   1.425000000000000E+05   0.0000000E+00   0.0000000E+00
   1272   1.458000000000000E+05   0.0000000E+00   0.0000000E+00
   1273   1.458600000000000E+05   2.1097064E-02   2.1097064E-02
   1274   1.459200000000000E+05   0.0000000E+00   0.0000000E+00
   1275   1.459800000000000E+05   7.2577842E-02   3.6288921E-02
   1276   1.460400000000000E+05   5.3664740E-02   3.0983351E-02
   1277   1.461000000000000E+05   5.3541645E-02   3.0912282E-02
   1278   1.461600000000000E+05   0.0000000E+00   0.0000000E+00
   1279   1.462200000000000E+05   1.7814431E-02   1.7814431E-02
   1280   1.462800000000000E+05   0.0000000E+00   0.0000000E+00
   1281   1.463400000000000E+05   1.7789483E-02   1.7789483E-02
   1282   1.464000000000000E+05   1.7812824E-02   1.7812824E-02
   1283   1.464600000000000E+05   0.0000000E+00   0.0000000E+00
   1284   1.465200000000000E+05   0.0000000E+00   0.0000000E+00
   1285   1.465800000000000E+05   7.1340740E-02   3.5670370E-02
   1286   1.466400000000000E+05   3.5509124E-02   2.5108742E-02
   1287   1.467000000000000E+05   1.7747482E-02   1.7747482E-02
   1288   1.467600000000000E+05   3.5459556E-02   2.5073692E-02
   1289   1.468200000000000E+05   0.0000000E+00   0.0000000E+00
   1290   1.468800000000000E+05   0.0000000E+00   0.0000000E+00
   1291   1.469400000000000E+05   0.0000000E+00   0.0000000E+00
   1292   1.470000000000000E+05   1.7834688E-02   1.7834688E-02
   1293   1.470600000000000E+05   0.0000000E+00   0.0000000E+00
   1294   1.471200000000000E+05   0.0000000E+00   0.0000000E+00
   1295   1.471800000000000E+05   0.0000000E+00   0.0000000E+00
   1296   1.472400000000000E+05   0.0000000E+00   0.0000000E+00
   1297   1.473000000000000E+05   0.0000000E+00   0.0000000E+00
   1298   1.473600000000000E+05   1.7935019E-02   1.7935019E-02
   1299   1.474200000000000E+05   1.8174604E-02   1.8174604E-02
   1300   1.474800000000000E+05   1.8387863E-02   1.8387863E-02
   1301   1.475400000000000E+05   5.5054490E-02   3.1785723E-02
   1302   1.476000000000000E+05   1.8163107E-02   1.8163107E-02
   1303   1.476600000000000E+05   1.8295467E-02   1.8295467E-02
   1304   1.477200000000000E+05   1.8123074E-02   1.8123074E-02
   1305   1.477800000000000E+05   0.0000000E+00   0.0000000E+00
   1306   1.478400000000000E+05   3.6080051E-02   2.5512448E-02
   1307   1.479000000000000E+05   0.0000000E+00   0.0000000E+00
   1308   1.479600000000000E+05   1.7930804E-02   1.7930804E-02
   1309   1.480200000000000E+05   0.0000000E+00   0.0000000E+00
   1310   1.480800000000000E+05   1.7835490E-02   1.7835490E-02
   1311   1.481400000000000E+05   1.7826831E-02   1.7826831E-02
   1312   1.482000000000000E+05   0.0000000E+00   0.0000000E+00
   1313   1.482600000000000E+05   0.0000000E+00   0.0000000E+00
   1314   1.483200000000000E+05   0.0000000E+00   0.0000000E+00
   1315   1.507800000000000E+05   0.0000000E+00   0.0000000E+00
   1316   1.508400000000000E+05   0.0000000E+00   0.0000000E+00
   1317   1.509000000000000E+05   0.0000000E+00   0.0000000E+00
   1318   1.509600000000000E+05   3.5676733E-02   2.5227260E-02
   1319   1.510200000000000E+05   3.5694420E-02   2.5239768E-02
   1320   1.510800000000000E+05   2.3282403E-02   2.3282403E-02
   1321   1.518600000000000E+05   0.0000000E+00   0.0000000E+00
   1322   1.519200000000000E+05   0.0000000E+00   0.0000000E+00
   1323   1.519800000000000E+05   6.2494598E-02   3.6081273E-02
   1324   1.520400000000000E+05   0.0000000E+00   0.0000000E+00
   1325   1.521000000000000E+05   1.8522032E-02   1.8522032E-02
   1326   1.521600000000000E+05   0.0000000E+00   0.0000000E+00
   1327   1.522200000000000E+05   0.0000000E+00   0.0000000E+00
   1328   1.522800000000000E+05   1.7831467E-02   1.7831467E-02
   1329   1.523400000000000E+05   0.0000000E+00   0.0000000E+00
   1330   1.524000000000000E+05   5.3356215E-02   3.0805225E-02
   1331   1.524600000000000E+05   1.7734878E-02   1.7734878E-02
   1332   1.525200000000000E+05   0.0000000E+00   0.0000000E+00
   1333   1.525800000000000E+05   3.5517443E-02   2.5114624E-02
   1334   1.526400000000000E+05   1.7844182E-02   1.7844182E-02
   1335   1.527000000000000E+05   0.0000000E+00   0.0000000E+00
   1336   1.527600000000000E+05   0.0000000E+00   0.0000000E+00
   1337   1.528200000000000E+05   0.0000000E+00   0.0000000E+00
   1338   1.528800000000000E+05   3.5549603E-02   2.5137363E-02
   1339   1.529400000000000E+05   0.0000000E+00   0.0000000E+00
   1340   1.530000000000000E+05   0.0000000E+00   0.0000000E+00
   1341   1.530600000000000E+05   0.0000000E+00   0.0000000E+00
   1342   1.531200000000000E+05   0.0000000E+00   0.0000000E+00
   1343   1.531800000000000E+05   1.8067593E-02   1.8067593E-02
   1344   1.532400000000000E+05   1.8195376E-02   1.8195376E-02
   1345   1.533000000000000E+05   0.0000000E+00   0.0000000E+00
   1346   1.533600000000000E+05   0.0000000E+00   0.0000000E+00
   1347   1.534200000000000E+05   0.0000000E+00   0.0000000E+00
   1348   1.534800000000000E+05   0.0000000E+00   0.0000000E+00
   1349   1.535400000000000E+05   1.8093940E-02   1.8093940E-02
   1350   1.536000000000000E+05   1.8037306E-02   1.8037306E-02
   1351   1.536600000000000E+05   1.8028302E-02   1.8028302E-02
   1352   1.537200000000000E+05   0.0000000E+00   0.0000000E+00
   1353   1.537800000000000E+05   1.7818645E-02   1.7818645E-02
   1354   1.538400000000000E+05   0.0000000E+00   0.0000000E+00
   1355   1.539000000000000E+05   3.5544757E-02   2.5133938E-02
   1356   1.539600000000000E+05   1.7772559E-02   1.7772559E-02
   1357   1.540200000000000E+05   0.0000000E+00   0.0000000E+00
   1358   1.540800000000000E+05   0.0000000E+00   0.0000000E+00
   1359   1.566000000000000E+05   0.0000000E+00   0.0000000E+00
   1360   1.566600000000000E+05   0.0000000E+00   0.0000000E+00
   1361   1.567200000000000E+05   1.7802713E-02   1.7802713E-02
   1362   1.567800000000000E+05   3.5737429E-02   2.5270179E-02
   1363   1.568400000000000E+05   3.5723269E-02   2.5260165E-02
   1364   1.569000000000000E+05   1.7823597E-02   1.7823597E-02
   1365   1.569600000000000E+05   1.7821975E-02   1.7821975E-02
   1366   1.570200000000000E+05   0.0000000E+00   0.0000000E+00
   1367   1.570800000000000E+05   3.5572309E-02   2.5153419E-02
   1368   1.571400000000000E+05   1.7817471E-02   1.7817471E-02
   1369   1.572000000000000E+05   1.7802915E-02   1.7802915E-02
   1370   1.572600000000000E+05   0.0000000E+00   0.0000000E+00
   1371   1.575000000000000E+05   0.0000000E+00   0.0000000E+00
   1372   1.575600000000000E+05   1.7780764E-02   1.7780764E-02
   1373   1.576200000000000E+05   1.7767243E-02   1.7767243E-02
   1374   1.576800000000000E+05   0.0000000E+00   0.0000000E+00
   1375   1.577400000000000E+05   1.7859980E-02   1.7859980E-02
   1376   1.578000000000000E+05   1.7929466E-02   1.7929466E-02
   1377   1.578600000000000E+05   0.0000000E+00   0.0000000E+00
   1378   1.579200000000000E+05   0.0000000E+00   0.0000000E+00
   1379   1.579800000000000E+05   1.8467356E-02   1.8467356E-02
   1380   1.580400000000000E+05   3.7209898E-02   2.6311370E-02
   1381   1.581000000000000E+05   1.8598428E-02   1.8598428E-02
   1382   1.581600000000000E+05   5.5251844E-02   3.1899665E-02
   1383   1.582200000000000E+05   1.8265385E-02   1.8265385E-02
   1384   1.582800000000000E+05   0.0000000E+00   0.0000000E+00
   1385   1.583400000000000E+05   3.5860661E-02   2.5357315E-02
   1386   1.584000000000000E+05   0.0000000E+00   0.0000000E+00
   1387   1.584600000000000E+05   1.7814925E-02   1.7814925E-02
   1388   1.585200000000000E+05   0.0000000E+00   0.0000000E+00
   1389   1.585800000000000E+05   0.0000000E+00   0.0000000E+00
   1390   1.586400000000000E+05   0.0000000E+00   0.0000000E+00
   1391   1.587000000000000E+05   1.7768322E-02   1.7768322E-02
   1392   1.587600000000000E+05   0.0000000E+00   0.0000000E+00
   1393   1.588200000000000E+05   0.0000000E+00   0.0000000E+00
   1394   1.588800000000000E+05   0.0000000E+00   0.0000000E+00
   1395   1.589400000000000E+05   0.0000000E+00   0.0000000E+00
   1396   1.590000000000000E+05   1.7930439E-02   1.7930439E-02
   1397   1.590600000000000E+05   0.0000000E+00   0.0000000E+00
   1398   1.591200000000000E+05   3.5796210E-02   2.5311744E-02
   1399   1.591800000000000E+05   1.7935237E-02   1.7935237E-02
   1400   1.592400000000000E+05   0.0000000E+00   0.0000000E+00
   1401   1.593000000000000E+05   1.7932320E-02   1.7932320E-02
   1402   1.593600000000000E+05   0.0000000E+00   0.0000000E+00
   1403   1.594200000000000E+05   1.7991254E-02   1.7991254E-02
   1404   1.594800000000000E+05   0.0000000E+00   0.0000000E+00
   1405   1.595400000000000E+05   0.0000000E+00   0.0000000E+00
   1406   1.596000000000000E+05   3.5988469E-02   2.5447689E-02
   1407   1.596600000000000E+05   1.8006654E-02   1.8006654E-02
   1408   1.597200000000000E+05   0.0000000E+00   0.0000000E+00
   1409   1.597800000000000E+05   0.0000000E+00   0.0000000E+00
   1410   1.598400000000000E+05   3.5762738E-02   2.5288075E-02
   1411   1.599000000000000E+05   3.9456993E-02   3.9456993E-02
   1412   1.623600000000000E+05   0.0000000E+00   0.0000000E+00
   1413   1.624200000000000E+05   2.2615939E-02   2.2615939E-02
   1414   1.624800000000000E+05   1.7742625E-02   1.7742625E-02
   1415   1.625400000000000E+05   0.0000000E+00   0.0000000E+00
   1416   1.626000000000000E+05   1.7804187E-02   1.7804187E-02
   1417   1.626600000000000E+05   0.0000000E+00   0.0000000E+00
   1418   1.627200000000000E+05   3.5587624E-02   2.5164250E-02
   1419   1.627800000000000E+05   1.7831761E-02   1.7831761E-02
   1420   1.628400000000000E+05   3.5636283E-02   2.5198657E-02
   1421   1.629000000000000E+05   1.7824721E-02   1.7824721E-02
   1422   1.629600000000000E+05   1.7791759E-02   1.7791759E-02
   1423   1.630200000000000E+05   0.0000000E+00   0.0000000E+00
   1424   1.630800000000000E+05   1.7850751E-02   1.7850751E-02
   1425   1.631400000000000E+05   3.5620414E-02   2.5187435E-02
   1426   1.632000000000000E+05   0.0000000E+00   0.0000000E+00
   1427   1.632600000000000E+05   3.5575941E-02   2.5155989E-02
   1428   1.633200000000000E+05   0.0000000E+00   0.0000000E+00
   1429   1.637400000000000E+05   7.0598349E-02   7.0598349E-02
   1430   1.638000000000000E+05   1.7733553E-02   1.7733553E-02
   1431   1.638600000000000E+05   0.0000000E+00   0.0000000E+00
   1432   1.639200000000000E+05   1.7717499E-02   1.7717499E-02
   1433   1.639800000000000E+05   5.3128988E-02   3.0674033E-02
   1434   1.640400000000000E+05   1.7726731E-02   1.7726731E-02
   1435   1.641000000000000E+05   0.0000000E+00   0.0000000E+00
   1436   1.641600000000000E+05   1.7724082E-02   1.7724082E-02
   1437   1.642200000000000E+05   1.7821450E-02   1.7821450E-02
   1438   1.642800000000000E+05   0.0000000E+00   0.0000000E+00
   1439   1.643400000000000E+05   1.7941296E-02   1.7941296E-02
   1440   1.644000000000000E+05   1.7954927E-02   1.7954927E-02
   1441   1.644600000000000E+05   3.5971254E-02   2.5435518E-02
   1442   1.645200000000000E+05   1.7974269E-02   1.7974269E-02
   1443   1.645800000000000E+05   0.0000000E+00   0.0000000E+00
   1444   1.646400000000000E+05   5.4094911E-02   3.1231711E-02
   1445   1.647000000000000E+05   1.8198894E-02   1.8198894E-02
   1446   1.647600000000000E+05   1.7987404E-02   1.7987404E-02
   1447   1.648200000000000E+05   0.0000000E+00   0.0000000E+00
   1448   1.648800000000000E+05   1.8134719E-02   1.8134719E-02
   1449   1.649400000000000E+05   0.0000000E+00   0.0000000E+00
   1450   1.650000000000000E+05   0.0000000E+00   0.0000000E+00
   1451   1.650600000000000E+05   0.0000000E+00   0.0000000E+00
   1452   1.651200000000000E+05   1.8112630E-02   1.8112630E-02
   1453   1.651800000000000E+05   0.0000000E+00   0.0000000E+00
   1454   1.652400000000000E+05   0.0000000E+00   0.0000000E+00
   1455   1.653000000000000E+05   0.0000000E+00   0.0000000E+00
   1456   1.653600000000000E+05   0.0000000E+00   0.0000000E+00
   1457   1.654200000000000E+05   1.7773720E-02   1.7773720E-02
   1458   1.654800000000000E+05   0.0000000E+00   0.0000000E+00
   1459   1.655400000000000E+05   0.0000000E+00   0.0000000E+00
   1460   1.656000000000000E+05   1.7741248E-02   1.7741248E-02
   1461   1.656600000000000E+05   1.7820338E-02   1.7820338E-02
   1462   1.657200000000000E+05   0.0000000E+00   0.0000000E+00
   1463   1.681800000000000E+05   0.0000000E+00   0.0000000E+00
   1464   1.682400000000000E+05   0.0000000E+00   0.0000000E+00
   1465   1.683000000000000E+05   1.7772691E-02   1.7772691E-02
   1466   1.683600000000000E+05   0.0000000E+00   0.0000000E+00
   1467   1.684200000000000E+05   1.7755207E-02   1.7755207E-02
   1468   1.684800000000000E+05   1.7793063E-02   1.7793063E-02
   1469   1.685400000000000E+05   0.0000000E+00   0.0000000E+00
   1470   1.686000000000000E+05   0.0000000E+00   0.0000000E+00
   1471   1.686600000000000E+05   0.0000000E+00   0.0000000E+00
   1472   1.687200000000000E+05   0.0000000E+00   0.0000000E+00
   1473   1.687800000000000E+05   1.7780872E-02   1.7780872E-02
   1474   1.688400000000000E+05   1.7802538E-02   1.7802538E-02
   1475   1.689000000000000E+05   5.3254649E-02   3.0746585E-02
   1476   1.689600000000000E+05   1.7771397E-02   1.7771397E-02
   1477   1.690200000000000E+05   0.0000000E+00   0.0000000E+00
   1478   1.690800000000000E+05   0.0000000E+00   0.0000000E+00
   1479   1.691400000000000E+05   0.0000000E+00   0.0000000E+00
   1480   1.692000000000000E+05   1.7746583E-02   1.7746583E-02
   1481   1.692600000000000E+05   1.7740102E-02   1.7740102E-02
   1482   1.693200000000000E+05   1.7749958E-02   1.7749958E-02
   1483   1.693800000000000E+05   5.3280778E-02   3.0761672E-02
   1484   1.694400000000000E+05   2.4041649E-02   2.4041649E-02
   1485   1.699200000000000E+05   0.0000000E+00   0.0000000E+00
   1486   1.699800000000000E+05   5.3167962E-02   3.0696535E-02
   1487   1.700400000000000E+05   1.7722929E-02   1.7722929E-02
   1488   1.701000000000000E+05   0.0000000E+00   0.0000000E+00
   1489   1.701600000000000E+05   3.5497326E-02   2.5100401E-02
   1490   1.702200000000000E+05   0.0000000E+00   0.0000000E+00
   1491   1.702800000000000E+05   1.7775828E-02   1.7775828E-02
   1492   1.703400000000000E+05   1.7795814E-02   1.7795814E-02
   1493   1.704000000000000E+05   1.7831961E-02   1.7831961E-02
   1494   1.704600000000000E+05   0.0000000E+00   0.0000000E+00
   1495   1.705200000000000E+05   0.0000000E+00   0.0000000E+00
   1496   1.705800000000000E+05   0.0000000E+00   0.0000000E+00
   1497   1.706400000000000E+05   3.6303610E-02   2.5670528E-02
   1498   1.707000000000000E+05   0.0000000E+00   0.0000000E+00
   1499   1.707600000000000E+05   1.8297691E-02   1.8297691E-02
   1500   1.708200000000000E+05   1.8099725E-02   1.8099725E-02
   1501   1.708800000000000E+05   1.8193293E-02   1.8193293E-02
   1502   1.709400000000000E+05   1.8011877E-02   1.8011877E-02
   1503   1.710000000000000E+05   3.6269095E-02   2.5646122E-02
   1504   1.710600000000000E+05   1.8037003E-02   1.8037003E-02
   1505   1.711200000000000E+05   0.0000000E+00   0.0000000E+00
   1506   1.711800000000000E+05   1.7842153E-02   1.7842153E-02
   1507   1.712400000000000E+05   3.5671964E-02   2.5223887E-02
   1508   1.713000000000000E+05   1.7787311E-02   1.7787311E-02
   1509   1.713600000000000E+05   0.0000000E+00   0.0000000E+00
   1510   1.714200000000000E+05   0.0000000E+00   0.0000000E+00
   1511   1.714800000000000E+05   0.0000000E+00   0.0000000E+00
   1512   1.740000000000000E+05   0.0000000E+00   0.0000000E+00
   1513   1.740600000000000E+05   1.9077504E-02   1.9077504E-02
   1514   1.741200000000000E+05   1.7739248E-02   1.7739248E-02
   1515   1.741800000000000E+05   0.0000000E+00   0.0000000E+00
   1516   1.742400000000000E+05   0.0000000E+00   0.0000000E+00
   1517   1.743000000000000E+05   0.0000000E+00   0.0000000E+00
   1518   1.743600000000000E+05   0.0000000E+00   0.0000000E+00
   1519   1.744200000000000E+05   5.3389132E-02   3.0824229E-02
   1520   1.744800000000000E+05   1.7743997E-02   1.7743997E-02
   1521   1.745400000000000E+05   0.0000000E+00   0.0000000E+00
   1522   1.746000000000000E+05   1.7777676E-02   1.7777676E-02
   1523   1.746600000000000E+05   3.5524994E-02   2.5119962E-02
   1524   1.747200000000000E+05   0.0000000E+00   0.0000000E+00
   1525   1.747800000000000E+05   0.0000000E+00   0.0000000E+00
   1526   1.748400000000000E+05   1.7725710E-02   1.7725710E-02
   1527   1.749000000000000E+05   1.7769113E-02   1.7769113E-02
   1528   1.749600000000000E+05   1.7798737E-02   1.7798737E-02
   1529   1.750200000000000E+05   1.7769035E-02   1.7769035E-02
   1530   1.750800000000000E+05   1.7757419E-02   1.7757419E-02
   1531   1.751400000000000E+05   1.7747413E-02   1.7747413E-02
   1532   1.752000000000000E+05   1.7742530E-02   1.7742530E-02
   1533   1.752600000000000E+05   1.7756406E-02   1.7756406E-02
   1534   1.753200000000000E+05   1.7772010E-02   1.7772010E-02
   1535   1.753800000000000E+05   0.0000000E+00   0.0000000E+00
   1536   1.754400000000000E+05   0.0000000E+00   0.0000000E+00
   1537   1.755000000000000E+05   5.3183760E-02   3.0705657E-02
   1538   1.755600000000000E+05   0.0000000E+00   0.0000000E+00
   1539   1.760400000000000E+05   0.0000000E+00   0.0000000E+00
   1540   1.761000000000000E+05   1.7740401E-02   1.7740401E-02
   1541   1.761600000000000E+05   0.0000000E+00   0.0000000E+00
   1542   1.762200000000000E+05   0.0000000E+00   0.0000000E+00
   1543   1.762800000000000E+05   1.7861534E-02   1.7861534E-02
   1544   1.763400000000000E+05   1.7828515E-02   1.7828515E-02
   1545   1.764000000000000E+05   1.7872943E-02   1.7872943E-02
   1546   1.764600000000000E+05   0.0000000E+00   0.0000000E+00
   1547   1.765200000000000E+05   3.6067106E-02   2.5503295E-02
   1548   1.765800000000000E+05   5.3992126E-02   3.1172367E-02
   1549   1.766400000000000E+05   5.4328203E-02   3.1366400E-02
   1550   1.767000000000000E+05   1.8312180E-02   1.8312180E-02
   1551   1.767600000000000E+05   0.0000000E+00   0.0000000E+00
   1552   1.768200000000000E+05   0.0000000E+00   0.0000000E+00
   1553   1.768800000000000E+05   1.8748114E-02   1.8748114E-02
   1554   1.769400000000000E+05   0.0000000E+00   0.0000000E+00
   1555   1.770000000000000E+05   3.6647398E-02   2.5913622E-02
   1556   1.770600000000000E+05   1.7992198E-02   1.7992198E-02
   1557   1.771200000000000E+05   3.5755593E-02   2.5283020E-02
   1558   1.771800000000000E+05   1.7792149E-02   1.7792149E-02
   1559   1.772400000000000E+05   0.0000000E+00   0.0000000E+00
   1560   1.773000000000000E+05   0.0000000E+00   0.0000000E+00
   1561   1.797600000000000E+05   0.0000000E+00   0.0000000E+00
   1562   1.798200000000000E+05   0.0000000E+00   0.0000000E+00
   1563   1.798800000000000E+05   0.0000000E+00   0.0000000E+00
   1564   1.799400000000000E+05   0.0000000E+00   0.0000000E+00
   1565   1.800000000000000E+05   1.7749885E-02   1.7749885E-02
   1566   1.800600000000000E+05   0.0000000E+00   0.0000000E+00
   1567   1.801200000000000E+05   1.7775225E-02   1.7775225E-02
   1568   1.801800000000000E+05   1.7763432E-02   1.7763432E-02
   1569   1.802400000000000E+05   3.5523765E-02   2.5119094E-02
   1570   1.803000000000000E+05   3.5453863E-02   2.5069667E-02
   1571   1.803600000000000E+05   0.0000000E+00   0.0000000E+00
   1572   1.804200000000000E+05   0.0000000E+00   0.0000000E+00
   1573   1.804800000000000E+05   3.5462923E-02   2.5076073E-02
   1574   1.805400000000000E+05   0.0000000E+00   0.0000000E+00
   1575   1.806000000000000E+05   5.3309672E-02   3.0778354E-02
   1576   1.806600000000000E+05   3.5509076E-02   2.5108708E-02
   1577   1.807200000000000E+05   0.0000000E+00   0.0000000E+00
   1578   1.807800000000000E+05   0.0000000E+00   0.0000000E+00
   1579   1.808400000000000E+05   0.0000000E+00   0.0000000E+00
   1580   1.809000000000000E+05   0.0000000E+00   0.0000000E+00
   1581   1.809600000000000E+05   1.7761294E-02   1.7761294E-02
   1582   1.810200000000000E+05   1.7712111E-02   1.7712111E-02
   1583   1.810800000000000E+05   3.5481453E-02   2.5089175E-02
   1584   1.811400000000000E+05   0.0000000E+00   0.0000000E+00
   1585   1.812000000000000E+05   3.5534430E-02   2.5126636E-02
   1586   1.812600000000000E+05   5.3173363E-02   3.0699655E-02
   1587   1.813200000000000E+05   0.0000000E+00   0.0000000E+00
   1588   1.813800000000000E+05   3.5539564E-02   2.5130266E-02
   1589   1.814400000000000E+05   1.7735574E-02   1.7735574E-02
   1590   1.815000000000000E+05   3.5467476E-02   2.5079291E-02
   1591   1.815600000000000E+05   0.0000000E+00   0.0000000E+00
   1592   1.816200000000000E+05   0.0000000E+00   0.0000000E+00
   1593   1.816800000000000E+05   0.0000000E+00   0.0000000E+00
   1594   1.817400000000000E+05   1.7767850E-02   1.7767850E-02
   1595   1.818000000000000E+05   0.0000000E+00   0.0000000E+00
   1596   1.818600000000000E+05   3.5637632E-02   2.5199611E-02
   1597   1.819200000000000E+05   0.0000000E+00   0.0000000E+00
   1598   1.822200000000000E+05   6.4226948E-02   6.4226948E-02
   1599   1.822800000000000E+05   1.8051188E-02   1.8051188E-02
   1600   1.823400000000000E+05   0.0000000E+00   0.0000000E+00
   1601   1.824000000000000E+05   3.5879090E-02   2.5370348E-02
   1602   1.824600000000000E+05   0.0000000E+00   0.0000000E+00
   1603   1.825200000000000E+05   0.0000000E+00   0.0000000E+00
   1604   1.825800000000000E+05   1.8171653E-02   1.8171653E-02
   1605   1.826400000000000E+05   0.0000000E+00   0.0000000E+00
   1606   1.827000000000000E+05   0.0000000E+00   0.0000000E+00
   1607   1.827600000000000E+05   0.0000000E+00   0.0000000E+00
   1608   1.828200000000000E+05   3.6191531E-02   2.5591275E-02
   1609   1.828800000000000E+05   0.0000000E+00   0.0000000E+00
   1610   1.829400000000000E+05   2.0228537E-02   2.0228537E-02
   1611   1.830000000000000E+05   0.0000000E+00   0.0000000E+00
   1612   1.830600000000000E+05   2.1077707E-02   2.1077707E-02
   1613   1.831200000000000E+05   0.0000000E+00   0.0000000E+00
   1614   1.855800000000000E+05   0.0000000E+00   0.0000000E+00
   1615   1.856400000000000E+05   1.8296994E-02   1.8296994E-02
   1616   1.857000000000000E+05   0.0000000E+00   0.0000000E+00
   1617   1.857600000000000E+05   0.0000000E+00   0.0000000E+00
   1618   1.858200000000000E+05   5.3148579E-02   3.0685345E-02
   1619   1.858800000000000E+05   1.7725592E-02   1.7725592E-02
   1620   1.859400000000000E+05   1.7729681E-02   1.7729681E-02
   1621   1.860000000000000E+05   0.0000000E+00   0.0000000E+00
   1622   1.860600000000000E+05   1.7744055E-02   1.7744055E-02
   1623   1.861200000000000E+05   0.0000000E+00   0.0000000E+00
   1624   1.861800000000000E+05   0.0000000E+00   0.0000000E+00
   1625   1.862400000000000E+05   3.5475198E-02   2.5084751E-02
   1626   1.863000000000000E+05   0.0000000E+00   0.0000000E+00
   1627   1.863600000000000E+05   0.0000000E+00   0.0000000E+00
   1628   1.864200000000000E+05   1.7770877E-02   1.7770877E-02
   1629   1.864800000000000E+05   0.0000000E+00   0.0000000E+00
   1630   1.865400000000000E+05   3.5504550E-02   2.5105506E-02
   1631   1.866000000000000E+05   0.0000000E+00   0.0000000E+00
   1632   1.866600000000000E+05   3.5458237E-02   2.5072759E-02
   1633   1.867200000000000E+05   3.5531770E-02   2.5124755E-02
   1634   1.867800000000000E+05   1.7744312E-02   1.7744312E-02
   1635   1.868400000000000E+05   0.0000000E+00   0.0000000E+00
   1636   1.869000000000000E+05   0.0000000E+00   0.0000000E+00
   1637   1.869600000000000E+05   1.7750200E-02   1.7750200E-02
   1638   1.870200000000000E+05   3.5461612E-02   2.5075147E-02
   1639   1.870800000000000E+05   1.7715352E-02   1.7715352E-02
   1640   1.871400000000000E+05   3.5520829E-02   2.5117019E-02
   1641   1.872000000000000E+05   3.5358522E-02   2.5002250E-02
   1642   1.872600000000000E+05   1.7701296E-02   1.7701296E-02
   1643   1.873200000000000E+05   1.7736468E-02   1.7736468E-02
   1644   1.873800000000000E+05   1.7733496E-02   1.7733496E-02
   1645   1.874400000000000E+05   0.0000000E+00   0.0000000E+00
   1646   1.875000000000000E+05   5.3276885E-02   3.0759424E-02
   1647   1.875600000000000E+05   1.7785322E-02   1.7785322E-02
   1648   1.876200000000000E+05   1.7759686E-02   1.7759686E-02
   1649   1.876800000000000E+05   3.5514630E-02   2.5112635E-02
   1650   1.877400000000000E+05   1.7782396E-02   1.7782396E-02
   1651   1.878000000000000E+05   1.7861245E-02   1.7861245E-02
   1652   1.878600000000000E+05   1.7834280E-02   1.7834280E-02
   1653   1.879200000000000E+05   0.0000000E+00   0.0000000E+00
   1654   1.879800000000000E+05   3.5698690E-02   2.5242783E-02
   1655   1.880400000000000E+05   2.5118815E-02   2.5118815E-02
   1656   1.885200000000000E+05   0.0000000E+00   0.0000000E+00
   1657   1.885800000000000E+05   3.5840172E-02   2.5342828E-02
   1658   1.886400000000000E+05   0.0000000E+00   0.0000000E+00
   1659   1.887000000000000E+05   3.5618361E-02   2.5185984E-02
   1660   1.887600000000000E+05   3.5584249E-02   2.5161862E-02
   1661   1.888200000000000E+05   1.7827839E-02   1.7827839E-02
   1662   1.888800000000000E+05   2.1327235E-02   2.1327235E-02
   1663   1.914000000000000E+05   0.0000000E+00   0.0000000E+00
   1664   1.914600000000000E+05   0.0000000E+00   0.0000000E+00
   1665   1.915200000000000E+05   0.0000000E+00   0.0000000E+00
   1666   1.915800000000000E+05   0.0000000E+00   0.0000000E+00
   1667   1.916400000000000E+05   0.0000000E+00   0.0000000E+00
   1668   1.917000000000000E+05   7.1006775E-02   3.5503387E-02
   1669   1.917600000000000E+05   0.0000000E+00   0.0000000E+00
   1670   1.918200000000000E+05   5.3094488E-02   3.0654116E-02
   1671   1.918800000000000E+05   0.0000000E+00   0.0000000E+00
   1672   1.919400000000000E+05   1.7721176E-02   1.7721176E-02
   1673   1.920000000000000E+05   3.5444401E-02   2.5062975E-02
   1674   1.920600000000000E+05   0.0000000E+00   0.0000000E+00
   1675   1.921200000000000E+05   3.5472658E-02   2.5082957E-02
   1676   1.921800000000000E+05   0.0000000E+00   0.0000000E+00
   1677   1.922400000000000E+05   3.5369229E-02   2.5009820E-02
   1678   1.923000000000000E+05   0.0000000E+00   0.0000000E+00
   1679   1.923600000000000E+05   0.0000000E+00   0.0000000E+00
   1680   1.924200000000000E+05   0.0000000E+00   0.0000000E+00
   1681   1.924800000000000E+05   3.5564978E-02   2.5148237E-02
   1682   1.925400000000000E+05   0.0000000E+00   0.0000000E+00
   1683   1.926000000000000E+05   0.0000000E+00   0.0000000E+00
   1684   1.926600000000000E+05   1.7708929E-02   1.7708929E-02
   1685   1.927200000000000E+05   1.7715061E-02   1.7715061E-02
   1686   1.927800000000000E+05   3.5412867E-02   2.5040679E-02
   1687   1.928400000000000E+05   3.5426196E-02   2.5050104E-02
   1688   1.929000000000000E+05   1.7713102E-02   1.7713102E-02
   1689   1.929600000000000E+05   1.7746197E-02   1.7746197E-02
   1690   1.930200000000000E+05   0.0000000E+00   0.0000000E+00
   1691   1.930800000000000E+05   0.0000000E+00   0.0000000E+00
   1692   1.931400000000000E+05   1.7778888E-02   1.7778888E-02
   1693   1.932000000000000E+05   0.0000000E+00   0.0000000E+00
   1694   1.932600000000000E+05   0.0000000E+00   0.0000000E+00
   1695   1.933200000000000E+05   0.0000000E+00   0.0000000E+00
   1696   1.933800000000000E+05   5.3212412E-02   3.0722201E-02
   1697   1.934400000000000E+05   3.5583220E-02   2.5161136E-02
   1698   1.935000000000000E+05   0.0000000E+00   0.0000000E+00
   1699   1.935600000000000E+05   1.7811814E-02   1.7811814E-02
   1700   1.936200000000000E+05   0.0000000E+00   0.0000000E+00
   1701   1.936800000000000E+05   0.0000000E+00   0.0000000E+00
   1702   1.937400000000000E+05   1.7984128E-02   1.7984128E-02
   1703   1.938000000000000E+05   3.5606217E-02   2.5177397E-02
   1704   1.938600000000000E+05   5.3775724E-02   3.1047428E-02
   1705   1.939200000000000E+05   0.0000000E+00   0.0000000E+00
   1706   1.939800000000000E+05   0.0000000E+00   0.0000000E+00
   1707   1.940400000000000E+05   0.0000000E+00   0.0000000E+00
   1708   1.941000000000000E+05   1.8042246E-02   1.8042246E-02
   1709   1.941600000000000E+05   3.6188841E-02   2.5589375E-02
   1710   1.942200000000000E+05   0.0000000E+00   0.0000000E+00
   1711   1.942800000000000E+05   3.5687011E-02   2.5234526E-02
   1712   1.943400000000000E+05   5.0932545E-02   3.6014747E-02
   1713   1.971600000000000E+05   0.0000000E+00   0.0000000E+00
   1714   1.972200000000000E+05   0.0000000E+00   0.0000000E+00
   1715   1.972800000000000E+05   1.8480171E-02   1.8480171E-02
   1716   1.973400000000000E+05   0.0000000E+00   0.0000000E+00
   1717   1.974000000000000E+05   0.0000000E+00   0.0000000E+00
   1718   1.974600000000000E+05   3.5531227E-02   2.5124371E-02
   1719   1.975200000000000E+05   3.5423312E-02   2.5048064E-02
   1720   1.975800000000000E+05   1.7738085E-02   1.7738085E-02
   1721   1.976400000000000E+05   1.7767826E-02   1.7767826E-02
   1722   1.977000000000000E+05   1.7751956E-02   1.7751956E-02
   1723   1.977600000000000E+05   0.0000000E+00   0.0000000E+00
   1724   1.978200000000000E+05   0.0000000E+00   0.0000000E+00
   1725   1.978800000000000E+05   1.7720878E-02   1.7720878E-02
   1726   1.979400000000000E+05   0.0000000E+00   0.0000000E+00
   1727   1.980000000000000E+05   0.0000000E+00   0.0000000E+00
   1728   1.980600000000000E+05   1.7700952E-02   1.7700952E-02
   1729   1.981200000000000E+05   0.0000000E+00   0.0000000E+00
   1730   1.981800000000000E+05   3.5382424E-02   2.5019150E-02
   1731   1.982400000000000E+05   0.0000000E+00   0.0000000E+00
   1732   1.983000000000000E+05   0.0000000E+00   0.0000000E+00
   1733   1.983600000000000E+05   0.0000000E+00   0.0000000E+00
   1734   1.984200000000000E+05   3.5414211E-02   2.5041629E-02
   1735   1.984800000000000E+05   1.7718295E-02   1.7718295E-02
   1736   1.985400000000000E+05   1.7694913E-02   1.7694913E-02
   1737   1.986000000000000E+05   7.0729196E-02   3.5364598E-02
   1738   1.986600000000000E+05   3.5507578E-02   2.5107648E-02
   1739   1.987200000000000E+05   1.7707439E-02   1.7707439E-02
   1740   1.987800000000000E+05   3.5439149E-02   2.5059260E-02
   1741   1.988400000000000E+05   0.0000000E+00   0.0000000E+00
   1742   1.989000000000000E+05   0.0000000E+00   0.0000000E+00
   1743   1.989600000000000E+05   0.0000000E+00   0.0000000E+00
   1744   1.990200000000000E+05   0.0000000E+00   0.0000000E+00
   1745   1.990800000000000E+05   1.7711239E-02   1.7711239E-02
   1746   1.991400000000000E+05   3.5436336E-02   2.5057273E-02
   1747   1.992000000000000E+05   5.3252626E-02   3.0745417E-02
   1748   1.992600000000000E+05   0.0000000E+00   0.0000000E+00
   1749   1.993200000000000E+05   1.7762359E-02   1.7762359E-02
   1750   1.993800000000000E+05   1.7773842E-02   1.7773842E-02
   1751   1.994400000000000E+05   0.0000000E+00   0.0000000E+00
   1752   1.995000000000000E+05   0.0000000E+00   0.0000000E+00
   1753   1.995600000000000E+05   1.7904367E-02   1.7904367E-02
   1754   1.996200000000000E+05   0.0000000E+00   0.0000000E+00
   1755   1.996800000000000E+05   3.5929512E-02   2.5405999E-02
   1756   1.997400000000000E+05   1.7997408E-02   1.7997408E-02
   1757   1.998000000000000E+05   0.0000000E+00   0.0000000E+00
   1758   1.998600000000000E+05   3.5964176E-02   2.5430514E-02
   1759   1.999200000000000E+05   0.0000000E+00   0.0000000E+00
   1760   1.999800000000000E+05   0.0000000E+00   0.0000000E+00
   1761   2.000400000000000E+05   1.7976003E-02   1.7976003E-02
   1762   2.001000000000000E+05   0.0000000E+00   0.0000000E+00
   1763   2.001600000000000E+05   1.7804032E-02   1.7804032E-02
   1764   2.002200000000000E+05   1.7828291E-02   1.7828291E-02
   1765   2.002800000000000E+05   0.0000000E+00   0.0000000E+00
   1766   2.003400000000000E+05   1.7842533E-02   1.7842533E-02
   1767   2.004000000000000E+05   0.0000000E+00   0.0000000E+00
   1768   2.004600000000000E+05   0.0000000E+00   0.0000000E+00
   1769   2.005200000000000E+05   0.0000000E+00   0.0000000E+00
   1770   2.029800000000000E+05   0.0000000E+00   0.0000000E+00
   1771   2.030400000000000E+05   4.4534568E-02   3.1490695E-02
   1772   2.031000000000000E+05   5.3454783E-02   3.0862132E-02
   1773   2.031600000000000E+05   0.0000000E+00   0.0000000E+00
   1774   2.032200000000000E+05   0.0000000E+00   0.0000000E+00
   1775   2.032800000000000E+05   1.7773690E-02   1.7773690E-02
   1776   2.033400000000000E+05   1.7791580E-02   1.7791580E-02
   1777   2.034000000000000E+05   0.0000000E+00   0.0000000E+00
   1778   2.034600000000000E+05   1.7798180E-02   1.7798180E-02
   1779   2.035200000000000E+05   1.7759141E-02   1.7759141E-02
   1780   2.035800000000000E+05   1.7736968E-02   1.7736968E-02
   1781   2.036400000000000E+05   0.0000000E+00   0.0000000E+00
   1782   2.037000000000000E+05   0.0000000E+00   0.0000000E+00
   1783   2.037600000000000E+05   1.7766615E-02   1.7766615E-02
   1784   2.038200000000000E+05   5.3159218E-02   3.0691488E-02
   1785   2.038800000000000E+05   0.0000000E+00   0.0000000E+00
   1786   2.039400000000000E+05   5.3111576E-02   3.0663980E-02
   1787   2.040000000000000E+05   1.7734310E-02   1.7734310E-02
   1788   2.040600000000000E+05   1.7731497E-02   1.7731497E-02
   1789   2.041200000000000E+05   3.5433069E-02   2.5054963E-02
   1790   2.041800000000000E+05   0.0000000E+00   0.0000000E+00
   1791   2.042400000000000E+05   3.5419449E-02   2.5045332E-02
   1792   2.043000000000000E+05   3.5418008E-02   2.5044311E-02
   1793   2.043600000000000E+05   3.5380557E-02   2.5017831E-02
   1794   2.044200000000000E+05   1.7755834E-02   1.7755834E-02
   1795   2.044800000000000E+05   0.0000000E+00   0.0000000E+00
   1796   2.045400000000000E+05   0.0000000E+00   0.0000000E+00
   1797   2.046000000000000E+05   1.7733594E-02   1.7733594E-02
   1798   2.046600000000000E+05   0.0000000E+00   0.0000000E+00
   1799   2.047200000000000E+05   1.7729901E-02   1.7729901E-02
   1800   2.047800000000000E+05   0.0000000E+00   0.0000000E+00
   1801   2.048400000000000E+05   5.3078521E-02   3.0644899E-02
   1802   2.049000000000000E+05   0.0000000E+00   0.0000000E+00
   1803   2.049600000000000E+05   1.7731361E-02   1.7731361E-02
   1804   2.050200000000000E+05   3.5485562E-02   2.5092080E-02
   1805   2.050800000000000E+05   1.7703934E-02   1.7703934E-02
   1806   2.051400000000000E+05   3.5521600E-02   2.5117563E-02
   1807   2.052000000000000E+05   3.5537984E-02   2.5129147E-02
   1808   2.052600000000000E+05   3.5831016E-02   2.5336353E-02
   1809   2.053200000000000E+05   1.7870668E-02   1.7870668E-02
   1810   2.053800000000000E+05   3.5775870E-02   2.5297359E-02
   1811   2.054400000000000E+05   1.8048089E-02   1.8048089E-02
   1812   2.055000000000000E+05   1.7924078E-02   1.7924078E-02
   1813   2.055600000000000E+05   1.8000590E-02   1.8000590E-02
   1814   2.056200000000000E+05   0.0000000E+00   0.0000000E+00
   1815   2.056800000000000E+05   0.0000000E+00   0.0000000E+00
   1816   2.057400000000000E+05   3.6069945E-02   2.5505301E-02
   1817   2.058000000000000E+05   0.0000000E+00   0.0000000E+00
   1818   2.058600000000000E+05   0.0000000E+00   0.0000000E+00
   1819   2.059200000000000E+05   0.0000000E+00   0.0000000E+00
   1820   2.059800000000000E+05   0.0000000E+00   0.0000000E+00
   1821   2.060400000000000E+05   3.5604779E-02   2.5176380E-02
   1822   2.061000000000000E+05   0.0000000E+00   0.0000000E+00
   1823   2.061600000000000E+05   1.7772300E-02   1.7772300E-02
   1824   2.062200000000000E+05   0.0000000E+00   0.0000000E+00
   1825   2.062800000000000E+05   4.1076601E-02   2.9045543E-02
   1826   2.088000000000000E+05   0.0000000E+00   0.0000000E+00
   1827   2.088600000000000E+05   3.8745493E-02   2.7397200E-02
   1828   2.089200000000000E+05   1.7795531E-02   1.7795531E-02
   1829   2.089800000000000E+05   0.0000000E+00   0.0000000E+00
   1830   2.090400000000000E+05   0.0000000E+00   0.0000000E+00
   1831   2.091000000000000E+05   0.0000000E+00   0.0000000E+00
   1832   2.091600000000000E+05   3.5671484E-02   2.5223546E-02
   1833   2.092200000000000E+05   0.0000000E+00   0.0000000E+00
   1834   2.092800000000000E+05   0.0000000E+00   0.0000000E+00
   1835   2.093400000000000E+05   1.7782893E-02   1.7782893E-02
   1836   2.094000000000000E+05   1.7779762E-02   1.7779762E-02
   1837   2.094600000000000E+05   0.0000000E+00   0.0000000E+00
   1838   2.095200000000000E+05   0.0000000E+00   0.0000000E+00
   1839   2.095800000000000E+05   1.7793767E-02   1.7793767E-02
   1840   2.096400000000000E+05   0.0000000E+00   0.0000000E+00
   1841   2.097000000000000E+05   0.0000000E+00   0.0000000E+00
   1842   2.097600000000000E+05   1.7739052E-02   1.7739052E-02
   1843   2.098200000000000E+05   0.0000000E+00   0.0000000E+00
   1844   2.098800000000000E+05   0.0000000E+00   0.0000000E+00
   1845   2.099400000000000E+05   0.0000000E+00   0.0000000E+00
   1846   2.100000000000000E+05   1.7745009E-02   1.7745009E-02
   1847   2.100600000000000E+05   1.7716879E-02   1.7716879E-02
   1848   2.101200000000000E+05   0.0000000E+00   0.0000000E+00
   1849   2.101800000000000E+05   0.0000000E+00   0.0000000E+00
   1850   2.102400000000000E+05   0.0000000E+00   0.0000000E+00
   1851   2.103000000000000E+05   1.7731560E-02   1.7731560E-02
   1852   2.103600000000000E+05   3.5400238E-02   2.5031747E-02
   1853   2.104200000000000E+05   5.3164043E-02   3.0694274E-02
   1854   2.104800000000000E+05   0.0000000E+00   0.0000000E+00
   1855   2.105400000000000E+05   3.5506863E-02   2.5107143E-02
   1856   2.106000000000000E+05   0.0000000E+00   0.0000000E+00
   1857   2.106600000000000E+05   1.7711779E-02   1.7711779E-02
   1858   2.107200000000000E+05   1.7703742E-02   1.7703742E-02
   1859   2.107800000000000E+05   1.7709285E-02   1.7709285E-02
   1860   2.108400000000000E+05   3.5412263E-02   2.5040250E-02
   1861   2.109000000000000E+05   0.0000000E+00   0.0000000E+00
   1862   2.109600000000000E+05   1.7757077E-02   1.7757077E-02
   1863   2.110200000000000E+05   1.7761027E-02   1.7761027E-02
   1864   2.110800000000000E+05   3.5539627E-02   2.5130311E-02
   1865   2.111400000000000E+05   0.0000000E+00   0.0000000E+00
   1866   2.112000000000000E+05   0.0000000E+00   0.0000000E+00
   1867   2.112600000000000E+05   1.7900476E-02   1.7900476E-02
   1868   2.113200000000000E+05   0.0000000E+00   0.0000000E+00
   1869   2.113800000000000E+05   1.7848209E-02   1.7848209E-02
   1870   2.114400000000000E+05   0.0000000E+00   0.0000000E+00
   1871   2.115000000000000E+05   0.0000000E+00   0.0000000E+00
   1872   2.115600000000000E+05   1.8203408E-02   1.8203408E-02
   1873   2.116200000000000E+05   0.0000000E+00   0.0000000E+00
   1874   2.116800000000000E+05   5.3779218E-02   3.1049445E-02
   1875   2.117400000000000E+05   0.0000000E+00   0.0000000E+00
   1876   2.118000000000000E+05   5.4247435E-02   3.1319771E-02
   1877   2.118600000000000E+05   1.8244460E-02   1.8244460E-02
   1878   2.119200000000000E+05   1.7961064E-02   1.7961064E-02
   1879   2.119800000000000E+05   0.0000000E+00   0.0000000E+00
   1880   2.120400000000000E+05   3.5661705E-02   2.5216632E-02
   1881   2.121000000000000E+05   3.2774936E-02   3.2774936E-02
   1882   2.145600000000000E+05   0.0000000E+00   0.0000000E+00
   1883   2.146200000000000E+05   3.5455521E-02   3.5455521E-02
   1884   2.146800000000000E+05   0.0000000E+00   0.0000000E+00
   1885   2.147400000000000E+05   0.0000000E+00   0.0000000E+00
   1886   2.148000000000000E+05   0.0000000E+00   0.0000000E+00
   1887   2.148600000000000E+05   1.7870391E-02   1.7870391E-02
   1888   2.149200000000000E+05   3.5782181E-02   2.5301822E-02
   1889   2.149800000000000E+05   3.5788592E-02   2.5306355E-02
   1890   2.150400000000000E+05   3.5689678E-02   2.5236413E-02
   1891   2.151000000000000E+05   3.5758071E-02   2.5284773E-02
   1892   2.151600000000000E+05   0.0000000E+00   0.0000000E+00
   1893   2.152200000000000E+05   3.5741627E-02   2.5273146E-02
   1894   2.152800000000000E+05   0.0000000E+00   0.0000000E+00
   1895   2.153400000000000E+05   0.0000000E+00   0.0000000E+00
   1896   2.154000000000000E+05   3.5587035E-02   2.5163831E-02
   1897   2.154600000000000E+05   3.5589002E-02   2.5165224E-02
   1898   2.155200000000000E+05   1.7813819E-02   1.7813819E-02
   1899   2.155800000000000E+05   0.0000000E+00   0.0000000E+00
   1900   2.156400000000000E+05   0.0000000E+00   0.0000000E+00
   1901   2.157000000000000E+05   1.7803358E-02   1.7803358E-02
   1902   2.157600000000000E+05   1.7759727E-02   1.7759727E-02
   1903   2.158200000000000E+05   3.5451323E-02   2.5067870E-02
   1904   2.158800000000000E+05   3.5570584E-02   2.5152199E-02
   1905   2.159400000000000E+05   3.5553560E-02   2.5140161E-02
   1906   2.160000000000000E+05   5.3303491E-02   3.0774785E-02
   1907   2.160600000000000E+05   0.0000000E+00   0.0000000E+00
   1908   2.161200000000000E+05   1.7715208E-02   1.7715208E-02
   1909   2.161800000000000E+05   0.0000000E+00   0.0000000E+00
   1910   2.162400000000000E+05   0.0000000E+00   0.0000000E+00
   1911   2.163000000000000E+05   3.5355758E-02   2.5000295E-02
   1912   2.163600000000000E+05   1.7721945E-02   1.7721945E-02
   1913   2.164200000000000E+05   1.7698944E-02   1.7698944E-02
   1914   2.164800000000000E+05   1.7672371E-02   1.7672371E-02
   1915   2.165400000000000E+05   0.0000000E+00   0.0000000E+00
   1916   2.166000000000000E+05   1.7736629E-02   1.7736629E-02
   1917   2.166600000000000E+05   0.0000000E+00   0.0000000E+00
   1918   2.167200000000000E+05   3.5465088E-02   2.5077602E-02
   1919   2.167800000000000E+05   0.0000000E+00   0.0000000E+00
   1920   2.168400000000000E+05   1.7807158E-02   1.7807158E-02
   1921   2.169000000000000E+05   1.7842039E-02   1.7842039E-02
   1922   2.169600000000000E+05   0.0000000E+00   0.0000000E+00
   1923   2.170200000000000E+05   0.0000000E+00   0.0000000E+00
   1924   2.170800000000000E+05   0.0000000E+00   0.0000000E+00
   1925   2.171400000000000E+05   1.7945699E-02   1.7945699E-02
   1926   2.172000000000000E+05   0.0000000E+00   0.0000000E+00
   1927   2.172600000000000E+05   3.6212143E-02   2.5605852E-02
   1928   2.173200000000000E+05   1.8868746E-02   1.8868746E-02
   1929   2.173800000000000E+05   0.0000000E+00   0.0000000E+00
   1930   2.174400000000000E+05   1.7947944E-02   1.7947944E-02
   1931   2.175000000000000E+05   3.5858899E-02   2.5356071E-02
   1932   2.175600000000000E+05   1.7869124E-02   1.7869124E-02
   1933   2.176200000000000E+05   0.0000000E+00   0.0000000E+00
   1934   2.176800000000000E+05   8.9239992E-02   3.9909337E-02
   1935   2.177400000000000E+05   1.7835628E-02   1.7835628E-02
   1936   2.178000000000000E+05   1.7805776E-02   1.7805776E-02
   1937   2.178600000000000E+05   5.3486526E-02   3.0880461E-02
   1938   2.179200000000000E+05   8.1637949E-02   8.1637949E-02
   1939   2.205600000000000E+05   0.0000000E+00   0.0000000E+00
   1940   2.206200000000000E+05   0.0000000E+00   0.0000000E+00
   1941   2.206800000000000E+05   1.8253924E-02   1.8253924E-02
   1942   2.207400000000000E+05   0.0000000E+00   0.0000000E+00
   1943   2.208000000000000E+05   0.0000000E+00   0.0000000E+00
   1944   2.208600000000000E+05   1.7881442E-02   1.7881442E-02
   1945   2.209200000000000E+05   0.0000000E+00   0.0000000E+00
   1946   2.209800000000000E+05   1.7951630E-02   1.7951630E-02
   1947   2.210400000000000E+05   0.0000000E+00   0.0000000E+00
   1948   2.211000000000000E+05   1.7877702E-02   1.7877702E-02
   1949   2.211600000000000E+05   0.0000000E+00   0.0000000E+00
   1950   2.212200000000000E+05   1.7832521E-02   1.7832521E-02
   1951   2.212800000000000E+05   3.5658844E-02   2.5214609E-02
   1952   2.213400000000000E+05   3.5636984E-02   2.5199151E-02
   1953   2.214000000000000E+05   0.0000000E+00   0.0000000E+00
   1954   2.214600000000000E+05   0.0000000E+00   0.0000000E+00
   1955   2.215200000000000E+05   1.7785829E-02   1.7785829E-02
   1956   2.215800000000000E+05   1.7821725E-02   1.7821725E-02
   1957   2.216400000000000E+05   3.5557877E-02   2.5143215E-02
   1958   2.217000000000000E+05   1.7799171E-02   1.7799171E-02
   1959   2.217600000000000E+05   0.0000000E+00   0.0000000E+00
   1960   2.218200000000000E+05   0.0000000E+00   0.0000000E+00
   1961   2.218800000000000E+05   3.5561163E-02   2.5145538E-02
   1962   2.219400000000000E+05   0.0000000E+00   0.0000000E+00
   1963   2.220000000000000E+05   0.0000000E+00   0.0000000E+00
   1964   2.220600000000000E+05   1.7726908E-02   1.7726908E-02
   1965   2.221200000000000E+05   3.5452448E-02   2.5068665E-02
   1966   2.221800000000000E+05   3.5473097E-02   2.5083266E-02
   1967   2.222400000000000E+05   0.0000000E+00   0.0000000E+00
   1968   2.223000000000000E+05   0.0000000E+00   0.0000000E+00
   1969   2.223600000000000E+05   0.0000000E+00   0.0000000E+00
   1970   2.224200000000000E+05   0.0000000E+00   0.0000000E+00
   1971   2.224800000000000E+05   0.0000000E+00   0.0000000E+00
   1972   2.225400000000000E+05   1.7746376E-02   1.7746376E-02
   1973   2.226000000000000E+05   1.7723696E-02   1.7723696E-02
   1974   2.226600000000000E+05   0.0000000E+00   0.0000000E+00
   1975   2.227200000000000E+05   0.0000000E+00   0.0000000E+00
   1976   2.227800000000000E+05   1.7897952E-02   1.7897952E-02
   1977   2.228400000000000E+05   0.0000000E+00   0.0000000E+00
   1978   2.229000000000000E+05   0.0000000E+00   0.0000000E+00
   1979   2.229600000000000E+05   1.7846875E-02   1.7846875E-02
   1980   2.230200000000000E+05   1.7904969E-02   1.7904969E-02
   1981   2.230800000000000E+05   1.7861467E-02   1.7861467E-02
   1982   2.231400000000000E+05   0.0000000E+00   0.0000000E+00
   1983   2.232000000000000E+05   0.0000000E+00   0.0000000E+00
   1984   2.232600000000000E+05   3.6176015E-02   2.5580304E-02
   1985   2.233200000000000E+05   3.6001384E-02   2.5456823E-02
   1986   2.233800000000000E+05   1.8185386E-02   1.8185386E-02
   1987   2.234400000000000E+05   0.0000000E+00   0.0000000E+00
   1988   2.235000000000000E+05   0.0000000E+00   0.0000000E+00
   1989   2.235600000000000E+05   0.0000000E+00   0.0000000E+00
   1990   2.236200000000000E+05   0.0000000E+00   0.0000000E+00
   1991   2.236800000000000E+05   4.0008359E-02   2.8290179E-02
   1992   2.266800000000000E+05   0.0000000E+00   0.0000000E+00
   1993   2.267400000000000E+05   0.0000000E+00   0.0000000E+00
   1994   2.268000000000000E+05   1.9354712E-02   1.9354712E-02
   1995   2.268600000000000E+05   0.0000000E+00   0.0000000E+00
   1996   2.269200000000000E+05   0.0000000E+00   0.0000000E+00
   1997   2.269800000000000E+05   0.0000000E+00   0.0000000E+00
   1998   2.270400000000000E+05   1.7880546E-02   1.7880546E-02
   1999   2.271000000000000E+05   0.0000000E+00   0.0000000E+00
   2000   2.271600000000000E+05   1.7844681E-02   1.7844681E-02
   2001   2.272200000000000E+05   3.5644490E-02   2.5204459E-02
   2002   2.272800000000000E+05   1.7784711E-02   1.7784711E-02
   2003   2.273400000000000E+05   0.0000000E+00   0.0000000E+00
   2004   2.274000000000000E+05   0.0000000E+00   0.0000000E+00
   2005   2.274600000000000E+05   1.7792871E-02   1.7792871E-02
   2006   2.275200000000000E+05   1.7780026E-02   1.7780026E-02
   2007   2.275800000000000E+05   0.0000000E+00   0.0000000E+00
   2008   2.276400000000000E+05   0.0000000E+00   0.0000000E+00
   2009   2.277000000000000E+05   1.7784439E-02   1.7784439E-02
   2010   2.277600000000000E+05   0.0000000E+00   0.0000000E+00
   2011   2.278200000000000E+05   3.5484441E-02   2.5091287E-02
   2012   2.278800000000000E+05   1.7728413E-02   1.7728413E-02
   2013   2.279400000000000E+05   0.0000000E+00   0.0000000E+00
   2014   2.280000000000000E+05   0.0000000E+00   0.0000000E+00
   2015   2.280600000000000E+05   1.7706981E-02   1.7706981E-02
   2016   2.281200000000000E+05   0.0000000E+00   0.0000000E+00
   2017   2.281800000000000E+05   7.0840210E-02   3.5420105E-02
   2018   2.282400000000000E+05   1.7755199E-02   1.7755199E-02
   2019   2.283000000000000E+05   0.0000000E+00   0.0000000E+00
   2020   2.283600000000000E+05   0.0000000E+00   0.0000000E+00
   2021   2.284200000000000E+05   1.7776571E-02   1.7776571E-02
   2022   2.284800000000000E+05   1.7844748E-02   1.7844748E-02
   2023   2.285400000000000E+05   0.0000000E+00   0.0000000E+00
   2024   2.286000000000000E+05   1.7873149E-02   1.7873149E-02
   2025   2.286600000000000E+05   1.7909676E-02   1.7909676E-02
   2026   2.287200000000000E+05   1.8011926E-02   1.8011926E-02
   2027   2.287800000000000E+05   0.0000000E+00   0.0000000E+00
   2028   2.288400000000000E+05   5.3849481E-02   3.1090012E-02
   2029   2.289000000000000E+05   1.8010782E-02   1.8010782E-02
   2030   2.289600000000000E+05   0.0000000E+00   0.0000000E+00
   2031   2.290200000000000E+05   1.8166261E-02   1.8166261E-02
   2032   2.290800000000000E+05   1.8028975E-02   1.8028975E-02
   2033   2.291400000000000E+05   1.0831556E-01   4.4219643E-02
   2034   2.292000000000000E+05   0.0000000E+00   0.0000000E+00
   2035   2.292600000000000E+05   0.0000000E+00   0.0000000E+00
   2036   2.293200000000000E+05   0.0000000E+00   0.0000000E+00
   2037   2.293800000000000E+05   1.7763870E-02   1.7763870E-02
   2038   2.294400000000000E+05   1.7762799E-02   1.7762799E-02
   2039   2.295000000000000E+05   3.1280581E-02   3.1280581E-02
   2040   2.328600000000000E+05   4.4943839E-02   3.1780094E-02
   2041   2.329200000000000E+05   2.0090181E-02   2.0090181E-02
   2042   2.329800000000000E+05   1.8727122E-02   1.8727122E-02
   2043   2.330400000000000E+05   5.4233961E-02   3.1311989E-02
   2044   2.331000000000000E+05   1.7890576E-02   1.7890576E-02
   2045   2.331600000000000E+05   1.7798137E-02   1.7798137E-02
   2046   2.332200000000000E+05   1.7822625E-02   1.7822625E-02
   2047   2.332800000000000E+05   0.0000000E+00   0.0000000E+00
   2048   2.333400000000000E+05   1.7795876E-02   1.7795876E-02
   2049   2.334000000000000E+05   0.0000000E+00   0.0000000E+00
   2050   2.334600000000000E+05   0.0000000E+00   0.0000000E+00
   2051   2.335200000000000E+05   0.0000000E+00   0.0000000E+00
   2052   2.335800000000000E+05   1.7774008E-02   1.7774008E-02
   2053   2.336400000000000E+05   3.5537016E-02   2.5128463E-02
   2054   2.337000000000000E+05   1.7751580E-02   1.7751580E-02
   2055   2.337600000000000E+05   0.0000000E+00   0.0000000E+00
   2056   2.338200000000000E+05   1.7717222E-02   1.7717222E-02
   2057   2.338800000000000E+05   0.0000000E+00   0.0000000E+00
   2058   2.339400000000000E+05   1.7737731E-02   1.7737731E-02
   2059   2.340000000000000E+05   0.0000000E+00   0.0000000E+00
   2060   2.340600000000000E+05   0.0000000E+00   0.0000000E+00
   2061   2.341200000000000E+05   1.7753702E-02   1.7753702E-02
   2062   2.341800000000000E+05   1.7826807E-02   1.7826807E-02
   2063   2.342400000000000E+05   0.0000000E+00   0.0000000E+00
   2064   2.343000000000000E+05   1.7920488E-02   1.7920488E-02
   2065   2.343600000000000E+05   0.0000000E+00   0.0000000E+00
   2066   2.344200000000000E+05   0.0000000E+00   0.0000000E+00
   2067   2.344800000000000E+05   3.5998009E-02   2.5454434E-02
   2068   2.345400000000000E+05   0.0000000E+00   0.0000000E+00
   2069   2.346000000000000E+05   1.7952034E-02   1.7952034E-02
   2070   2.346600000000000E+05   1.8101115E-02   1.8101115E-02
   2071   2.347200000000000E+05   1.7940570E-02   1.7940570E-02
   2072   2.347800000000000E+05   0.0000000E+00   0.0000000E+00
   2073   2.348400000000000E+05   1.8001236E-02   1.8001236E-02
   2074   2.349000000000000E+05   0.0000000E+00   0.0000000E+00
   2075   2.349600000000000E+05   1.7805696E-02   1.7805696E-02
   2076   2.350200000000000E+05   1.7755752E-02   1.7755752E-02
   2077   2.350800000000000E+05   1.7779704E-02   1.7779704E-02
   2078   2.351400000000000E+05   3.5419676E-02   2.5045492E-02
   2079   2.352000000000000E+05   2.1355523E-02   2.1355523E-02
   2080   2.352600000000000E+05   5.4108784E-02   3.8260687E-02
   2081   2.353200000000000E+05   0.0000000E+00   0.0000000E+00
   2082   2.377800000000000E+05   0.0000000E+00   0.0000000E+00
   2083   2.378400000000000E+05   0.0000000E+00   0.0000000E+00
   2084   2.379000000000000E+05   1.7802123E-02   1.7802123E-02
   2085   2.379600000000000E+05   5.3519916E-02   3.0899735E-02
   2086   2.380200000000000E+05   0.0000000E+00   0.0000000E+00
   2087   2.380800000000000E+05   0.0000000E+00   0.0000000E+00
   2088   2.388000000000000E+05   0.0000000E+00   0.0000000E+00
   2089   2.388600000000000E+05   2.2218175E-02   2.2218175E-02
   2090   2.389200000000000E+05   0.0000000E+00   0.0000000E+00
   2091   2.389800000000000E+05   0.0000000E+00   0.0000000E+00
   2092   2.390400000000000E+05   0.0000000E+00   0.0000000E+00
   2093   2.391000000000000E+05   0.0000000E+00   0.0000000E+00
   2094   2.391600000000000E+05   0.0000000E+00   0.0000000E+00
   2095   2.392200000000000E+05   3.5976660E-02   2.5439339E-02
   2096   2.392800000000000E+05   1.7856592E-02   1.7856592E-02
   2097   2.393400000000000E+05   1.7845616E-02   1.7845616E-02
   2098   2.394000000000000E+05   3.5591543E-02   2.5167020E-02
   2099   2.394600000000000E+05   0.0000000E+00   0.0000000E+00
   2100   2.395200000000000E+05   1.7739618E-02   1.7739618E-02
   2101   2.395800000000000E+05   0.0000000E+00   0.0000000E+00
   2102   2.396400000000000E+05   5.3232234E-02   3.0733645E-02
   2103   2.397000000000000E+05   0.0000000E+00   0.0000000E+00
   2104   2.397600000000000E+05   1.7727433E-02   1.7727433E-02
   2105   2.398200000000000E+05   0.0000000E+00   0.0000000E+00
   2106   2.398800000000000E+05   0.0000000E+00   0.0000000E+00
   2107   2.399400000000000E+05   0.0000000E+00   0.0000000E+00
   2108   2.400000000000000E+05   0.0000000E+00   0.0000000E+00
   2109   2.400600000000000E+05   1.7865004E-02   1.7865004E-02
   2110   2.401200000000000E+05   0.0000000E+00   0.0000000E+00
   2111   2.401800000000000E+05   1.8051060E-02   1.8051060E-02
   2112   2.402400000000000E+05   1.7945349E-02   1.7945349E-02
   2113   2.403000000000000E+05   1.7901182E-02   1.7901182E-02
   2114   2.403600000000000E+05   0.0000000E+00   0.0000000E+00
   2115   2.404200000000000E+05   0.0000000E+00   0.0000000E+00
   2116   2.404800000000000E+05   1.7952209E-02   1.7952209E-02
   2117   2.405400000000000E+05   5.5775914E-02   3.2202240E-02
   2118   2.406000000000000E+05   3.6426932E-02   2.5757730E-02
   2119   2.406600000000000E+05   1.7935479E-02   1.7935479E-02
   2120   2.407200000000000E+05   3.5671812E-02   2.5223779E-02
   2121   2.407800000000000E+05   1.7754298E-02   1.7754298E-02
   2122   2.408400000000000E+05   0.0000000E+00   0.0000000E+00
   2123   2.409000000000000E+05   1.7758036E-02   1.7758036E-02
   2124   2.409600000000000E+05   1.7762447E-02   1.7762447E-02
   2125   2.410200000000000E+05   0.0000000E+00   0.0000000E+00
   2126   2.410800000000000E+05   0.0000000E+00   0.0000000E+00
   2127   2.436000000000000E+05   3.0815480E-02   3.0815480E-02
   2128   2.436600000000000E+05   1.7821673E-02   1.7821673E-02
   2129   2.437200000000000E+05   0.0000000E+00   0.0000000E+00
   2130   2.437800000000000E+05   0.0000000E+00   0.0000000E+00
   2131   2.438400000000000E+05   3.5634413E-02   2.5197335E-02
   2132   2.439000000000000E+05   0.0000000E+00   0.0000000E+00
   2133   2.439600000000000E+05   3.5738327E-02   2.5270812E-02
   2134   2.440200000000000E+05   0.0000000E+00   0.0000000E+00
   2135   2.440800000000000E+05   0.0000000E+00   0.0000000E+00
   2136   2.446200000000000E+05   0.0000000E+00   0.0000000E+00
   2137   2.446800000000000E+05   1.7778540E-02   1.7778540E-02
   2138   2.447400000000000E+05   3.5594508E-02   2.5169117E-02
   2139   2.448000000000000E+05   0.0000000E+00   0.0000000E+00
   2140   2.448600000000000E+05   1.7795544E-02   1.7795544E-02
   2141   2.449200000000000E+05   1.7812597E-02   1.7812597E-02
   2142   2.449800000000000E+05   1.7873462E-02   1.7873462E-02
   2143   2.450400000000000E+05   0.0000000E+00   0.0000000E+00
   2144   2.451000000000000E+05   0.0000000E+00   0.0000000E+00
   2145   2.451600000000000E+05   1.8157199E-02   1.8157199E-02
   2146   2.452200000000000E+05   3.6411103E-02   2.5746537E-02
   2147   2.452800000000000E+05   1.8044559E-02   1.8044559E-02
   2148   2.453400000000000E+05   0.0000000E+00   0.0000000E+00
   2149   2.454000000000000E+05   1.7879533E-02   1.7879533E-02
   2150   2.454600000000000E+05   1.7842568E-02   1.7842568E-02
   2151   2.455200000000000E+05   0.0000000E+00   0.0000000E+00
   2152   2.455800000000000E+05   1.7778115E-02   1.7778115E-02
   2153   2.456400000000000E+05   1.7801246E-02   1.7801246E-02
   2154   2.457000000000000E+05   1.7737309E-02   1.7737309E-02
   2155   2.457600000000000E+05   0.0000000E+00   0.0000000E+00
   2156   2.458200000000000E+05   0.0000000E+00   0.0000000E+00
   2157   2.458800000000000E+05   3.5621271E-02   2.5188040E-02
   2158   2.459400000000000E+05   3.5751950E-02   2.5280446E-02
   2159   2.460000000000000E+05   3.5856031E-02   2.5354041E-02
   2160   2.460600000000000E+05   3.5874460E-02   2.5367074E-02
   2161   2.461200000000000E+05   3.5968825E-02   2.5433799E-02
   2162   2.461800000000000E+05   1.8176656E-02   1.8176656E-02
   2163   2.462400000000000E+05   1.7905127E-02   1.7905127E-02
   2164   2.463000000000000E+05   0.0000000E+00   0.0000000E+00
   2165   2.463600000000000E+05   1.8318955E-02   1.8318955E-02
   2166   2.464200000000000E+05   0.0000000E+00   0.0000000E+00
   2167   2.464800000000000E+05   0.0000000E+00   0.0000000E+00
   2168   2.465400000000000E+05   1.7908135E-02   1.7908135E-02
   2169   2.466000000000000E+05   0.0000000E+00   0.0000000E+00
   2170   2.466600000000000E+05   0.0000000E+00   0.0000000E+00
   2171   2.467200000000000E+05   1.7827457E-02   1.7827457E-02
   2172   2.467800000000000E+05   1.7838469E-02   1.7838469E-02
   2173   2.468400000000000E+05   1.7769031E-02   1.7769031E-02
   2174   2.469000000000000E+05   0.0000000E+00   0.0000000E+00
   2175   2.493600000000000E+05   0.0000000E+00   0.0000000E+00
   2176   2.494200000000000E+05   2.3059200E-02   2.3059200E-02
   2177   2.494800000000000E+05   1.7808329E-02   1.7808329E-02
   2178   2.495400000000000E+05   3.5604652E-02   2.5176290E-02
   2179   2.496000000000000E+05   1.7815018E-02   1.7815018E-02
   2180   2.496600000000000E+05   1.7787067E-02   1.7787067E-02
   2181   2.497200000000000E+05   3.5655528E-02   2.5212266E-02
   2182   2.497800000000000E+05   1.7861314E-02   1.7861314E-02
   2183   2.498400000000000E+05   1.7823661E-02   1.7823661E-02
   2184   2.499000000000000E+05   3.5648201E-02   2.5207084E-02
   2185   2.499600000000000E+05   0.0000000E+00   0.0000000E+00
   2186   2.500200000000000E+05   3.5589371E-02   2.5165485E-02
   2187   2.500800000000000E+05   1.7810645E-02   1.7810645E-02
   2188   2.501400000000000E+05   0.0000000E+00   0.0000000E+00
   2189   2.502000000000000E+05   0.0000000E+00   0.0000000E+00
   2190   2.502600000000000E+05   0.0000000E+00   0.0000000E+00
   2191   2.506800000000000E+05   0.0000000E+00   0.0000000E+00
   2192   2.507400000000000E+05   1.7757341E-02   1.7757341E-02
   2193   2.508000000000000E+05   1.7794702E-02   1.7794702E-02
   2194   2.508600000000000E+05   1.7766757E-02   1.7766757E-02
   2195   2.509200000000000E+05   1.7711662E-02   1.7711662E-02
   2196   2.509800000000000E+05   0.0000000E+00   0.0000000E+00
   2197   2.510400000000000E+05   0.0000000E+00   0.0000000E+00
   2198   2.511000000000000E+05   1.7765142E-02   1.7765142E-02
   2199   2.511600000000000E+05   1.7752616E-02   1.7752616E-02
   2200   2.512200000000000E+05   3.5354640E-02   2.4999505E-02
   2201   2.512800000000000E+05   0.0000000E+00   0.0000000E+00
   2202   2.513400000000000E+05   0.0000000E+00   0.0000000E+00
   2203   2.514000000000000E+05   1.7916175E-02   1.7916175E-02
   2204   2.514600000000000E+05   0.0000000E+00   0.0000000E+00
   2205   2.515200000000000E+05   3.5914339E-02   2.5395270E-02
   2206   2.515800000000000E+05   1.7980855E-02   1.7980855E-02
   2207   2.516400000000000E+05   1.7909128E-02   1.7909128E-02
   2208   2.517000000000000E+05   3.5805214E-02   2.5318110E-02
   2209   2.517600000000000E+05   0.0000000E+00   0.0000000E+00
   2210   2.518200000000000E+05   1.7851993E-02   1.7851993E-02
   2211   2.518800000000000E+05   1.7859710E-02   1.7859710E-02
   2212   2.519400000000000E+05   0.0000000E+00   0.0000000E+00
   2213   2.520000000000000E+05   0.0000000E+00   0.0000000E+00
   2214   2.520600000000000E+05   1.7944006E-02   1.7944006E-02
   2215   2.521200000000000E+05   1.7978653E-02   1.7978653E-02
   2216   2.521800000000000E+05   1.8139957E-02   1.8139957E-02
   2217   2.522400000000000E+05   1.7959043E-02   1.7959043E-02
   2218   2.523000000000000E+05   0.0000000E+00   0.0000000E+00
   2219   2.523600000000000E+05   0.0000000E+00   0.0000000E+00
   2220   2.524200000000000E+05   0.0000000E+00   0.0000000E+00
   2221   2.524800000000000E+05   0.0000000E+00   0.0000000E+00
   2222   2.525400000000000E+05   1.7775051E-02   1.7775051E-02
   2223   2.526000000000000E+05   0.0000000E+00   0.0000000E+00
   2224   2.526600000000000E+05   0.0000000E+00   0.0000000E+00
   2225   2.527200000000000E+05   6.7327268E-02   6.7327268E-02
   2226   2.551800000000000E+05   0.0000000E+00   0.0000000E+00
   2227   2.552400000000000E+05   1.8765606E-02   1.8765606E-02
   2228   2.553000000000000E+05   0.0000000E+00   0.0000000E+00
   2229   2.553600000000000E+05   8.9029640E-02   3.9815266E-02
   2230   2.554200000000000E+05   7.1177684E-02   3.5588842E-02
   2231   2.554800000000000E+05   3.5663910E-02   2.5218191E-02
   2232   2.555400000000000E+05   0.0000000E+00   0.0000000E+00
   2233   2.556000000000000E+05   1.7793251E-02   1.7793251E-02
   2234   2.556600000000000E+05   1.7772520E-02   1.7772520E-02
   2235   2.557200000000000E+05   0.0000000E+00   0.0000000E+00
   2236   2.557800000000000E+05   0.0000000E+00   0.0000000E+00
   2237   2.558400000000000E+05   0.0000000E+00   0.0000000E+00
   2238   2.559000000000000E+05   3.5600744E-02   2.5173528E-02
   2239   2.559600000000000E+05   1.7850481E-02   1.7850481E-02
   2240   2.560200000000000E+05   1.7781666E-02   1.7781666E-02
   2241   2.560800000000000E+05   5.3387966E-02   3.0823557E-02
   2242   2.561400000000000E+05   0.0000000E+00   0.0000000E+00
   2243   2.562000000000000E+05   0.0000000E+00   0.0000000E+00
   2244   2.562600000000000E+05   1.7772146E-02   1.7772146E-02
   2245   2.563200000000000E+05   5.3448565E-02   3.0858543E-02
   2246   2.563800000000000E+05   1.7764881E-02   1.7764881E-02
   2247   2.564400000000000E+05   0.0000000E+00   0.0000000E+00
   2248   2.565000000000000E+05   0.0000000E+00   0.0000000E+00
   2249   2.565600000000000E+05   0.0000000E+00   0.0000000E+00
   2250   2.569200000000000E+05   0.0000000E+00   0.0000000E+00
   2251   2.569800000000000E+05   0.0000000E+00   0.0000000E+00
   2252   2.570400000000000E+05   0.0000000E+00   0.0000000E+00
   2253   2.571000000000000E+05   1.7733831E-02   1.7733831E-02
   2254   2.571600000000000E+05   1.7754460E-02   1.7754460E-02
   2255   2.572200000000000E+05   0.0000000E+00   0.0000000E+00
   2256   2.572800000000000E+05   0.0000000E+00   0.0000000E+00
   2257   2.573400000000000E+05   1.7793106E-02   1.7793106E-02
   2258   2.574000000000000E+05   5.3476013E-02   3.0874390E-02
   2259   2.574600000000000E+05   5.3509090E-02   3.0893486E-02
   2260   2.575200000000000E+05   0.0000000E+00   0.0000000E+00
   2261   2.575800000000000E+05   0.0000000E+00   0.0000000E+00
   2262   2.576400000000000E+05   0.0000000E+00   0.0000000E+00
   2263   2.577000000000000E+05   0.0000000E+00   0.0000000E+00
   2264   2.577600000000000E+05   1.8320069E-02   1.8320069E-02
   2265   2.578200000000000E+05   0.0000000E+00   0.0000000E+00
   2266   2.578800000000000E+05   0.0000000E+00   0.0000000E+00
   2267   2.579400000000000E+05   1.8214699E-02   1.8214699E-02
   2268   2.580000000000000E+05   0.0000000E+00   0.0000000E+00
   2269   2.580600000000000E+05   1.8023100E-02   1.8023100E-02
   2270   2.581200000000000E+05   7.1519576E-02   3.5759788E-02
   2271   2.581800000000000E+05   1.7826917E-02   1.7826917E-02
   2272   2.582400000000000E+05   1.7769508E-02   1.7769508E-02
   2273   2.583000000000000E+05   1.7806286E-02   1.7806286E-02
   2274   2.583600000000000E+05   0.0000000E+00   0.0000000E+00
   2275   2.584200000000000E+05   5.3329386E-02   3.0789735E-02
   2276   2.584800000000000E+05   1.8875951E-02   1.8875951E-02
   2277   2.610000000000000E+05   0.0000000E+00   0.0000000E+00
   2278   2.610600000000000E+05   0.0000000E+00   0.0000000E+00
   2279   2.611200000000000E+05   0.0000000E+00   0.0000000E+00
   2280   2.611800000000000E+05   0.0000000E+00   0.0000000E+00
   2281   2.612400000000000E+05   0.0000000E+00   0.0000000E+00
   2282   2.613000000000000E+05   1.7776202E-02   1.7776202E-02
   2283   2.613600000000000E+05   5.3276129E-02   3.0758986E-02
   2284   2.614200000000000E+05   3.5562340E-02   2.5146373E-02
   2285   2.614800000000000E+05   1.7796470E-02   1.7796470E-02
   2286   2.615400000000000E+05   5.3368654E-02   3.0812407E-02
   2287   2.616000000000000E+05   1.7765546E-02   1.7765546E-02
   2288   2.616600000000000E+05   1.7778059E-02   1.7778059E-02
   2289   2.617200000000000E+05   0.0000000E+00   0.0000000E+00
   2290   2.617800000000000E+05   1.7775154E-02   1.7775154E-02
   2291   2.618400000000000E+05   1.7797265E-02   1.7797265E-02
   2292   2.619000000000000E+05   1.7779583E-02   1.7779583E-02
   2293   2.619600000000000E+05   0.0000000E+00   0.0000000E+00
   2294   2.620200000000000E+05   1.7801115E-02   1.7801115E-02
   2295   2.620800000000000E+05   1.7789323E-02   1.7789323E-02
   2296   2.621400000000000E+05   1.7769493E-02   1.7769493E-02
   2297   2.622000000000000E+05   0.0000000E+00   0.0000000E+00
   2298   2.622600000000000E+05   1.7728629E-02   1.7728629E-02
   2299   2.623200000000000E+05   1.7703401E-02   1.7703401E-02
   2300   2.623800000000000E+05   0.0000000E+00   0.0000000E+00
   2301   2.624400000000000E+05   0.0000000E+00   0.0000000E+00
   2302   2.625000000000000E+05   3.5506602E-02   2.5106959E-02
   2303   2.625600000000000E+05   0.0000000E+00   0.0000000E+00
   2304   2.626200000000000E+05   1.7785931E-02   1.7785931E-02
   2305   2.626800000000000E+05   1.7807653E-02   1.7807653E-02
   2306   2.627400000000000E+05   0.0000000E+00   0.0000000E+00
   2307   2.631000000000000E+05   0.0000000E+00   0.0000000E+00
   2308   2.631600000000000E+05   0.0000000E+00   0.0000000E+00
   2309   2.632200000000000E+05   3.5637438E-02   2.5199475E-02
   2310   2.632800000000000E+05   0.0000000E+00   0.0000000E+00
   2311   2.633400000000000E+05   0.0000000E+00   0.0000000E+00
   2312   2.634000000000000E+05   0.0000000E+00   0.0000000E+00
   2313   2.634600000000000E+05   1.7865974E-02   1.7865974E-02
   2314   2.635200000000000E+05   0.0000000E+00   0.0000000E+00
   2315   2.635800000000000E+05   1.7956328E-02   1.7956328E-02
   2316   2.636400000000000E+05   3.6195826E-02   2.5594313E-02
   2317   2.637000000000000E+05   3.6526795E-02   2.5828343E-02
   2318   2.637600000000000E+05   1.8443607E-02   1.8443607E-02
   2319   2.638200000000000E+05   1.9661555E-02   1.9661555E-02
   2320   2.638800000000000E+05   0.0000000E+00   0.0000000E+00
   2321   2.639400000000000E+05   0.0000000E+00   0.0000000E+00
   2322   2.640000000000000E+05   0.0000000E+00   0.0000000E+00
   2323   2.640600000000000E+05   0.0000000E+00   0.0000000E+00
   2324   2.641200000000000E+05   1.8164154E-02   1.8164154E-02
   2325   2.641800000000000E+05   0.0000000E+00   0.0000000E+00
   2326   2.642400000000000E+05   0.0000000E+00   0.0000000E+00
   2327   2.643000000000000E+05   0.0000000E+00   0.0000000E+00
   2328   2.668200000000000E+05   4.9766931E-01   4.9766931E-01
   2329   2.668800000000000E+05   0.0000000E+00   0.0000000E+00
   2330   2.669400000000000E+05   0.0000000E+00   0.0000000E+00
   2331   2.670000000000000E+05   3.5503544E-02   2.5104797E-02
   2332   2.670600000000000E+05   1.7781064E-02   1.7781064E-02
   2333   2.671200000000000E+05   1.7747868E-02   1.7747868E-02
   2334   2.671800000000000E+05   0.0000000E+00   0.0000000E+00
   2335   2.672400000000000E+05   0.0000000E+00   0.0000000E+00
   2336   2.673000000000000E+05   3.5517853E-02   2.5114914E-02
   2337   2.673600000000000E+05   0.0000000E+00   0.0000000E+00
   2338   2.674200000000000E+05   0.0000000E+00   0.0000000E+00
   2339   2.674800000000000E+05   1.7730387E-02   1.7730387E-02
   2340   2.675400000000000E+05   1.7749077E-02   1.7749077E-02
   2341   2.676000000000000E+05   0.0000000E+00   0.0000000E+00
   2342   2.676600000000000E+05   3.5584144E-02   2.5161788E-02
   2343   2.677200000000000E+05   0.0000000E+00   0.0000000E+00
   2344   2.677800000000000E+05   1.7772254E-02   1.7772254E-02
   2345   2.678400000000000E+05   0.0000000E+00   0.0000000E+00
   2346   2.679000000000000E+05   0.0000000E+00   0.0000000E+00
   2347   2.679600000000000E+05   1.7788472E-02   1.7788472E-02
   2348   2.680200000000000E+05   1.7736077E-02   1.7736077E-02
   2349   2.680800000000000E+05   0.0000000E+00   0.0000000E+00
   2350   2.681400000000000E+05   0.0000000E+00   0.0000000E+00
   2351   2.682000000000000E+05   0.0000000E+00   0.0000000E+00
   2352   2.682600000000000E+05   1.7732104E-02   1.7732104E-02
   2353   2.683200000000000E+05   1.7771224E-02   1.7771224E-02
   2354   2.683800000000000E+05   1.7772419E-02   1.7772419E-02
   2355   2.684400000000000E+05   0.0000000E+00   0.0000000E+00
   2356   2.685000000000000E+05   1.7747289E-02   1.7747289E-02
   2357   2.685600000000000E+05   0.0000000E+00   0.0000000E+00
   2358   2.686200000000000E+05   3.5568889E-02   2.5151003E-02
   2359   2.686800000000000E+05   1.7752353E-02   1.7752353E-02
   2360   2.687400000000000E+05   1.7715238E-02   1.7715238E-02
   2361   2.688000000000000E+05   1.7745012E-02   1.7745012E-02
   2362   2.688600000000000E+05   0.0000000E+00   0.0000000E+00
   2363   2.689200000000000E+05   0.0000000E+00   0.0000000E+00
   2364   2.689800000000000E+05   3.5794582E-02   2.5310591E-02
   2365   2.690400000000000E+05   0.0000000E+00   0.0000000E+00
   2366   2.693400000000000E+05   0.0000000E+00   0.0000000E+00
   2367   2.694000000000000E+05   0.0000000E+00   0.0000000E+00
   2368   2.694600000000000E+05   1.7983248E-02   1.7983248E-02
   2369   2.695200000000000E+05   5.3933382E-02   3.1138452E-02
   2370   2.695800000000000E+05   0.0000000E+00   0.0000000E+00
   2371   2.696400000000000E+05   3.5881139E-02   2.5371796E-02
   2372   2.697000000000000E+05   0.0000000E+00   0.0000000E+00
   2373   2.697600000000000E+05   1.7885499E-02   1.7885499E-02
   2374   2.698200000000000E+05   0.0000000E+00   0.0000000E+00
   2375   2.698800000000000E+05   1.9174377E-02   1.9174377E-02
   2376   2.699400000000000E+05   0.0000000E+00   0.0000000E+00
   2377   2.700000000000000E+05   2.3976797E-02   2.3976797E-02
   2378   2.700600000000000E+05   2.5185511E-02   2.5185511E-02
   2379   2.701200000000000E+05   0.0000000E+00   0.0000000E+00
   2380   2.725800000000000E+05   0.0000000E+00   0.0000000E+00
   2381   2.726400000000000E+05   3.8370576E-02   2.7132094E-02
   2382   2.727000000000000E+05   1.7757436E-02   1.7757436E-02
   2383   2.727600000000000E+05   0.0000000E+00   0.0000000E+00
   2384   2.728200000000000E+05   1.7750027E-02   1.7750027E-02
   2385   2.728800000000000E+05   3.5477571E-02   2.5086431E-02
   2386   2.729400000000000E+05   1.7734293E-02   1.7734293E-02
   2387   2.730000000000000E+05   0.0000000E+00   0.0000000E+00
   2388   2.730600000000000E+05   0.0000000E+00   0.0000000E+00
   2389   2.731200000000000E+05   0.0000000E+00   0.0000000E+00
   2390   2.731800000000000E+05   5.3374983E-02   3.0816061E-02
   2391   2.732400000000000E+05   1.7741581E-02   1.7741581E-02
   2392   2.733000000000000E+05   3.5485353E-02   2.5091933E-02
   2393   2.733600000000000E+05   0.0000000E+00   0.0000000E+00
   2394   2.734200000000000E+05   1.7770926E-02   1.7770926E-02
   2395   2.734800000000000E+05   0.0000000E+00   0.0000000E+00
   2396   2.735400000000000E+05   1.7723324E-02   1.7723324E-02
   2397   2.736000000000000E+05   1.7748514E-02   1.7748514E-02
   2398   2.736600000000000E+05   3.5501957E-02   2.5103673E-02
   2399   2.737200000000000E+05   0.0000000E+00   0.0000000E+00
   2400   2.737800000000000E+05   0.0000000E+00   0.0000000E+00
   2401   2.738400000000000E+05   0.0000000E+00   0.0000000E+00
   2402   2.739000000000000E+05   3.5511199E-02   2.5110207E-02
   2403   2.739600000000000E+05   1.7786290E-02   1.7786290E-02
   2404   2.740200000000000E+05   1.7739210E-02   1.7739210E-02
   2405   2.740800000000000E+05   3.5450369E-02   2.5067193E-02
   2406   2.741400000000000E+05   1.7719129E-02   1.7719129E-02
   2407   2.742000000000000E+05   1.7737871E-02   1.7737871E-02
   2408   2.742600000000000E+05   0.0000000E+00   0.0000000E+00
   2409   2.743200000000000E+05   3.5494827E-02   2.5098633E-02
   2410   2.743800000000000E+05   1.7705213E-02   1.7705213E-02
   2411   2.744400000000000E+05   0.0000000E+00   0.0000000E+00
   2412   2.745000000000000E+05   0.0000000E+00   0.0000000E+00
   2413   2.745600000000000E+05   0.0000000E+00   0.0000000E+00
   2414   2.746200000000000E+05   1.7789362E-02   1.7789362E-02
   2415   2.746800000000000E+05   1.7805828E-02   1.7805828E-02
   2416   2.747400000000000E+05   1.7772434E-02   1.7772434E-02
   2417   2.748000000000000E+05   1.7809512E-02   1.7809512E-02
   2418   2.748600000000000E+05   1.7835101E-02   1.7835101E-02
   2419   2.749200000000000E+05   1.7839024E-02   1.7839024E-02
   2420   2.749800000000000E+05   0.0000000E+00   0.0000000E+00
   2421   2.750400000000000E+05   1.7938402E-02   1.7938402E-02
   2422   2.751000000000000E+05   0.0000000E+00   0.0000000E+00
   2423   2.751600000000000E+05   0.0000000E+00   0.0000000E+00
   2424   2.752200000000000E+05   6.1924942E-02   4.3787546E-02
   2425   2.756400000000000E+05   0.0000000E+00   0.0000000E+00
   2426   2.757000000000000E+05   1.7864035E-02   1.7864035E-02
   2427   2.757600000000000E+05   3.5647288E-02   2.5206437E-02
   2428   2.758200000000000E+05   1.7767470E-02   1.7767470E-02
   2429   2.758800000000000E+05   3.7167188E-02   2.6281172E-02
   2430   2.784000000000000E+05   0.0000000E+00   0.0000000E+00
   2431   2.784600000000000E+05   0.0000000E+00   0.0000000E+00
   2432   2.785200000000000E+05   0.0000000E+00   0.0000000E+00
   2433   2.785800000000000E+05   1.7766444E-02   1.7766444E-02
   2434   2.786400000000000E+05   0.0000000E+00   0.0000000E+00
   2435   2.787000000000000E+05   1.7729538E-02   1.7729538E-02
   2436   2.787600000000000E+05   0.0000000E+00   0.0000000E+00
   2437   2.788200000000000E+05   0.0000000E+00   0.0000000E+00
   2438   2.788800000000000E+05   0.0000000E+00   0.0000000E+00
   2439   2.789400000000000E+05   0.0000000E+00   0.0000000E+00
   2440   2.790000000000000E+05   1.7762145E-02   1.7762145E-02
   2441   2.790600000000000E+05   3.5452075E-02   2.5068400E-02
   2442   2.791200000000000E+05   0.0000000E+00   0.0000000E+00
   2443   2.791800000000000E+05   0.0000000E+00   0.0000000E+00
   2444   2.792400000000000E+05   0.0000000E+00   0.0000000E+00
   2445   2.793000000000000E+05   3.5474237E-02   2.5084073E-02
   2446   2.793600000000000E+05   1.7741235E-02   1.7741235E-02
   2447   2.794200000000000E+05   1.7700464E-02   1.7700464E-02
   2448   2.794800000000000E+05   0.0000000E+00   0.0000000E+00
   2449   2.795400000000000E+05   0.0000000E+00   0.0000000E+00
   2450   2.796000000000000E+05   1.7741892E-02   1.7741892E-02
   2451   2.796600000000000E+05   0.0000000E+00   0.0000000E+00
   2452   2.797200000000000E+05   1.7755367E-02   1.7755367E-02
   2453   2.797800000000000E+05   1.7744970E-02   1.7744970E-02
   2454   2.798400000000000E+05   1.7701935E-02   1.7701935E-02
   2455   2.799000000000000E+05   0.0000000E+00   0.0000000E+00
   2456   2.799600000000000E+05   1.7744107E-02   1.7744107E-02
   2457   2.800200000000000E+05   0.0000000E+00   0.0000000E+00
   2458   2.800800000000000E+05   1.7754728E-02   1.7754728E-02
   2459   2.801400000000000E+05   1.7719928E-02   1.7719928E-02
   2460   2.802000000000000E+05   0.0000000E+00   0.0000000E+00
   2461   2.802600000000000E+05   5.3250652E-02   3.0744277E-02
   2462   2.803200000000000E+05   0.0000000E+00   0.0000000E+00
   2463   2.803800000000000E+05   1.7881038E-02   1.7881038E-02
   2464   2.804400000000000E+05   1.7736301E-02   1.7736301E-02
   2465   2.805000000000000E+05   0.0000000E+00   0.0000000E+00
   2466   2.805600000000000E+05   0.0000000E+00   0.0000000E+00
   2467   2.806200000000000E+05   1.7807201E-02   1.7807201E-02
   2468   2.806800000000000E+05   3.5697684E-02   2.5242073E-02
   2469   2.807400000000000E+05   1.7866848E-02   1.7866848E-02
   2470   2.808000000000000E+05   0.0000000E+00   0.0000000E+00
   2471   2.808600000000000E+05   3.5921052E-02   2.5400018E-02
   2472   2.809200000000000E+05   0.0000000E+00   0.0000000E+00
   2473   2.809800000000000E+05   0.0000000E+00   0.0000000E+00
   2474   2.810400000000000E+05   5.4157831E-02   3.1268038E-02
   2475   2.811000000000000E+05   0.0000000E+00   0.0000000E+00
   2476   2.811600000000000E+05   0.0000000E+00   0.0000000E+00
   2477   2.812200000000000E+05   0.0000000E+00   0.0000000E+00
   2478   2.812800000000000E+05   1.7868718E-02   1.7868718E-02
   2479   2.813400000000000E+05   0.0000000E+00   0.0000000E+00
   2480   2.814000000000000E+05   0.0000000E+00   0.0000000E+00
   2481   2.841600000000000E+05   0.0000000E+00   0.0000000E+00
   2482   2.842200000000000E+05   0.0000000E+00   0.0000000E+00
   2483   2.842800000000000E+05   0.0000000E+00   0.0000000E+00
   2484   2.843400000000000E+05   0.0000000E+00   0.0000000E+00
   2485   2.844000000000000E+05   1.7766656E-02   1.7766656E-02
   2486   2.844600000000000E+05   3.5652630E-02   2.5210215E-02
   2487   2.845200000000000E+05   0.0000000E+00   0.0000000E+00
   2488   2.845800000000000E+05   1.7767776E-02   1.7767776E-02
   2489   2.846400000000000E+05   1.7812373E-02   1.7812373E-02
   2490   2.847000000000000E+05   1.7757064E-02   1.7757064E-02
   2491   2.847600000000000E+05   1.7710734E-02   1.7710734E-02
   2492   2.848200000000000E+05   1.8127754E-02   1.8127754E-02
   2493   2.848800000000000E+05   1.7741142E-02   1.7741142E-02
   2494   2.849400000000000E+05   0.0000000E+00   0.0000000E+00
   2495   2.850000000000000E+05   0.0000000E+00   0.0000000E+00
   2496   2.850600000000000E+05   1.7764529E-02   1.7764529E-02
   2497   2.851200000000000E+05   5.3292010E-02   3.0768156E-02
   2498   2.851800000000000E+05   0.0000000E+00   0.0000000E+00
   2499   2.852400000000000E+05   3.5410155E-02   2.5038760E-02
   2500   2.853000000000000E+05   3.5510063E-02   2.5109407E-02
   2501   2.853600000000000E+05   0.0000000E+00   0.0000000E+00
   2502   2.854200000000000E+05   5.3055767E-02   3.0631760E-02
   2503   2.854800000000000E+05   1.7737586E-02   1.7737586E-02
   2504   2.855400000000000E+05   1.7696818E-02   1.7696818E-02
   2505   2.856000000000000E+05   1.7740963E-02   1.7740963E-02
   2506   2.856600000000000E+05   1.7736645E-02   1.7736645E-02
   2507   2.857200000000000E+05   3.5496067E-02   2.5099508E-02
   2508   2.857800000000000E+05   3.5565306E-02   2.5148468E-02
   2509   2.858400000000000E+05   1.7756401E-02   1.7756401E-02
   2510   2.859000000000000E+05   0.0000000E+00   0.0000000E+00
   2511   2.859600000000000E+05   1.7813710E-02   1.7813710E-02
   2512   2.860200000000000E+05   0.0000000E+00   0.0000000E+00
   2513   2.860800000000000E+05   1.7704455E-02   1.7704455E-02
   2514   2.861400000000000E+05   1.7742574E-02   1.7742574E-02
   2515   2.862000000000000E+05   0.0000000E+00   0.0000000E+00
   2516   2.862600000000000E+05   0.0000000E+00   0.0000000E+00
   2517   2.863200000000000E+05   0.0000000E+00   0.0000000E+00
   2518   2.863800000000000E+05   0.0000000E+00   0.0000000E+00
   2519   2.864400000000000E+05   1.7905345E-02   1.7905345E-02
   2520   2.865000000000000E+05   0.0000000E+00   0.0000000E+00
   2521   2.865600000000000E+05   1.7892227E-02   1.7892227E-02
   2522   2.866200000000000E+05   1.8011980E-02   1.8011980E-02
   2523   2.866800000000000E+05   1.8054303E-02   1.8054303E-02
   2524   2.867400000000000E+05   1.8006634E-02   1.8006634E-02
   2525   2.868000000000000E+05   3.6019549E-02   2.5469666E-02
   2526   2.868600000000000E+05   0.0000000E+00   0.0000000E+00
   2527   2.869200000000000E+05   0.0000000E+00   0.0000000E+00
   2528   2.869800000000000E+05   3.5940588E-02   2.5413834E-02
   2529   2.870400000000000E+05   7.1340129E-02   3.5670064E-02
   2530   2.871000000000000E+05   1.7818742E-02   1.7818742E-02
   2531   2.871600000000000E+05   3.5676751E-02   2.5227271E-02
   2532   2.872200000000000E+05   0.0000000E+00   0.0000000E+00
   2533   2.872800000000000E+05   3.5666041E-02   2.5219699E-02
   2534   2.873400000000000E+05   1.7777245E-02   1.7777245E-02
   2535   2.874000000000000E+05   0.0000000E+00   0.0000000E+00
   2536   2.874600000000000E+05   1.7859612E-02   1.7859612E-02
   2537   2.875200000000000E+05   5.6866769E-02   5.6866769E-02
   2538   2.899800000000000E+05   0.0000000E+00   0.0000000E+00
   2539   2.900400000000000E+05   0.0000000E+00   0.0000000E+00
   2540   2.901000000000000E+05   0.0000000E+00   0.0000000E+00
   2541   2.901600000000000E+05   0.0000000E+00   0.0000000E+00
   2542   2.902200000000000E+05   0.0000000E+00   0.0000000E+00
   2543   2.902800000000000E+05   0.0000000E+00   0.0000000E+00
   2544   2.903400000000000E+05   1.7778113E-02   1.7778113E-02
   2545   2.904000000000000E+05   1.7782168E-02   1.7782168E-02
   2546   2.904600000000000E+05   1.7803406E-02   1.7803406E-02
   2547   2.905200000000000E+05   0.0000000E+00   0.0000000E+00
   2548   2.905800000000000E+05   0.0000000E+00   0.0000000E+00
   2549   2.906400000000000E+05   1.7799597E-02   1.7799597E-02
   2550   2.907000000000000E+05   7.1009286E-02   3.5504643E-02
   2551   2.907600000000000E+05   1.7777542E-02   1.7777542E-02
   2552   2.908200000000000E+05   0.0000000E+00   0.0000000E+00
   2553   2.908800000000000E+05   1.7724173E-02   1.7724173E-02
   2554   2.909400000000000E+05   3.5522796E-02   2.5118409E-02
   2555   2.910000000000000E+05   1.7769577E-02   1.7769577E-02
   2556   2.910600000000000E+05   5.3256664E-02   3.0747749E-02
   2557   2.911200000000000E+05   0.0000000E+00   0.0000000E+00
   2558   2.911800000000000E+05   7.0904709E-02   3.5452355E-02
   2559   2.912400000000000E+05   3.5448086E-02   2.5065580E-02
   2560   2.913000000000000E+05   0.0000000E+00   0.0000000E+00
   2561   2.913600000000000E+05   7.0856579E-02   3.5428289E-02
   2562   2.914200000000000E+05   5.3152889E-02   3.0687833E-02
   2563   2.914800000000000E+05   3.5469044E-02   2.5080401E-02
   2564   2.915400000000000E+05   1.7719818E-02   1.7719818E-02
   2565   2.916000000000000E+05   0.0000000E+00   0.0000000E+00
   2566   2.916600000000000E+05   0.0000000E+00   0.0000000E+00
   2567   2.917200000000000E+05   3.5613015E-02   2.5182202E-02
   2568   2.917800000000000E+05   0.0000000E+00   0.0000000E+00
   2569   2.918400000000000E+05   0.0000000E+00   0.0000000E+00
   2570   2.919000000000000E+05   1.7818511E-02   1.7818511E-02
   2571   2.919600000000000E+05   0.0000000E+00   0.0000000E+00
   2572   2.920200000000000E+05   0.0000000E+00   0.0000000E+00
   2573   2.920800000000000E+05   0.0000000E+00   0.0000000E+00
   2574   2.921400000000000E+05   0.0000000E+00   0.0000000E+00
   2575   2.922000000000000E+05   1.7821012E-02   1.7821012E-02
   2576   2.922600000000000E+05   0.0000000E+00   0.0000000E+00
   2577   2.923200000000000E+05   3.5763193E-02   2.5288394E-02
   2578   2.923800000000000E+05   1.7939718E-02   1.7939718E-02
   2579   2.924400000000000E+05   3.5785649E-02   2.5304275E-02
   2580   2.925000000000000E+05   3.5892308E-02   2.5379691E-02
   2581   2.925600000000000E+05   3.5794381E-02   2.5310447E-02
   2582   2.926200000000000E+05   3.5704266E-02   2.5246726E-02
   2583   2.926800000000000E+05   0.0000000E+00   0.0000000E+00
   2584   2.927400000000000E+05   1.7931534E-02   1.7931534E-02
   2585   2.928000000000000E+05   1.7936949E-02   1.7936949E-02
   2586   2.928600000000000E+05   3.6033083E-02   2.5479237E-02
   2587   2.929200000000000E+05   0.0000000E+00   0.0000000E+00
   2588   2.929800000000000E+05   0.0000000E+00   0.0000000E+00
   2589   2.930400000000000E+05   1.7998783E-02   1.7998783E-02
   2590   2.931000000000000E+05   1.7905438E-02   1.7905438E-02
   2591   2.931600000000000E+05   0.0000000E+00   0.0000000E+00
   2592   2.932200000000000E+05   1.7781151E-02   1.7781151E-02
   2593   2.932800000000000E+05   0.0000000E+00   0.0000000E+00
   2594   2.958000000000000E+05   0.0000000E+00   0.0000000E+00
   2595   2.958600000000000E+05   2.4208073E-02   2.4208073E-02
   2596   2.959200000000000E+05   3.5752319E-02   2.5280705E-02
   2597   2.959800000000000E+05   1.7804436E-02   1.7804436E-02
   2598   2.960400000000000E+05   0.0000000E+00   0.0000000E+00
   2599   2.961000000000000E+05   1.7829053E-02   1.7829053E-02
   2600   2.961600000000000E+05   0.0000000E+00   0.0000000E+00
   2601   2.962200000000000E+05   1.7826736E-02   1.7826736E-02
   2602   2.962800000000000E+05   0.0000000E+00   0.0000000E+00
   2603   2.963400000000000E+05   0.0000000E+00   0.0000000E+00
   2604   2.964000000000000E+05   1.7962743E-02   1.7962743E-02
   2605   2.964600000000000E+05   0.0000000E+00   0.0000000E+00
   2606   2.965200000000000E+05   3.5560921E-02   2.5145367E-02
   2607   2.965800000000000E+05   1.7795051E-02   1.7795051E-02
   2608   2.966400000000000E+05   1.7780429E-02   1.7780429E-02
   2609   2.967000000000000E+05   0.0000000E+00   0.0000000E+00
   2610   2.967600000000000E+05   3.5570294E-02   2.5151994E-02
   2611   2.968200000000000E+05   0.0000000E+00   0.0000000E+00
   2612   2.968800000000000E+05   1.7778281E-02   1.7778281E-02
   2613   2.969400000000000E+05   1.7776811E-02   1.7776811E-02
   2614   2.970000000000000E+05   3.5517961E-02   2.5114989E-02
   2615   2.970600000000000E+05   0.0000000E+00   0.0000000E+00
   2616   2.971200000000000E+05   0.0000000E+00   0.0000000E+00
   2617   2.971800000000000E+05   0.0000000E+00   0.0000000E+00
   2618   2.972400000000000E+05   3.5477612E-02   2.5086459E-02
   2619   2.973000000000000E+05   0.0000000E+00   0.0000000E+00
   2620   2.973600000000000E+05   1.7750518E-02   1.7750518E-02
   2621   2.974200000000000E+05   1.7715596E-02   1.7715596E-02
   2622   2.974800000000000E+05   0.0000000E+00   0.0000000E+00
   2623   2.975400000000000E+05   0.0000000E+00   0.0000000E+00
   2624   2.976000000000000E+05   3.5548512E-02   2.5136594E-02
   2625   2.976600000000000E+05   0.0000000E+00   0.0000000E+00
   2626   2.977200000000000E+05   3.5397828E-02   2.5030043E-02
   2627   2.977800000000000E+05   1.8537629E-02   1.8537629E-02
   2628   2.978400000000000E+05   1.7777285E-02   1.7777285E-02
   2629   2.979000000000000E+05   0.0000000E+00   0.0000000E+00
   2630   2.979600000000000E+05   1.7873069E-02   1.7873069E-02
   2631   2.980200000000000E+05   1.7877555E-02   1.7877555E-02
   2632   2.980800000000000E+05   0.0000000E+00   0.0000000E+00
   2633   2.981400000000000E+05   1.7896581E-02   1.7896581E-02
   2634   2.982000000000000E+05   1.8008852E-02   1.8008852E-02
   2635   2.982600000000000E+05   3.5932075E-02   2.5407812E-02
   2636   2.983200000000000E+05   1.8065082E-02   1.8065082E-02
   2637   2.983800000000000E+05   1.7990543E-02   1.7990543E-02
   2638   2.984400000000000E+05   0.0000000E+00   0.0000000E+00
   2639   2.985000000000000E+05   0.0000000E+00   0.0000000E+00
   2640   2.985600000000000E+05   3.6217354E-02   2.5609538E-02
   2641   2.986200000000000E+05   0.0000000E+00   0.0000000E+00
   2642   2.986800000000000E+05   1.7939078E-02   1.7939078E-02
   2643   2.987400000000000E+05   0.0000000E+00   0.0000000E+00
   2644   2.988000000000000E+05   3.5738140E-02   2.5270682E-02
   2645   2.988600000000000E+05   1.7803811E-02   1.7803811E-02
   2646   2.989200000000000E+05   1.7771892E-02   1.7771892E-02
   2647   2.989800000000000E+05   3.5675559E-02   2.5226429E-02
   2648   2.990400000000000E+05   1.7854229E-02   1.7854229E-02
   2649   2.991000000000000E+05   0.0000000E+00   0.0000000E+00
   2650   3.015600000000000E+05   0.0000000E+00   0.0000000E+00
   2651   3.016200000000000E+05   3.5978172E-02   3.5978172E-02
   2652   3.016800000000000E+05   3.5949711E-02   2.5420282E-02
   2653   3.017400000000000E+05   3.5839107E-02   2.5342073E-02
   2654   3.018000000000000E+05   3.6454000E-02   2.5776869E-02
   2655   3.018600000000000E+05   0.0000000E+00   0.0000000E+00
   2656   3.019200000000000E+05   0.0000000E+00   0.0000000E+00
   2657   3.019800000000000E+05   3.6549576E-02   2.5844453E-02
   2658   3.020400000000000E+05   1.7868876E-02   1.7868876E-02
   2659   3.021000000000000E+05   3.5729408E-02   2.5264507E-02
   2660   3.021600000000000E+05   0.0000000E+00   0.0000000E+00
   2661   3.022200000000000E+05   0.0000000E+00   0.0000000E+00
   2662   3.022800000000000E+05   3.5811484E-02   2.5322542E-02
   2663   3.023400000000000E+05   0.0000000E+00   0.0000000E+00
   2664   3.024000000000000E+05   0.0000000E+00   0.0000000E+00
   2665   3.024600000000000E+05   3.5611730E-02   2.5181295E-02
   2666   3.025200000000000E+05   5.3364944E-02   3.0810263E-02
   2667   3.025800000000000E+05   1.7809547E-02   1.7809547E-02
   2668   3.026400000000000E+05   5.3369053E-02   3.0812636E-02
   2669   3.027000000000000E+05   0.0000000E+00   0.0000000E+00
   2670   3.027600000000000E+05   0.0000000E+00   0.0000000E+00
   2671   3.028200000000000E+05   0.0000000E+00   0.0000000E+00
   2672   3.028800000000000E+05   3.5554431E-02   2.5140779E-02
   2673   3.029400000000000E+05   3.5535105E-02   2.5127113E-02
   2674   3.030000000000000E+05   0.0000000E+00   0.0000000E+00
   2675   3.030600000000000E+05   0.0000000E+00   0.0000000E+00
   2676   3.031200000000000E+05   0.0000000E+00   0.0000000E+00
   2677   3.031800000000000E+05   0.0000000E+00   0.0000000E+00
   2678   3.032400000000000E+05   0.0000000E+00   0.0000000E+00
   2679   3.033000000000000E+05   1.7838502E-02   1.7838502E-02
   2680   3.033600000000000E+05   0.0000000E+00   0.0000000E+00
   2681   3.034200000000000E+05   3.5548560E-02   2.5136625E-02
   2682   3.034800000000000E+05   0.0000000E+00   0.0000000E+00
   2683   3.035400000000000E+05   0.0000000E+00   0.0000000E+00
   2684   3.036000000000000E+05   1.7749125E-02   1.7749125E-02
   2685   3.036600000000000E+05   1.7749783E-02   1.7749783E-02
   2686   3.037200000000000E+05   3.5650693E-02   2.5208846E-02
   2687   3.037800000000000E+05   0.0000000E+00   0.0000000E+00
   2688   3.038400000000000E+05   3.5613723E-02   2.5182705E-02
   2689   3.039000000000000E+05   0.0000000E+00   0.0000000E+00
   2690   3.039600000000000E+05   1.7996127E-02   1.7996127E-02
   2691   3.040200000000000E+05   5.3918108E-02   3.1129632E-02
   2692   3.040800000000000E+05   5.3732734E-02   3.1022606E-02
   2693   3.041400000000000E+05   1.8044123E-02   1.8044123E-02
   2694   3.042000000000000E+05   0.0000000E+00   0.0000000E+00
   2695   3.042600000000000E+05   5.4433875E-02   3.1427409E-02
   2696   3.043200000000000E+05   0.0000000E+00   0.0000000E+00
   2697   3.043800000000000E+05   1.8194880E-02   1.8194880E-02
   2698   3.044400000000000E+05   0.0000000E+00   0.0000000E+00
   2699   3.045000000000000E+05   0.0000000E+00   0.0000000E+00
   2700   3.045600000000000E+05   1.7935595E-02   1.7935595E-02
   2701   3.046200000000000E+05   0.0000000E+00   0.0000000E+00
   2702   3.046800000000000E+05   3.5690531E-02   2.5237016E-02
   2703   3.047400000000000E+05   0.0000000E+00   0.0000000E+00
   2704   3.048000000000000E+05   1.7840896E-02   1.7840896E-02
   2705   3.048600000000000E+05   0.0000000E+00   0.0000000E+00
   2706   3.049200000000000E+05   0.0000000E+00   0.0000000E+00
   2707   3.075600000000000E+05   3.0719972E-01   2.1722299E-01
   2708   3.076200000000000E+05   2.1848928E-02   2.1848928E-02
   2709   3.076800000000000E+05   1.9292329E-02   1.9292329E-02
   2710   3.077400000000000E+05   0.0000000E+00   0.0000000E+00
   2711   3.078000000000000E+05   0.0000000E+00   0.0000000E+00
   2712   3.078600000000000E+05   1.8100435E-02   1.8100435E-02
   2713   3.079200000000000E+05   1.7960763E-02   1.7960763E-02
   2714   3.079800000000000E+05   3.6015797E-02   2.5467014E-02
   2715   3.080400000000000E+05   0.0000000E+00   0.0000000E+00
   2716   3.081000000000000E+05   1.7879849E-02   1.7879849E-02
   2717   3.081600000000000E+05   3.6156721E-02   2.5566664E-02
   2718   3.082200000000000E+05   1.7830811E-02   1.7830811E-02
   2719   3.082800000000000E+05   1.7897066E-02   1.7897066E-02
   2720   3.083400000000000E+05   1.7821040E-02   1.7821040E-02
   2721   3.084000000000000E+05   0.0000000E+00   0.0000000E+00
   2722   3.084600000000000E+05   0.0000000E+00   0.0000000E+00
   2723   3.085200000000000E+05   0.0000000E+00   0.0000000E+00
   2724   3.085800000000000E+05   0.0000000E+00   0.0000000E+00
   2725   3.086400000000000E+05   1.7802930E-02   1.7802930E-02
   2726   3.087000000000000E+05   7.5287506E-02   3.7643753E-02
   2727   3.087600000000000E+05   0.0000000E+00   0.0000000E+00
   2728   3.088200000000000E+05   0.0000000E+00   0.0000000E+00
   2729   3.088800000000000E+05   0.0000000E+00   0.0000000E+00
   2730   3.089400000000000E+05   1.8385943E-02   1.8385943E-02
   2731   3.090000000000000E+05   0.0000000E+00   0.0000000E+00
   2732   3.090600000000000E+05   0.0000000E+00   0.0000000E+00
   2733   3.091200000000000E+05   0.0000000E+00   0.0000000E+00
   2734   3.091800000000000E+05   1.7963007E-02   1.7963007E-02
   2735   3.092400000000000E+05   3.5706520E-02   2.5248321E-02
   2736   3.093000000000000E+05   0.0000000E+00   0.0000000E+00
   2737   3.093600000000000E+05   1.7719520E-02   1.7719520E-02
   2738   3.094200000000000E+05   0.0000000E+00   0.0000000E+00
   2739   3.094800000000000E+05   0.0000000E+00   0.0000000E+00
   2740   3.095400000000000E+05   0.0000000E+00   0.0000000E+00
   2741   3.096000000000000E+05   0.0000000E+00   0.0000000E+00
   2742   3.096600000000000E+05   1.7828874E-02   1.7828874E-02
   2743   3.097200000000000E+05   1.7809745E-02   1.7809745E-02
   2744   3.097800000000000E+05   1.7813064E-02   1.7813064E-02
   2745   3.098400000000000E+05   0.0000000E+00   0.0000000E+00
   2746   3.099000000000000E+05   1.7811434E-02   1.7811434E-02
   2747   3.099600000000000E+05   1.8005274E-02   1.8005274E-02
   2748   3.100200000000000E+05   0.0000000E+00   0.0000000E+00
   2749   3.100800000000000E+05   1.8005451E-02   1.8005451E-02
   2750   3.101400000000000E+05   1.8010173E-02   1.8010173E-02
   2751   3.102000000000000E+05   0.0000000E+00   0.0000000E+00
   2752   3.102600000000000E+05   3.6162391E-02   2.5570670E-02
   2753   3.103200000000000E+05   1.8246457E-02   1.8246457E-02
   2754   3.103800000000000E+05   5.4112475E-02   3.1241851E-02
   2755   3.104400000000000E+05   3.6856983E-02   2.6061822E-02
   2756   3.105000000000000E+05   1.8127562E-02   1.8127562E-02
   2757   3.105600000000000E+05   0.0000000E+00   0.0000000E+00
   2758   3.106200000000000E+05   1.7914992E-02   1.7914992E-02
   2759   3.106800000000000E+05   3.5696141E-02   2.5240982E-02
   2760   3.107400000000000E+05   0.0000000E+00   0.0000000E+00
   2761   3.137400000000000E+05   4.4349708E-02   4.4349708E-02
   2762   3.138000000000000E+05   2.1469660E-02   2.1469660E-02
   2763   3.138600000000000E+05   1.8969627E-02   1.8969627E-02
   2764   3.139200000000000E+05   0.0000000E+00   0.0000000E+00
   2765   3.139800000000000E+05   1.8096596E-02   1.8096596E-02
   2766   3.140400000000000E+05   1.7877227E-02   1.7877227E-02
   2767   3.141000000000000E+05   0.0000000E+00   0.0000000E+00
   2768   3.141600000000000E+05   0.0000000E+00   0.0000000E+00
   2769   3.142200000000000E+05   0.0000000E+00   0.0000000E+00
   2770   3.142800000000000E+05   0.0000000E+00   0.0000000E+00
   2771   3.143400000000000E+05   3.5753783E-02   2.5281742E-02
   2772   3.144000000000000E+05   3.5679083E-02   2.5228921E-02
   2773   3.144600000000000E+05   0.0000000E+00   0.0000000E+00
   2774   3.145200000000000E+05   0.0000000E+00   0.0000000E+00
   2775   3.145800000000000E+05   1.7796716E-02   1.7796716E-02
   2776   3.146400000000000E+05   1.8243747E-02   1.8243747E-02
   2777   3.147000000000000E+05   5.3258680E-02   3.0748913E-02
   2778   3.147600000000000E+05   1.9418152E-02   1.9418152E-02
   2779   3.148200000000000E+05   1.7785031E-02   1.7785031E-02
   2780   3.148800000000000E+05   1.8020621E-02   1.8020621E-02
   2781   3.149400000000000E+05   1.7752802E-02   1.7752802E-02
   2782   3.150000000000000E+05   0.0000000E+00   0.0000000E+00
   2783   3.150600000000000E+05   0.0000000E+00   0.0000000E+00
   2784   3.151200000000000E+05   0.0000000E+00   0.0000000E+00
   2785   3.151800000000000E+05   1.8107699E-02   1.8107699E-02
   2786   3.152400000000000E+05   3.5684273E-02   2.5232591E-02
   2787   3.153000000000000E+05   0.0000000E+00   0.0000000E+00
   2788   3.153600000000000E+05   0.0000000E+00   0.0000000E+00
   2789   3.154200000000000E+05   3.5739165E-02   2.5271405E-02
   2790   3.154800000000000E+05   1.8014284E-02   1.8014284E-02
   2791   3.155400000000000E+05   1.8015416E-02   1.8015416E-02
   2792   3.156000000000000E+05   1.8004702E-02   1.8004702E-02
   2793   3.156600000000000E+05   0.0000000E+00   0.0000000E+00
   2794   3.157200000000000E+05   1.7953943E-02   1.7953943E-02
   2795   3.157800000000000E+05   1.8018220E-02   1.8018220E-02
   2796   3.158400000000000E+05   0.0000000E+00   0.0000000E+00
   2797   3.159000000000000E+05   3.6305539E-02   2.5671894E-02
   2798   3.159600000000000E+05   5.5177927E-02   3.1856991E-02
   2799   3.160200000000000E+05   0.0000000E+00   0.0000000E+00
   2800   3.160800000000000E+05   1.8062741E-02   1.8062741E-02
   2801   3.161400000000000E+05   1.8001163E-02   1.8001163E-02
   2802   3.162000000000000E+05   0.0000000E+00   0.0000000E+00
   2803   3.162600000000000E+05   3.5546221E-02   2.5134973E-02
   2804   3.163200000000000E+05   0.0000000E+00   0.0000000E+00
   2805   3.163800000000000E+05   0.0000000E+00   0.0000000E+00
   2806   3.164400000000000E+05   0.0000000E+00   0.0000000E+00
   2807   3.165000000000000E+05   0.0000000E+00   0.0000000E+00
   2808   3.190200000000000E+05   0.0000000E+00   0.0000000E+00
   2809   3.190800000000000E+05   0.0000000E+00   0.0000000E+00
   2810   3.198600000000000E+05   0.0000000E+00   0.0000000E+00
   2811   3.199200000000000E+05   2.1122757E-02   2.1122757E-02
   2812   3.199800000000000E+05   3.9335631E-02   2.7814491E-02
   2813   3.200400000000000E+05   1.9155404E-02   1.9155404E-02
   2814   3.201000000000000E+05   0.0000000E+00   0.0000000E+00
   2815   3.201600000000000E+05   1.7857581E-02   1.7857581E-02
   2816   3.202200000000000E+05   1.7841039E-02   1.7841039E-02
   2817   3.202800000000000E+05   0.0000000E+00   0.0000000E+00
   2818   3.203400000000000E+05   0.0000000E+00   0.0000000E+00
   2819   3.204000000000000E+05   3.6433201E-02   2.5762163E-02
   2820   3.204600000000000E+05   3.8627300E-02   2.7313625E-02
   2821   3.205200000000000E+05   1.7748864E-02   1.7748864E-02
   2822   3.205800000000000E+05   3.5783321E-02   2.5302626E-02
   2823   3.206400000000000E+05   1.7847929E-02   1.7847929E-02
   2824   3.207000000000000E+05   3.6479261E-02   2.5794731E-02
   2825   3.207600000000000E+05   1.7787013E-02   1.7787013E-02
   2826   3.208200000000000E+05   0.0000000E+00   0.0000000E+00
   2827   3.208800000000000E+05   1.7798299E-02   1.7798299E-02
   2828   3.209400000000000E+05   1.7827861E-02   1.7827861E-02
   2829   3.210000000000000E+05   0.0000000E+00   0.0000000E+00
   2830   3.210600000000000E+05   0.0000000E+00   0.0000000E+00
   2831   3.211200000000000E+05   3.5664462E-02   2.5218582E-02
   2832   3.211800000000000E+05   3.5826299E-02   2.5333017E-02
   2833   3.212400000000000E+05   1.7862802E-02   1.7862802E-02
   2834   3.213000000000000E+05   7.1977086E-02   3.5988543E-02
   2835   3.213600000000000E+05   3.6053859E-02   2.5493927E-02
   2836   3.214200000000000E+05   5.4184631E-02   3.1283509E-02
   2837   3.214800000000000E+05   3.5802580E-02   2.5316248E-02
   2838   3.215400000000000E+05   0.0000000E+00   0.0000000E+00
   2839   3.216000000000000E+05   0.0000000E+00   0.0000000E+00
   2840   3.216600000000000E+05   0.0000000E+00   0.0000000E+00
   2841   3.217200000000000E+05   1.8122330E-02   1.8122330E-02
   2842   3.217800000000000E+05   1.8121421E-02   1.8121421E-02
   2843   3.218400000000000E+05   0.0000000E+00   0.0000000E+00
   2844   3.219000000000000E+05   1.7901190E-02   1.7901190E-02
   2845   3.219600000000000E+05   0.0000000E+00   0.0000000E+00
   2846   3.220200000000000E+05   0.0000000E+00   0.0000000E+00
   2847   3.220800000000000E+05   0.0000000E+00   0.0000000E+00
   2848   3.221400000000000E+05   0.0000000E+00   0.0000000E+00
   2849   3.222000000000000E+05   1.7701296E-02   1.7701296E-02
   2850   3.222600000000000E+05   1.7840961E-02   1.7840961E-02
   2851   3.223200000000000E+05   0.0000000E+00   0.0000000E+00
   2852   3.247800000000000E+05   0.0000000E+00   0.0000000E+00
   2853   3.248400000000000E+05   0.0000000E+00   0.0000000E+00
   2854   3.249000000000000E+05   0.0000000E+00   0.0000000E+00
   2855   3.249600000000000E+05   1.9041536E-02   1.9041536E-02
   2856   3.250200000000000E+05   4.0360350E-02   2.8539076E-02
   2857   3.250800000000000E+05   1.9041421E-02   1.9041421E-02
   2858   3.251400000000000E+05   0.0000000E+00   0.0000000E+00
   2859   3.255600000000000E+05   0.0000000E+00   0.0000000E+00
   2860   3.256200000000000E+05   2.0536207E-02   2.0536207E-02
   2861   3.256800000000000E+05   6.1588723E-02   3.5558265E-02
   2862   3.257400000000000E+05   3.7195567E-02   2.6301237E-02
   2863   3.258000000000000E+05   1.9153958E-02   1.9153958E-02
   2864   3.258600000000000E+05   1.9432243E-02   1.9432243E-02
   2865   3.259200000000000E+05   0.0000000E+00   0.0000000E+00
   2866   3.259800000000000E+05   0.0000000E+00   0.0000000E+00
   2867   3.260400000000000E+05   5.9760787E-02   3.4502905E-02
   2868   3.261000000000000E+05   0.0000000E+00   0.0000000E+00
   2869   3.261600000000000E+05   0.0000000E+00   0.0000000E+00
   2870   3.262200000000000E+05   0.0000000E+00   0.0000000E+00
   2871   3.262800000000000E+05   0.0000000E+00   0.0000000E+00
   2872   3.263400000000000E+05   2.0704504E-02   2.0704504E-02
   2873   3.264000000000000E+05   1.7823998E-02   1.7823998E-02
   2874   3.264600000000000E+05   0.0000000E+00   0.0000000E+00
   2875   3.265200000000000E+05   0.0000000E+00   0.0000000E+00
   2876   3.265800000000000E+05   1.7732250E-02   1.7732250E-02
   2877   3.266400000000000E+05   0.0000000E+00   0.0000000E+00
   2878   3.267000000000000E+05   1.7783355E-02   1.7783355E-02
   2879   3.267600000000000E+05   0.0000000E+00   0.0000000E+00
   2880   3.268200000000000E+05   0.0000000E+00   0.0000000E+00
   2881   3.268800000000000E+05   1.7809046E-02   1.7809046E-02
   2882   3.269400000000000E+05   0.0000000E+00   0.0000000E+00
   2883   3.270000000000000E+05   0.0000000E+00   0.0000000E+00
   2884   3.270600000000000E+05   0.0000000E+00   0.0000000E+00
   2885   3.271200000000000E+05   0.0000000E+00   0.0000000E+00
   2886   3.271800000000000E+05   0.0000000E+00   0.0000000E+00
   2887   3.272400000000000E+05   3.5775624E-02   2.5297185E-02
   2888   3.273000000000000E+05   0.0000000E+00   0.0000000E+00
   2889   3.273600000000000E+05   1.8677467E-02   1.8677467E-02
   2890   3.274200000000000E+05   1.7970525E-02   1.7970525E-02
   2891   3.274800000000000E+05   1.8111214E-02   1.8111214E-02
   2892   3.275400000000000E+05   1.8014835E-02   1.8014835E-02
   2893   3.276000000000000E+05   1.7943885E-02   1.7943885E-02
   2894   3.276600000000000E+05   0.0000000E+00   0.0000000E+00
   2895   3.277200000000000E+05   5.4227412E-02   3.1308208E-02
   2896   3.277800000000000E+05   1.8052291E-02   1.8052291E-02
   2897   3.278400000000000E+05   1.8047595E-02   1.8047595E-02
   2898   3.279000000000000E+05   0.0000000E+00   0.0000000E+00
   2899   3.279600000000000E+05   1.7942673E-02   1.7942673E-02
   2900   3.280200000000000E+05   4.1802585E-02   2.9558890E-02
   2901   3.280800000000000E+05   5.4733887E-02   3.8702700E-02
   2902   3.281400000000000E+05   0.0000000E+00   0.0000000E+00
   2903   3.306000000000000E+05   6.3675240E-02   6.3675240E-02
   2904   3.306600000000000E+05   2.0146232E-02   2.0146232E-02
   2905   3.307200000000000E+05   0.0000000E+00   0.0000000E+00
   2906   3.307800000000000E+05   0.0000000E+00   0.0000000E+00
   2907   3.308400000000000E+05   4.0346246E-02   2.8529104E-02
   2908   3.309000000000000E+05   0.0000000E+00   0.0000000E+00
   2909   3.309600000000000E+05   0.0000000E+00   0.0000000E+00
   2910   3.310200000000000E+05   0.0000000E+00   0.0000000E+00
   2911   3.310800000000000E+05   2.0514682E-02   2.0514682E-02
   2912   3.311400000000000E+05   5.7064243E-02   3.2946054E-02
   2913   3.312000000000000E+05   4.0488817E-02   4.0488817E-02
   2914   3.316200000000000E+05   0.0000000E+00   0.0000000E+00
   2915   3.316800000000000E+05   0.0000000E+00   0.0000000E+00
   2916   3.317400000000000E+05   0.0000000E+00   0.0000000E+00
   2917   3.318000000000000E+05   3.7107449E-02   2.6238928E-02
   2918   3.318600000000000E+05   1.8343069E-02   1.8343069E-02
   2919   3.319200000000000E+05   0.0000000E+00   0.0000000E+00
   2920   3.319800000000000E+05   0.0000000E+00   0.0000000E+00
   2921   3.320400000000000E+05   1.7854054E-02   1.7854054E-02
   2922   3.321000000000000E+05   1.8733129E-02   1.8733129E-02
   2923   3.321600000000000E+05   0.0000000E+00   0.0000000E+00
   2924   3.322200000000000E+05   1.9015914E-02   1.9015914E-02
   2925   3.322800000000000E+05   0.0000000E+00   0.0000000E+00
   2926   3.323400000000000E+05   1.8021252E-02   1.8021252E-02
   2927   3.324000000000000E+05   3.5949755E-02   2.5420316E-02
   2928   3.324600000000000E+05   1.8291254E-02   1.8291254E-02
   2929   3.325200000000000E+05   1.7877905E-02   1.7877905E-02
   2930   3.325800000000000E+05   5.3780347E-02   3.1050095E-02
   2931   3.326400000000000E+05   1.7916694E-02   1.7916694E-02
   2932   3.327000000000000E+05   3.5648685E-02   2.5207425E-02
   2933   3.327600000000000E+05   0.0000000E+00   0.0000000E+00
   2934   3.328200000000000E+05   3.5685487E-02   2.5233449E-02
   2935   3.328800000000000E+05   0.0000000E+00   0.0000000E+00
   2936   3.329400000000000E+05   1.8015016E-02   1.8015016E-02
   2937   3.330000000000000E+05   3.6089685E-02   2.5519259E-02
   2938   3.330600000000000E+05   3.6044210E-02   2.5487106E-02
   2939   3.331200000000000E+05   1.8485507E-02   1.8485507E-02
   2940   3.331800000000000E+05   1.8155972E-02   1.8155972E-02
   2941   3.332400000000000E+05   1.8037738E-02   1.8037738E-02
   2942   3.333000000000000E+05   1.8244376E-02   1.8244376E-02
   2943   3.333600000000000E+05   1.8136216E-02   1.8136216E-02
   2944   3.334200000000000E+05   0.0000000E+00   0.0000000E+00
   2945   3.334800000000000E+05   1.7880498E-02   1.7880498E-02
   2946   3.335400000000000E+05   0.0000000E+00   0.0000000E+00
   2947   3.336000000000000E+05   0.0000000E+00   0.0000000E+00
   2948   3.336600000000000E+05   1.7813969E-02   1.7813969E-02
   2949   3.337200000000000E+05   1.7769748E-02   1.7769748E-02
   2950   3.337800000000000E+05   3.5488080E-02   2.5093863E-02
   2951   3.338400000000000E+05   1.7771304E-02   1.7771304E-02
   2952   3.339000000000000E+05   0.0000000E+00   0.0000000E+00
   2953   3.364200000000000E+05   0.0000000E+00   0.0000000E+00
   2954   3.364800000000000E+05   1.7942157E-02   1.7942157E-02
   2955   3.365400000000000E+05   0.0000000E+00   0.0000000E+00
   2956   3.366000000000000E+05   0.0000000E+00   0.0000000E+00
   2957   3.366600000000000E+05   2.3808848E-02   2.3808848E-02
   2958   3.367200000000000E+05   1.9261017E-02   1.9261017E-02
   2959   3.367800000000000E+05   1.9070115E-02   1.9070115E-02
   2960   3.368400000000000E+05   0.0000000E+00   0.0000000E+00
   2961   3.369000000000000E+05   0.0000000E+00   0.0000000E+00
   2962   3.369600000000000E+05   1.9806469E-02   1.9806469E-02
   2963   3.370200000000000E+05   0.0000000E+00   0.0000000E+00
   2964   3.370800000000000E+05   3.6936402E-02   2.6117980E-02
   2965   3.371400000000000E+05   5.8617197E-02   3.3842653E-02
   2966   3.372000000000000E+05   1.9296471E-02   1.9296471E-02
   2967   3.372600000000000E+05   1.7878257E-02   1.7878257E-02
   2968   3.373200000000000E+05   0.0000000E+00   0.0000000E+00
   2969   3.373800000000000E+05   0.0000000E+00   0.0000000E+00
   2970   3.374400000000000E+05   0.0000000E+00   0.0000000E+00
   2971   3.375000000000000E+05   2.0270670E-02   2.0270670E-02
   2972   3.375600000000000E+05   0.0000000E+00   0.0000000E+00
   2973   3.377400000000000E+05   0.0000000E+00   0.0000000E+00
   2974   3.378000000000000E+05   0.0000000E+00   0.0000000E+00
   2975   3.378600000000000E+05   0.0000000E+00   0.0000000E+00
   2976   3.379200000000000E+05   1.8210521E-02   1.8210521E-02
   2977   3.379800000000000E+05   1.7809216E-02   1.7809216E-02
   2978   3.380400000000000E+05   3.5853785E-02   2.5352454E-02
   2979   3.381000000000000E+05   0.0000000E+00   0.0000000E+00
   2980   3.381600000000000E+05   5.3320993E-02   3.0784888E-02
   2981   3.382200000000000E+05   0.0000000E+00   0.0000000E+00
   2982   3.382800000000000E+05   1.8512653E-02   1.8512653E-02
   2983   3.383400000000000E+05   0.0000000E+00   0.0000000E+00
   2984   3.384000000000000E+05   1.7898673E-02   1.7898673E-02
   2985   3.384600000000000E+05   1.8272175E-02   1.8272175E-02
   2986   3.385200000000000E+05   2.0168992E-02   2.0168992E-02
   2987   3.385800000000000E+05   3.6111504E-02   2.5534689E-02
   2988   3.386400000000000E+05   1.8066036E-02   1.8066036E-02
   2989   3.387000000000000E+05   1.8040542E-02   1.8040542E-02
   2990   3.387600000000000E+05   1.8217176E-02   1.8217176E-02
   2991   3.388200000000000E+05   0.0000000E+00   0.0000000E+00
   2992   3.388800000000000E+05   0.0000000E+00   0.0000000E+00
   2993   3.389400000000000E+05   1.8046530E-02   1.8046530E-02
   2994   3.390000000000000E+05   0.0000000E+00   0.0000000E+00
   2995   3.390600000000000E+05   0.0000000E+00   0.0000000E+00
   2996   3.391200000000000E+05   3.6396038E-02   2.5735885E-02
   2997   3.391800000000000E+05   0.0000000E+00   0.0000000E+00
   2998   3.392400000000000E+05   1.7940609E-02   1.7940609E-02
   2999   3.393000000000000E+05   3.5753876E-02   2.5281807E-02
   3000   3.393600000000000E+05   0.0000000E+00   0.0000000E+00
   3001   3.394200000000000E+05   3.5684425E-02   2.5232699E-02
   3002   3.394800000000000E+05   0.0000000E+00   0.0000000E+00
   3003   3.395400000000000E+05   7.1096562E-02   3.5548281E-02
   3004   3.396000000000000E+05   1.7796770E-02   1.7796770E-02
   3005   3.396600000000000E+05   1.9182302E-02   1.9182302E-02
   3006   3.397200000000000E+05   0.0000000E+00   0.0000000E+00
   3007   3.421800000000000E+05   0.0000000E+00   0.0000000E+00
   3008   3.422400000000000E+05   2.0345874E-02   2.0345874E-02
   3009   3.423000000000000E+05   0.0000000E+00   0.0000000E+00
   3010   3.423600000000000E+05   3.7679177E-02   2.6643202E-02
   3011   3.424200000000000E+05   6.2516101E-02   3.6093686E-02
   3012   3.424800000000000E+05   0.0000000E+00   0.0000000E+00
   3013   3.425400000000000E+05   2.0617845E-02   2.0617845E-02
   3014   3.426000000000000E+05   0.0000000E+00   0.0000000E+00
   3015   3.426600000000000E+05   2.0424297E-02   2.0424297E-02
   3016   3.427200000000000E+05   3.9527372E-02   2.7950071E-02
   3017   3.427800000000000E+05   3.5948496E-02   2.5419423E-02
   3018   3.428400000000000E+05   0.0000000E+00   0.0000000E+00
   3019   3.429000000000000E+05   7.1943074E-02   3.5971537E-02
   3020   3.429600000000000E+05   2.0050516E-02   2.0050516E-02
   3021   3.430200000000000E+05   5.8036763E-02   3.3507537E-02
   3022   3.430800000000000E+05   0.0000000E+00   0.0000000E+00
   3023   3.431400000000000E+05   0.0000000E+00   0.0000000E+00
   3024   3.432000000000000E+05   1.8613055E-02   1.8613055E-02
   3025   3.432600000000000E+05   0.0000000E+00   0.0000000E+00
   3026   3.433200000000000E+05   1.9949585E-02   1.9949585E-02
   3027   3.433800000000000E+05   1.8665556E-02   1.8665556E-02
   3028   3.434400000000000E+05   1.9267041E-02   1.9267041E-02
   3029   3.435000000000000E+05   3.9813049E-02   2.8152077E-02
   3030   3.435600000000000E+05   1.7897079E-02   1.7897079E-02
   3031   3.436200000000000E+05   1.7900940E-02   1.7900940E-02
   3032   3.436800000000000E+05   0.0000000E+00   0.0000000E+00
   3033   3.437400000000000E+05   0.0000000E+00   0.0000000E+00
   3034   3.438000000000000E+05   0.0000000E+00   0.0000000E+00
   3035   3.438600000000000E+05   0.0000000E+00   0.0000000E+00
   3036   3.439200000000000E+05   3.5810597E-02   2.5321916E-02
   3037   3.439800000000000E+05   1.7753566E-02   1.7753566E-02
   3038   3.440400000000000E+05   0.0000000E+00   0.0000000E+00
   3039   3.441000000000000E+05   1.7832741E-02   1.7832741E-02
   3040   3.441600000000000E+05   0.0000000E+00   0.0000000E+00
   3041   3.442200000000000E+05   1.7790565E-02   1.7790565E-02
   3042   3.442800000000000E+05   1.7801959E-02   1.7801959E-02
   3043   3.443400000000000E+05   0.0000000E+00   0.0000000E+00
   3044   3.444000000000000E+05   1.7825074E-02   1.7825074E-02
   3045   3.444600000000000E+05   1.7915478E-02   1.7915478E-02
   3046   3.445200000000000E+05   5.3869836E-02   3.1101765E-02
   3047   3.445800000000000E+05   3.6165882E-02   2.5573140E-02
   3048   3.446400000000000E+05   0.0000000E+00   0.0000000E+00
   3049   3.447000000000000E+05   0.0000000E+00   0.0000000E+00
   3050   3.447600000000000E+05   0.0000000E+00   0.0000000E+00
   3051   3.448200000000000E+05   0.0000000E+00   0.0000000E+00
   3052   3.448800000000000E+05   1.8634031E-02   1.8634031E-02
   3053   3.449400000000000E+05   3.6794391E-02   2.6017562E-02
   3054   3.450000000000000E+05   0.0000000E+00   0.0000000E+00
   3055   3.450600000000000E+05   0.0000000E+00   0.0000000E+00
   3056   3.451200000000000E+05   0.0000000E+00   0.0000000E+00
   3057   3.451800000000000E+05   0.0000000E+00   0.0000000E+00
   3058   3.452400000000000E+05   0.0000000E+00   0.0000000E+00
   3059   3.453000000000000E+05   3.5544429E-02   2.5133707E-02
   3060   3.453600000000000E+05   0.0000000E+00   0.0000000E+00
   3061   3.454200000000000E+05   1.7798396E-02   1.7798396E-02
   3062   3.454800000000000E+05   0.0000000E+00   0.0000000E+00
   3063   3.455400000000000E+05   0.0000000E+00   0.0000000E+00
